base_code,utility_name,dead_end_family_id,dead_end_label,dead_end_name,dead_end_last_startdate,dead_end_sector,dead_end_servicetype,candidate_family_id,candidate_label,candidate_name,candidate_startdate,candidate_sector,candidate_servicetype,date_gap_years,sector_match,servicetype_match,match_strength,confirmed,notes
GS-3,Southern California Edison Co,539f6a0bec4f024411ec8b47,539f6a0bec4f024411ec8b47,"Time-of-use - General Service - Demand Metered: TOU-GS-3, Option R (2kV to 50kV)",2014-01-01 08:00:00+00:00,Commercial,,557086ae5457a3f449db22a6,557086ae5457a3f449db22a6,"Time-of-use - General Service - Demand Metered: TOU-GS-3, Option A; REPEAT Rate",2015-06-01 06:00:00+00:00,Commercial,,1.41,True,True,strong,,
GS-3,Southern California Edison Co,539f6a0bec4f024411ec8b47,539f6a0bec4f024411ec8b47,"Time-of-use - General Service - Demand Metered: TOU-GS-3, Option R (2kV to 50kV)",2014-01-01 08:00:00+00:00,Commercial,,55709cef5457a3b71fdb22a2,55709cef5457a3b71fdb22a2,"Time-of-use - General Service - Demand Metered: TOU-GS-3, Option R",2015-06-01 07:00:00+00:00,Commercial,,1.41,True,True,strong,,
GS-3,Southern California Edison Co,539f6a0bec4f024411ec8b47,539f6a0bec4f024411ec8b47,"Time-of-use - General Service - Demand Metered: TOU-GS-3, Option R (2kV to 50kV)",2014-01-01 08:00:00+00:00,Commercial,,5570a0385457a33467db22a3,5570a0385457a33467db22a3,Time-Of-Use - General Service - Demand Metered: TOU-GS-3 Option CPP,2015-06-01 07:00:00+00:00,Commercial,,1.41,True,True,strong,,
GS-3,Southern California Edison Co,539f6a0bec4f024411ec8b47,539f6a0bec4f024411ec8b47,"Time-of-use - General Service - Demand Metered: TOU-GS-3, Option R (2kV to 50kV)",2014-01-01 08:00:00+00:00,Commercial,,5570b8575457a37a19db22a6,5570b8575457a37a19db22a6,Time-of-use - General Service - Demand Metered-Super Off Peak: TOU-GS-3-SOP,2015-06-01 07:00:00+00:00,Commercial,,1.41,True,True,strong,,
GS-3,Southern California Edison Co,539f6a0bec4f024411ec8b47,539f6a0bec4f024411ec8b47,"Time-of-use - General Service - Demand Metered: TOU-GS-3, Option R (2kV to 50kV)",2014-01-01 08:00:00+00:00,Commercial,,55708b045457a33467db22a2,55708b045457a33467db22a2,"Time-of-use - General Service - Demand Metered: TOU-GS-3, Option B",2016-01-01 08:00:00+00:00,Commercial,,2.0,True,True,strong,,
GS-3,Southern California Edison Co,539f6a0bec4f024411ec8b47,539f6a0bec4f024411ec8b47,"Time-of-use - General Service - Demand Metered: TOU-GS-3, Option R (2kV to 50kV)",2014-01-01 08:00:00+00:00,Commercial,,586e87cc5457a3bc711c9606,586e87cc5457a3bc711c9606,"Time-of-use - General Service - Demand Metered: TOU-GS-3, Option R (50kV-220kV)",2017-01-01 07:00:00+00:00,Commercial,,3.0,True,True,strong,,
GS-3,Southern California Edison Co,539f6a0bec4f024411ec8b47,539f6a0bec4f024411ec8b47,"Time-of-use - General Service - Demand Metered: TOU-GS-3, Option R (2kV to 50kV)",2014-01-01 08:00:00+00:00,Commercial,,586e86b95457a3d3711c9605,586e86b95457a3d3711c9605,"Time-of-use - General Service - Demand Metered: TOU-GS-3, Option R (2kV to 50kV)",2017-01-01 07:00:00+00:00,Commercial,,3.0,True,True,strong,,
GS-3,Southern California Edison Co,539f6a0bec4f024411ec8b47,539f6a0bec4f024411ec8b47,"Time-of-use - General Service - Demand Metered: TOU-GS-3, Option R (2kV to 50kV)",2014-01-01 08:00:00+00:00,Commercial,,586e819e5457a37c711c9605,586e819e5457a37c711c9605,"Time-of-use - General Service - Demand Metered: TOU-GS-3, Option B (2kV-50kV)",2017-01-01 07:00:00+00:00,Commercial,,3.0,True,True,strong,,
GS-3,Southern California Edison Co,539f6a0bec4f024411ec8b47,539f6a0bec4f024411ec8b47,"Time-of-use - General Service - Demand Metered: TOU-GS-3, Option R (2kV to 50kV)",2014-01-01 08:00:00+00:00,Commercial,,586e82f95457a3c1711c9605,586e82f95457a3c1711c9605,"Time-of-use - General Service - Demand Metered: TOU-GS-3, Option B (50kV to 220kV)",2017-01-01 07:00:00+00:00,Commercial,,3.0,True,True,strong,,
GS-3,Southern California Edison Co,539f6a0bec4f024411ec8b47,539f6a0bec4f024411ec8b47,"Time-of-use - General Service - Demand Metered: TOU-GS-3, Option R (2kV to 50kV)",2014-01-01 08:00:00+00:00,Commercial,,586e7f305457a3dd711c9605,586e7f305457a3dd711c9605,"Time-of-use - General Service - Demand Metered: TOU-GS-3, Option A (at 220kV)",2017-01-01 07:00:00+00:00,Commercial,,3.0,True,True,strong,,
GS-3,Southern California Edison Co,539f6a0bec4f024411ec8b47,539f6a0bec4f024411ec8b47,"Time-of-use - General Service - Demand Metered: TOU-GS-3, Option R (2kV to 50kV)",2014-01-01 08:00:00+00:00,Commercial,,586e7f055457a3bc711c9605,586e7f055457a3bc711c9605,"Time-of-use - General Service - Demand Metered: TOU-GS-3, Option A (50kV to 220kV)",2017-01-01 07:00:00+00:00,Commercial,,3.0,True,True,strong,,
GS-3,Southern California Edison Co,539f6a0bec4f024411ec8b47,539f6a0bec4f024411ec8b47,"Time-of-use - General Service - Demand Metered: TOU-GS-3, Option R (2kV to 50kV)",2014-01-01 08:00:00+00:00,Commercial,,586e7ee45457a3c6711c9605,586e7ee45457a3c6711c9605,"Time-of-use - General Service - Demand Metered: TOU-GS-3, Option A (2kV to 50kV)",2017-01-01 07:00:00+00:00,Commercial,,3.0,True,True,strong,,
GS-3,Southern California Edison Co,539f6a0bec4f024411ec8b47,539f6a0bec4f024411ec8b47,"Time-of-use - General Service - Demand Metered: TOU-GS-3, Option R (2kV to 50kV)",2014-01-01 08:00:00+00:00,Commercial,,59c05e4b5457a37206bbb281,59c05e4b5457a37206bbb281,"TOU-GS-3, Option D",2017-12-01 08:00:00+00:00,Commercial,,3.92,True,True,strong,,
GS-3,Southern California Edison Co,539f6a0bec4f024411ec8b47,539f6a0bec4f024411ec8b47,"Time-of-use - General Service - Demand Metered: TOU-GS-3, Option R (2kV to 50kV)",2014-01-01 08:00:00+00:00,Commercial,,59c05f655457a3814ebbb27c,59c05f655457a3814ebbb27c,"TOU-GS-3, Option E",2017-12-01 08:00:00+00:00,Commercial,,3.92,True,True,strong,,
GS-3,Southern California Edison Co,539f6a0bec4f024411ec8b47,539f6a0bec4f024411ec8b47,"Time-of-use - General Service - Demand Metered: TOU-GS-3, Option R (2kV to 50kV)",2014-01-01 08:00:00+00:00,Commercial,,586e81155457a31a7a1c9605,586e81155457a31a7a1c9605,"Time of Use, General Service, Demand Metered, Option B: GS-3 TOU B (Under 2kV)",2017-01-01 07:00:00+00:00,Commercial,Bundled,3.0,True,False,weak,,
GS-3,Southern California Edison Co,539f6a0bec4f024411ec8b47,539f6a0bec4f024411ec8b47,"Time-of-use - General Service - Demand Metered: TOU-GS-3, Option R (2kV to 50kV)",2014-01-01 08:00:00+00:00,Commercial,,5b5f2c815457a39779409a7d,5b5f2c815457a39779409a7d,Time-of-use - General Service - Super Off Peak - Demand Metered: TOU-GS-3-SOP (under 2 kv),2017-01-01 08:00:00+00:00,Commercial,Bundled,3.0,True,False,weak,,
GS-3,Southern California Edison Co,539f6a0bec4f024411ec8b47,539f6a0bec4f024411ec8b47,"Time-of-use - General Service - Demand Metered: TOU-GS-3, Option R (2kV to 50kV)",2014-01-01 08:00:00+00:00,Commercial,,5b5ef3155457a39879409a7b,5b5ef3155457a39879409a7b,"Time-of-use - General Service - Demand Metered: TOU-GS-3, Option CPP (Under 2kV)",2017-01-01 08:00:00+00:00,Commercial,Bundled,3.0,True,False,weak,,
GS-3,Southern California Edison Co,539f6a0bec4f024411ec8b47,539f6a0bec4f024411ec8b47,"Time-of-use - General Service - Demand Metered: TOU-GS-3, Option R (2kV to 50kV)",2014-01-01 08:00:00+00:00,Commercial,,5b5f1f965457a39579409a7c,5b5f1f965457a39579409a7c,"Time-of-use - General Service - Demand Metered: TOU-GS-3, Option A (Under 2kV)",2017-01-01 08:00:00+00:00,Commercial,Bundled,3.0,True,False,weak,,
GS-3,Southern California Edison Co,539f6a0bec4f024411ec8b47,539f6a0bec4f024411ec8b47,"Time-of-use - General Service - Demand Metered: TOU-GS-3, Option R (2kV to 50kV)",2014-01-01 08:00:00+00:00,Commercial,,5b5f24005457a39779409a7b,5b5f24005457a39779409a7b,"Time-of-use - General Service - Demand Metered: TOU-GS-3, Option B (Under 2kV)",2017-01-01 08:00:00+00:00,Commercial,Bundled,3.0,True,False,weak,,
GS-3,Southern California Edison Co,539f6a0bec4f024411ec8b47,539f6a0bec4f024411ec8b47,"Time-of-use - General Service - Demand Metered: TOU-GS-3, Option R (2kV to 50kV)",2014-01-01 08:00:00+00:00,Commercial,,5b5f27b45457a34051409a7c,5b5f27b45457a34051409a7c,"Time-of-use - General Service - Demand Metered: TOU-GS-3, Option R (Under 2kV)",2017-01-01 08:00:00+00:00,Commercial,Bundled,3.0,True,False,weak,,
GS-3,Southern California Edison Co,539f6a0bec4f024411ec8b47,539f6a0bec4f024411ec8b47,"Time-of-use - General Service - Demand Metered: TOU-GS-3, Option R (2kV to 50kV)",2014-01-01 08:00:00+00:00,Commercial,,5b5f384f5457a39779409a7e,5b5f384f5457a39779409a7e,Time-of-use - General Service - Demand Metered - NonTOU - GS-3 - (under 2 kv),2017-01-01 08:00:00+00:00,Commercial,Bundled,3.0,True,False,weak,,
EV-4,Southern California Edison Co,539f6adbec4f024411ec954f,539f6adbec4f024411ec954f,General Service Time-of-use Electric Vehicle Charging - Demand Metered:TOU-EV-4 (2kV - 50 kV),2014-01-01 13:00:00+00:00,Commercial,,5570c14a5457a3a23cdb22a8,5570c14a5457a3a23cdb22a8,General Service Time-of-use Electric Vehicle Charging - Demand Metered:TOU-EV-4,2015-06-01 07:00:00+00:00,Commercial,,1.41,True,True,strong,,
GS-1,Southern California Edison Co,539f6b52ec4f024411ec9af5,6527327a7e3ca47f670ea041,GS-1 TOU A General Service Non-Demand Single Phase (2kV - 50 kV),2023-10-01 07:00:00+00:00,Commercial,Bundled,66d0f54053fce9ed17096f62,66d0f54053fce9ed17096f62,"TOU General Service, Non Demand, Option E-CPP: GS-1 TOU E, Single Phase (2 kV-50kV)",2024-06-01 07:00:00+00:00,Commercial,Bundled,0.67,True,True,strong,,
GS-1,Southern California Edison Co,539f6b52ec4f024411ec9af5,6527327a7e3ca47f670ea041,GS-1 TOU A General Service Non-Demand Single Phase (2kV - 50 kV),2023-10-01 07:00:00+00:00,Commercial,Bundled,66d0f55af72ca05a7c0a590d,66d0f55af72ca05a7c0a590d,"TOU General Service, Non Demand, Option E-CPP: GS-1 TOU E, Three Phase (2 kV-50kV)",2024-06-01 07:00:00+00:00,Commercial,Bundled,0.67,True,True,strong,,
GS-1,Southern California Edison Co,539f6b52ec4f024411ec9af5,6527327a7e3ca47f670ea041,GS-1 TOU A General Service Non-Demand Single Phase (2kV - 50 kV),2023-10-01 07:00:00+00:00,Commercial,Bundled,66d0f5a93b65a005370fc46f,66d0f5a93b65a005370fc46f,"TOU General Service, Non Demand, Option E-CPP: GS-1 TOU E, Single Phase (50kV-220kV)",2024-06-01 07:00:00+00:00,Commercial,Bundled,0.67,True,True,strong,,
GS-1,Southern California Edison Co,539f6b52ec4f024411ec9af5,6527327a7e3ca47f670ea041,GS-1 TOU A General Service Non-Demand Single Phase (2kV - 50 kV),2023-10-01 07:00:00+00:00,Commercial,Bundled,66d0f5bbb1dea9bdd80eda9d,66d0f5bbb1dea9bdd80eda9d,"TOU General Service, Non Demand, Option E-CPP: GS-1 TOU E, Three Phase (50kV-220kV)",2024-06-01 07:00:00+00:00,Commercial,Bundled,0.67,True,True,strong,,
GS-1,Southern California Edison Co,539f6b52ec4f024411ec9af5,6527327a7e3ca47f670ea041,GS-1 TOU A General Service Non-Demand Single Phase (2kV - 50 kV),2023-10-01 07:00:00+00:00,Commercial,Bundled,66d0f5e5f6172d040c0ea5d7,66d0f5e5f6172d040c0ea5d7,"TOU General Service, Non Demand, Option E-CPP: GS-1 TOU E, Three Phase (At 220kV)",2024-06-01 07:00:00+00:00,Commercial,Bundled,0.67,True,True,strong,,
GS-2,Southern California Edison Co,539f6b62ec4f024411ec9c19,539f6b62ec4f024411ec9c19,"General Service - Demand: GS-2, Single Phase Service(50kV - 220 kV)",2014-01-29 13:00:00+00:00,Commercial,,557083bc5457a37a19db22a3,557083bc5457a37a19db22a3,"Time of Use, General Service, Demand Metered, Critical Peak-Lite Option: TOU-GS-2 CPP-Lite, Three Phase; REPEAT rate",2015-06-01 06:00:00+00:00,Commercial,,1.33,True,True,strong,,
GS-2,Southern California Edison Co,539f6b62ec4f024411ec9c19,539f6b62ec4f024411ec9c19,"General Service - Demand: GS-2, Single Phase Service(50kV - 220 kV)",2014-01-29 13:00:00+00:00,Commercial,,55707e995457a37354db22a5,55707e995457a37354db22a5,"Time of Use, General Service, Demand Metered, Critical Peak-Lite Option: TOU-GS-2 CPP-Lite, Single Phase; REPEAT rate",2015-06-01 06:00:00+00:00,Commercial,,1.33,True,True,strong,,
GS-2,Southern California Edison Co,539f6b62ec4f024411ec9c19,539f6b62ec4f024411ec9c19,"General Service - Demand: GS-2, Single Phase Service(50kV - 220 kV)",2014-01-29 13:00:00+00:00,Commercial,,55707a575457a37354db22a4,55707a575457a37354db22a4,"Time of Use, General Service, Demand Metered, Critical Peak Option: TOU-GS-2 CPP, Single Phase",2015-06-01 07:00:00+00:00,Commercial,,1.33,True,True,strong,,
GS-2,Southern California Edison Co,539f6b62ec4f024411ec9c19,539f6b62ec4f024411ec9c19,"General Service - Demand: GS-2, Single Phase Service(50kV - 220 kV)",2014-01-29 13:00:00+00:00,Commercial,,557076bc5457a3a23cdb22a6,557076bc5457a3a23cdb22a6,"Time of Use, General Service, Demand Metered, Option R: GS-2 TOU R - Three phase",2015-06-01 07:00:00+00:00,Commercial,,1.33,True,True,strong,,
GS-2,Southern California Edison Co,539f6b62ec4f024411ec9c19,539f6b62ec4f024411ec9c19,"General Service - Demand: GS-2, Single Phase Service(50kV - 220 kV)",2014-01-29 13:00:00+00:00,Commercial,,55705ad65457a3f449db22a3,55705ad65457a3f449db22a3,"General Service - Demand: GS-2, Single Phase Service; Closed Rate",2015-06-01 06:00:00+00:00,Commercial,,1.33,True,True,strong,,
GS-2,Southern California Edison Co,539f6b62ec4f024411ec9c19,539f6b62ec4f024411ec9c19,"General Service - Demand: GS-2, Single Phase Service(50kV - 220 kV)",2014-01-29 13:00:00+00:00,Commercial,,55706d4c5457a31422db22a3,55706d4c5457a31422db22a3,"Time of Use, General Service, Demand Metered, Option B: GS-2 TOU B, Three Phase",2015-06-01 07:00:00+00:00,Commercial,,1.33,True,True,strong,,
GS-2,Southern California Edison Co,539f6b62ec4f024411ec9c19,539f6b62ec4f024411ec9c19,"General Service - Demand: GS-2, Single Phase Service(50kV - 220 kV)",2014-01-29 13:00:00+00:00,Commercial,,557069245457a37354db22a2,557069245457a37354db22a2,"Time of Use, General Service, Demand Metered, Option B: GS-2 TOU B, Single Phase",2015-06-01 07:00:00+00:00,Commercial,,1.33,True,True,strong,,
GS-2,Southern California Edison Co,539f6b62ec4f024411ec9c19,539f6b62ec4f024411ec9c19,"General Service - Demand: GS-2, Single Phase Service(50kV - 220 kV)",2014-01-29 13:00:00+00:00,Commercial,,557067a65457a3b602db22a3,557067a65457a3b602db22a3,"Time of Use, General Service, Demand Metered, Option A: GS-2 TOU A, Three Phase",2015-06-01 07:00:00+00:00,Commercial,,1.33,True,True,strong,,
GS-2,Southern California Edison Co,539f6b62ec4f024411ec9c19,539f6b62ec4f024411ec9c19,"General Service - Demand: GS-2, Single Phase Service(50kV - 220 kV)",2014-01-29 13:00:00+00:00,Commercial,,557063955457a3fb54db22a2,557063955457a3fb54db22a2,"Time of Use, General Service, Demand Metered, Option A: GS-2 TOU A, Single Phase",2015-06-01 07:00:00+00:00,Commercial,,1.33,True,True,strong,,
GS-2,Southern California Edison Co,539f6b62ec4f024411ec9c19,539f6b62ec4f024411ec9c19,"General Service - Demand: GS-2, Single Phase Service(50kV - 220 kV)",2014-01-29 13:00:00+00:00,Commercial,,55705f695457a3a23cdb22a3,55705f695457a3a23cdb22a3,General Service - Demand: GS-2 - Three Phase; Closed Rate,2015-06-01 06:00:00+00:00,Commercial,,1.33,True,True,strong,,
GS-2,Southern California Edison Co,539f6b62ec4f024411ec9c19,539f6b62ec4f024411ec9c19,"General Service - Demand: GS-2, Single Phase Service(50kV - 220 kV)",2014-01-29 13:00:00+00:00,Commercial,,55706f305457a31422db22a4,55706f305457a31422db22a4,"Time of Use, General Service, Demand Metered, Option R: GS-2 TOU R - Single phase",2015-06-01 07:00:00+00:00,Commercial,,1.33,True,True,strong,,
GS-2,Southern California Edison Co,539f6b62ec4f024411ec9c19,539f6b62ec4f024411ec9c19,"General Service - Demand: GS-2, Single Phase Service(50kV - 220 kV)",2014-01-29 13:00:00+00:00,Commercial,,55707d1c5457a3f449db22a4,55707d1c5457a3f449db22a4,"Time of Use, General Service, Demand Metered, Critical Peak Option: TOU-GS-2 CPP, Three Phase",2015-06-01 07:00:00+00:00,Commercial,,1.33,True,True,strong,,
GS-2,Southern California Edison Co,539f6b62ec4f024411ec9c19,539f6b62ec4f024411ec9c19,"General Service - Demand: GS-2, Single Phase Service(50kV - 220 kV)",2014-01-29 13:00:00+00:00,Commercial,,574f6b105457a3d8785e629e,574f6b105457a3d8785e629e,"Time of Use, General Service, Demand Metered, TOU-GS-2, Option B",2016-05-02 06:00:00+00:00,Commercial,,2.25,True,True,strong,,
GS-2,Southern California Edison Co,539f6b62ec4f024411ec9c19,539f6b62ec4f024411ec9c19,"General Service - Demand: GS-2, Single Phase Service(50kV - 220 kV)",2014-01-29 13:00:00+00:00,Commercial,,586d4bf65457a366061c9606,586d4bf65457a366061c9606,"Time of Use, General Service, Demand Metered, Option GS-2 TOU A, Single Phase (At 220kV)",2017-01-01 07:00:00+00:00,Commercial,,2.92,True,True,strong,,
GS-2,Southern California Edison Co,539f6b62ec4f024411ec9c19,539f6b62ec4f024411ec9c19,"General Service - Demand: GS-2, Single Phase Service(50kV - 220 kV)",2014-01-29 13:00:00+00:00,Commercial,,586d4ca75457a348111c9605,586d4ca75457a348111c9605,"Time of Use, General Service, Demand Metered, Option A: GS-2 TOU A, Three Phase (At 220kV)",2017-01-01 07:00:00+00:00,Commercial,,2.92,True,True,strong,,
GS-2,Southern California Edison Co,539f6b62ec4f024411ec9c19,539f6b62ec4f024411ec9c19,"General Service - Demand: GS-2, Single Phase Service(50kV - 220 kV)",2014-01-29 13:00:00+00:00,Commercial,,59c05cde5457a30837bbb280,59c05cde5457a30837bbb280,"TOU-GS-2, Option E",2017-12-01 08:00:00+00:00,Commercial,,3.84,True,True,strong,,
GS-2,Southern California Edison Co,539f6b62ec4f024411ec9c19,539f6b62ec4f024411ec9c19,"General Service - Demand: GS-2, Single Phase Service(50kV - 220 kV)",2014-01-29 13:00:00+00:00,Commercial,,5c9114ea5457a37e5307bc77,5c9114ea5457a37e5307bc77,"Time of Use, General Service, Demand Metered, Option D: GS-2 TOU D, Three Phase (Under 2 kV)",2015-02-28 08:00:00+00:00,Commercial,Bundled,1.08,True,False,weak,,
GS-2,Southern California Edison Co,539f6b62ec4f024411ec9c19,539f6b62ec4f024411ec9c19,"General Service - Demand: GS-2, Single Phase Service(50kV - 220 kV)",2014-01-29 13:00:00+00:00,Commercial,,5c9080fb5457a3102a07bc77,5c9080fb5457a3102a07bc77,"Time of Use, General Service, Demand Metered, Option E: GS-2 TOU E, Three Phase (Under 2 kV)",2015-02-28 08:00:00+00:00,Commercial,Bundled,1.08,True,False,weak,,
GS-2,Southern California Edison Co,539f6b62ec4f024411ec9c19,539f6b62ec4f024411ec9c19,"General Service - Demand: GS-2, Single Phase Service(50kV - 220 kV)",2014-01-29 13:00:00+00:00,Commercial,,59c05bc05457a30837bbb27f,59c05bc05457a30837bbb27f,"TOU-GS-2, Option D",2017-12-01 08:00:00+00:00,Commercial,Delivery with Standard Offer,3.84,True,False,weak,,
GS-2,Southern California Edison Co,539f6b72ec4f024411ec9ca5,56b927935457a3030348d235,"Time of Use, General Service, Demand Metered, Critical Peak Option: TOU-GS-2 CPP, Single Phase (Under 2kV)",2016-01-01 07:00:00+00:00,Commercial,,574f6b105457a3d8785e629e,574f6b105457a3d8785e629e,"Time of Use, General Service, Demand Metered, TOU-GS-2, Option B",2016-05-02 06:00:00+00:00,Commercial,,0.33,True,True,strong,,
GS-2,Southern California Edison Co,539f6b72ec4f024411ec9ca5,56b927935457a3030348d235,"Time of Use, General Service, Demand Metered, Critical Peak Option: TOU-GS-2 CPP, Single Phase (Under 2kV)",2016-01-01 07:00:00+00:00,Commercial,,586d4bf65457a366061c9606,586d4bf65457a366061c9606,"Time of Use, General Service, Demand Metered, Option GS-2 TOU A, Single Phase (At 220kV)",2017-01-01 07:00:00+00:00,Commercial,,1.0,True,True,strong,,
GS-2,Southern California Edison Co,539f6b72ec4f024411ec9ca5,56b927935457a3030348d235,"Time of Use, General Service, Demand Metered, Critical Peak Option: TOU-GS-2 CPP, Single Phase (Under 2kV)",2016-01-01 07:00:00+00:00,Commercial,,586d4ca75457a348111c9605,586d4ca75457a348111c9605,"Time of Use, General Service, Demand Metered, Option A: GS-2 TOU A, Three Phase (At 220kV)",2017-01-01 07:00:00+00:00,Commercial,,1.0,True,True,strong,,
GS-2,Southern California Edison Co,539f6b72ec4f024411ec9ca5,56b927935457a3030348d235,"Time of Use, General Service, Demand Metered, Critical Peak Option: TOU-GS-2 CPP, Single Phase (Under 2kV)",2016-01-01 07:00:00+00:00,Commercial,,59c05cde5457a30837bbb280,59c05cde5457a30837bbb280,"TOU-GS-2, Option E",2017-12-01 08:00:00+00:00,Commercial,,1.92,True,True,strong,,
GS-2,Southern California Edison Co,539f6b72ec4f024411ec9ca5,56b927935457a3030348d235,"Time of Use, General Service, Demand Metered, Critical Peak Option: TOU-GS-2 CPP, Single Phase (Under 2kV)",2016-01-01 07:00:00+00:00,Commercial,,59c05bc05457a30837bbb27f,59c05bc05457a30837bbb27f,"TOU-GS-2, Option D",2017-12-01 08:00:00+00:00,Commercial,Delivery with Standard Offer,1.92,True,False,weak,,
GS-2,Southern California Edison Co,539f6b72ec4f024411ec9ca5,56b927935457a3030348d235,"Time of Use, General Service, Demand Metered, Critical Peak Option: TOU-GS-2 CPP, Single Phase (Under 2kV)",2016-01-01 07:00:00+00:00,Commercial,,5bc7ba425457a3b5483b43ed,5bc7ba425457a3b5483b43ed,"TOU-GS-2, Option A",2018-10-01 06:00:00+00:00,Commercial,Bundled,2.75,True,False,weak,,
GS-2,Southern California Edison Co,539f6b72ec4f024411ec9ca5,56b927935457a3030348d235,"Time of Use, General Service, Demand Metered, Critical Peak Option: TOU-GS-2 CPP, Single Phase (Under 2kV)",2016-01-01 07:00:00+00:00,Commercial,,5bc7bc025457a32d493b43ed,5bc7bc025457a32d493b43ed,"TOU-GS-2, Option B",2018-10-01 06:00:00+00:00,Commercial,Bundled,2.75,True,False,weak,,
GS-2,Southern California Edison Co,539f6b72ec4f024411ec9ca5,56b927935457a3030348d235,"Time of Use, General Service, Demand Metered, Critical Peak Option: TOU-GS-2 CPP, Single Phase (Under 2kV)",2016-01-01 07:00:00+00:00,Commercial,,5bc7be2a5457a3a2783b43ed,5bc7be2a5457a3a2783b43ed,"TOU-GS-2, Option R",2018-10-01 06:00:00+00:00,Commercial,Bundled,2.75,True,False,weak,,
GS-2,Southern California Edison Co,539f6b72ec4f024411ec9ca5,56b927935457a3030348d235,"Time of Use, General Service, Demand Metered, Critical Peak Option: TOU-GS-2 CPP, Single Phase (Under 2kV)",2016-01-01 07:00:00+00:00,Commercial,,5cdb9d385457a3616340c5d2,5cdb9d385457a3616340c5d2,"Time of Use, General Service, Demand Metered, Option E: GS-2 TOU E, Three Phase (Under 2 kV)",2019-04-12 07:00:00+00:00,Commercial,Bundled,3.28,True,False,weak,,
GS-2,Southern California Edison Co,539f6b72ec4f024411ec9ca5,56b927935457a3030348d235,"Time of Use, General Service, Demand Metered, Critical Peak Option: TOU-GS-2 CPP, Single Phase (Under 2kV)",2016-01-01 07:00:00+00:00,Commercial,,5cdb9e605457a3b72b40c5d3,5cdb9e605457a3b72b40c5d3,"Time of Use, General Service, Demand Metered, Option D: GS-2 TOU D, Three Phase (Under 2 kV)",2019-04-12 07:00:00+00:00,Commercial,Bundled,3.28,True,False,weak,,
EV-4,Southern California Edison Co,539f6b91ec4f024411ec9e93,5c817fcf7bece2299eceb39b,General Service Time-of-use Electric Vehicle Charging - Demand Metered:TOU-EV-4 (50kV - 220 kV) - Closed Rate,2018-10-01 07:00:00+00:00,Commercial,Bundled,60ba262b5457a302057ef411,60ba262b5457a302057ef411,General Service Time-of-use Electric Vehicle Charging: TOU-EV-4 Single Phase (Under 2kV) - Closed Rate,2019-03-01 08:00:00+00:00,Commercial,Bundled,0.41,True,True,strong,,
EV-4,Southern California Edison Co,539f6b91ec4f024411ec9e93,5c817fcf7bece2299eceb39b,General Service Time-of-use Electric Vehicle Charging - Demand Metered:TOU-EV-4 (50kV - 220 kV) - Closed Rate,2018-10-01 07:00:00+00:00,Commercial,Bundled,60ba27bd5457a39e117ef40f,60ba27bd5457a39e117ef40f,General Service Time-of-use Electric Vehicle Charging: TOU-EV-4  (2kV-50kV) - Closed Rate,2019-03-01 08:00:00+00:00,Commercial,Bundled,0.41,True,True,strong,,
EV-4,Southern California Edison Co,539f6b91ec4f024411ec9e93,5c817fcf7bece2299eceb39b,General Service Time-of-use Electric Vehicle Charging - Demand Metered:TOU-EV-4 (50kV - 220 kV) - Closed Rate,2018-10-01 07:00:00+00:00,Commercial,Bundled,60ba28465457a34f077ef410,60ba28465457a34f077ef410,General Service Time-of-use Electric Vehicle Charging: TOU-EV-4 (50kV-220kV) - Closed Rate,2019-03-01 08:00:00+00:00,Commercial,Bundled,0.41,True,True,strong,,
EV-4,Southern California Edison Co,539f6b91ec4f024411ec9e93,5c817fcf7bece2299eceb39b,General Service Time-of-use Electric Vehicle Charging - Demand Metered:TOU-EV-4 (50kV - 220 kV) - Closed Rate,2018-10-01 07:00:00+00:00,Commercial,Bundled,60ba28d25457a3194f7ef411,60ba28d25457a3194f7ef411,General Service Time-of-use Electric Vehicle Charging: TOU-EV-4 (220kV and above) - Closed Rate,2019-03-01 08:00:00+00:00,Commercial,Bundled,0.41,True,True,strong,,
GS-2,Southern California Edison Co,539f6c1aec4f024411eca511,56b924a65457a3d41f48d234,"Time of Use, General Service, Demand Metered, Critical Peak Option: TOU-GS-2 CPP, Three Phase (50kV - 220kV)",2016-01-01 07:00:00+00:00,Commercial,,574f6b105457a3d8785e629e,574f6b105457a3d8785e629e,"Time of Use, General Service, Demand Metered, TOU-GS-2, Option B",2016-05-02 06:00:00+00:00,Commercial,,0.33,True,True,strong,,
GS-2,Southern California Edison Co,539f6c1aec4f024411eca511,56b924a65457a3d41f48d234,"Time of Use, General Service, Demand Metered, Critical Peak Option: TOU-GS-2 CPP, Three Phase (50kV - 220kV)",2016-01-01 07:00:00+00:00,Commercial,,586d4bf65457a366061c9606,586d4bf65457a366061c9606,"Time of Use, General Service, Demand Metered, Option GS-2 TOU A, Single Phase (At 220kV)",2017-01-01 07:00:00+00:00,Commercial,,1.0,True,True,strong,,
GS-2,Southern California Edison Co,539f6c1aec4f024411eca511,56b924a65457a3d41f48d234,"Time of Use, General Service, Demand Metered, Critical Peak Option: TOU-GS-2 CPP, Three Phase (50kV - 220kV)",2016-01-01 07:00:00+00:00,Commercial,,586d4ca75457a348111c9605,586d4ca75457a348111c9605,"Time of Use, General Service, Demand Metered, Option A: GS-2 TOU A, Three Phase (At 220kV)",2017-01-01 07:00:00+00:00,Commercial,,1.0,True,True,strong,,
GS-2,Southern California Edison Co,539f6c1aec4f024411eca511,56b924a65457a3d41f48d234,"Time of Use, General Service, Demand Metered, Critical Peak Option: TOU-GS-2 CPP, Three Phase (50kV - 220kV)",2016-01-01 07:00:00+00:00,Commercial,,59c05cde5457a30837bbb280,59c05cde5457a30837bbb280,"TOU-GS-2, Option E",2017-12-01 08:00:00+00:00,Commercial,,1.92,True,True,strong,,
GS-2,Southern California Edison Co,539f6c1aec4f024411eca511,56b924a65457a3d41f48d234,"Time of Use, General Service, Demand Metered, Critical Peak Option: TOU-GS-2 CPP, Three Phase (50kV - 220kV)",2016-01-01 07:00:00+00:00,Commercial,,59c05bc05457a30837bbb27f,59c05bc05457a30837bbb27f,"TOU-GS-2, Option D",2017-12-01 08:00:00+00:00,Commercial,Delivery with Standard Offer,1.92,True,False,weak,,
GS-2,Southern California Edison Co,539f6c1aec4f024411eca511,56b924a65457a3d41f48d234,"Time of Use, General Service, Demand Metered, Critical Peak Option: TOU-GS-2 CPP, Three Phase (50kV - 220kV)",2016-01-01 07:00:00+00:00,Commercial,,5bc7ba425457a3b5483b43ed,5bc7ba425457a3b5483b43ed,"TOU-GS-2, Option A",2018-10-01 06:00:00+00:00,Commercial,Bundled,2.75,True,False,weak,,
GS-2,Southern California Edison Co,539f6c1aec4f024411eca511,56b924a65457a3d41f48d234,"Time of Use, General Service, Demand Metered, Critical Peak Option: TOU-GS-2 CPP, Three Phase (50kV - 220kV)",2016-01-01 07:00:00+00:00,Commercial,,5bc7bc025457a32d493b43ed,5bc7bc025457a32d493b43ed,"TOU-GS-2, Option B",2018-10-01 06:00:00+00:00,Commercial,Bundled,2.75,True,False,weak,,
GS-2,Southern California Edison Co,539f6c1aec4f024411eca511,56b924a65457a3d41f48d234,"Time of Use, General Service, Demand Metered, Critical Peak Option: TOU-GS-2 CPP, Three Phase (50kV - 220kV)",2016-01-01 07:00:00+00:00,Commercial,,5bc7be2a5457a3a2783b43ed,5bc7be2a5457a3a2783b43ed,"TOU-GS-2, Option R",2018-10-01 06:00:00+00:00,Commercial,Bundled,2.75,True,False,weak,,
GS-2,Southern California Edison Co,539f6c1aec4f024411eca511,56b924a65457a3d41f48d234,"Time of Use, General Service, Demand Metered, Critical Peak Option: TOU-GS-2 CPP, Three Phase (50kV - 220kV)",2016-01-01 07:00:00+00:00,Commercial,,5cdb9d385457a3616340c5d2,5cdb9d385457a3616340c5d2,"Time of Use, General Service, Demand Metered, Option E: GS-2 TOU E, Three Phase (Under 2 kV)",2019-04-12 07:00:00+00:00,Commercial,Bundled,3.28,True,False,weak,,
GS-2,Southern California Edison Co,539f6c1aec4f024411eca511,56b924a65457a3d41f48d234,"Time of Use, General Service, Demand Metered, Critical Peak Option: TOU-GS-2 CPP, Three Phase (50kV - 220kV)",2016-01-01 07:00:00+00:00,Commercial,,5cdb9e605457a3b72b40c5d3,5cdb9e605457a3b72b40c5d3,"Time of Use, General Service, Demand Metered, Option D: GS-2 TOU D, Three Phase (Under 2 kV)",2019-04-12 07:00:00+00:00,Commercial,Bundled,3.28,True,False,weak,,
GS-2,Southern California Edison Co,539f6c39ec4f024411eca6a5,539f6c39ec4f024411eca6a5,"Time of Use, General Service, Demand Metered, Option R: GS-2 TOU R - Three phase (2kV - 50kV)",2014-01-01 13:00:00+00:00,Commercial,,557083bc5457a37a19db22a3,557083bc5457a37a19db22a3,"Time of Use, General Service, Demand Metered, Critical Peak-Lite Option: TOU-GS-2 CPP-Lite, Three Phase; REPEAT rate",2015-06-01 06:00:00+00:00,Commercial,,1.41,True,True,strong,,
GS-2,Southern California Edison Co,539f6c39ec4f024411eca6a5,539f6c39ec4f024411eca6a5,"Time of Use, General Service, Demand Metered, Option R: GS-2 TOU R - Three phase (2kV - 50kV)",2014-01-01 13:00:00+00:00,Commercial,,55707e995457a37354db22a5,55707e995457a37354db22a5,"Time of Use, General Service, Demand Metered, Critical Peak-Lite Option: TOU-GS-2 CPP-Lite, Single Phase; REPEAT rate",2015-06-01 06:00:00+00:00,Commercial,,1.41,True,True,strong,,
GS-2,Southern California Edison Co,539f6c39ec4f024411eca6a5,539f6c39ec4f024411eca6a5,"Time of Use, General Service, Demand Metered, Option R: GS-2 TOU R - Three phase (2kV - 50kV)",2014-01-01 13:00:00+00:00,Commercial,,55707a575457a37354db22a4,55707a575457a37354db22a4,"Time of Use, General Service, Demand Metered, Critical Peak Option: TOU-GS-2 CPP, Single Phase",2015-06-01 07:00:00+00:00,Commercial,,1.41,True,True,strong,,
GS-2,Southern California Edison Co,539f6c39ec4f024411eca6a5,539f6c39ec4f024411eca6a5,"Time of Use, General Service, Demand Metered, Option R: GS-2 TOU R - Three phase (2kV - 50kV)",2014-01-01 13:00:00+00:00,Commercial,,557076bc5457a3a23cdb22a6,557076bc5457a3a23cdb22a6,"Time of Use, General Service, Demand Metered, Option R: GS-2 TOU R - Three phase",2015-06-01 07:00:00+00:00,Commercial,,1.41,True,True,strong,,
GS-2,Southern California Edison Co,539f6c39ec4f024411eca6a5,539f6c39ec4f024411eca6a5,"Time of Use, General Service, Demand Metered, Option R: GS-2 TOU R - Three phase (2kV - 50kV)",2014-01-01 13:00:00+00:00,Commercial,,55705ad65457a3f449db22a3,55705ad65457a3f449db22a3,"General Service - Demand: GS-2, Single Phase Service; Closed Rate",2015-06-01 06:00:00+00:00,Commercial,,1.41,True,True,strong,,
GS-2,Southern California Edison Co,539f6c39ec4f024411eca6a5,539f6c39ec4f024411eca6a5,"Time of Use, General Service, Demand Metered, Option R: GS-2 TOU R - Three phase (2kV - 50kV)",2014-01-01 13:00:00+00:00,Commercial,,55706d4c5457a31422db22a3,55706d4c5457a31422db22a3,"Time of Use, General Service, Demand Metered, Option B: GS-2 TOU B, Three Phase",2015-06-01 07:00:00+00:00,Commercial,,1.41,True,True,strong,,
GS-2,Southern California Edison Co,539f6c39ec4f024411eca6a5,539f6c39ec4f024411eca6a5,"Time of Use, General Service, Demand Metered, Option R: GS-2 TOU R - Three phase (2kV - 50kV)",2014-01-01 13:00:00+00:00,Commercial,,557069245457a37354db22a2,557069245457a37354db22a2,"Time of Use, General Service, Demand Metered, Option B: GS-2 TOU B, Single Phase",2015-06-01 07:00:00+00:00,Commercial,,1.41,True,True,strong,,
GS-2,Southern California Edison Co,539f6c39ec4f024411eca6a5,539f6c39ec4f024411eca6a5,"Time of Use, General Service, Demand Metered, Option R: GS-2 TOU R - Three phase (2kV - 50kV)",2014-01-01 13:00:00+00:00,Commercial,,557067a65457a3b602db22a3,557067a65457a3b602db22a3,"Time of Use, General Service, Demand Metered, Option A: GS-2 TOU A, Three Phase",2015-06-01 07:00:00+00:00,Commercial,,1.41,True,True,strong,,
GS-2,Southern California Edison Co,539f6c39ec4f024411eca6a5,539f6c39ec4f024411eca6a5,"Time of Use, General Service, Demand Metered, Option R: GS-2 TOU R - Three phase (2kV - 50kV)",2014-01-01 13:00:00+00:00,Commercial,,557063955457a3fb54db22a2,557063955457a3fb54db22a2,"Time of Use, General Service, Demand Metered, Option A: GS-2 TOU A, Single Phase",2015-06-01 07:00:00+00:00,Commercial,,1.41,True,True,strong,,
GS-2,Southern California Edison Co,539f6c39ec4f024411eca6a5,539f6c39ec4f024411eca6a5,"Time of Use, General Service, Demand Metered, Option R: GS-2 TOU R - Three phase (2kV - 50kV)",2014-01-01 13:00:00+00:00,Commercial,,55705f695457a3a23cdb22a3,55705f695457a3a23cdb22a3,General Service - Demand: GS-2 - Three Phase; Closed Rate,2015-06-01 06:00:00+00:00,Commercial,,1.41,True,True,strong,,
GS-2,Southern California Edison Co,539f6c39ec4f024411eca6a5,539f6c39ec4f024411eca6a5,"Time of Use, General Service, Demand Metered, Option R: GS-2 TOU R - Three phase (2kV - 50kV)",2014-01-01 13:00:00+00:00,Commercial,,55706f305457a31422db22a4,55706f305457a31422db22a4,"Time of Use, General Service, Demand Metered, Option R: GS-2 TOU R - Single phase",2015-06-01 07:00:00+00:00,Commercial,,1.41,True,True,strong,,
GS-2,Southern California Edison Co,539f6c39ec4f024411eca6a5,539f6c39ec4f024411eca6a5,"Time of Use, General Service, Demand Metered, Option R: GS-2 TOU R - Three phase (2kV - 50kV)",2014-01-01 13:00:00+00:00,Commercial,,55707d1c5457a3f449db22a4,55707d1c5457a3f449db22a4,"Time of Use, General Service, Demand Metered, Critical Peak Option: TOU-GS-2 CPP, Three Phase",2015-06-01 07:00:00+00:00,Commercial,,1.41,True,True,strong,,
GS-2,Southern California Edison Co,539f6c39ec4f024411eca6a5,539f6c39ec4f024411eca6a5,"Time of Use, General Service, Demand Metered, Option R: GS-2 TOU R - Three phase (2kV - 50kV)",2014-01-01 13:00:00+00:00,Commercial,,574f6b105457a3d8785e629e,574f6b105457a3d8785e629e,"Time of Use, General Service, Demand Metered, TOU-GS-2, Option B",2016-05-02 06:00:00+00:00,Commercial,,2.33,True,True,strong,,
GS-2,Southern California Edison Co,539f6c39ec4f024411eca6a5,539f6c39ec4f024411eca6a5,"Time of Use, General Service, Demand Metered, Option R: GS-2 TOU R - Three phase (2kV - 50kV)",2014-01-01 13:00:00+00:00,Commercial,,586d4bf65457a366061c9606,586d4bf65457a366061c9606,"Time of Use, General Service, Demand Metered, Option GS-2 TOU A, Single Phase (At 220kV)",2017-01-01 07:00:00+00:00,Commercial,,3.0,True,True,strong,,
GS-2,Southern California Edison Co,539f6c39ec4f024411eca6a5,539f6c39ec4f024411eca6a5,"Time of Use, General Service, Demand Metered, Option R: GS-2 TOU R - Three phase (2kV - 50kV)",2014-01-01 13:00:00+00:00,Commercial,,586d4ca75457a348111c9605,586d4ca75457a348111c9605,"Time of Use, General Service, Demand Metered, Option A: GS-2 TOU A, Three Phase (At 220kV)",2017-01-01 07:00:00+00:00,Commercial,,3.0,True,True,strong,,
GS-2,Southern California Edison Co,539f6c39ec4f024411eca6a5,539f6c39ec4f024411eca6a5,"Time of Use, General Service, Demand Metered, Option R: GS-2 TOU R - Three phase (2kV - 50kV)",2014-01-01 13:00:00+00:00,Commercial,,59c05cde5457a30837bbb280,59c05cde5457a30837bbb280,"TOU-GS-2, Option E",2017-12-01 08:00:00+00:00,Commercial,,3.91,True,True,strong,,
GS-2,Southern California Edison Co,539f6c39ec4f024411eca6a5,539f6c39ec4f024411eca6a5,"Time of Use, General Service, Demand Metered, Option R: GS-2 TOU R - Three phase (2kV - 50kV)",2014-01-01 13:00:00+00:00,Commercial,,5c9114ea5457a37e5307bc77,5c9114ea5457a37e5307bc77,"Time of Use, General Service, Demand Metered, Option D: GS-2 TOU D, Three Phase (Under 2 kV)",2015-02-28 08:00:00+00:00,Commercial,Bundled,1.16,True,False,weak,,
GS-2,Southern California Edison Co,539f6c39ec4f024411eca6a5,539f6c39ec4f024411eca6a5,"Time of Use, General Service, Demand Metered, Option R: GS-2 TOU R - Three phase (2kV - 50kV)",2014-01-01 13:00:00+00:00,Commercial,,5c9080fb5457a3102a07bc77,5c9080fb5457a3102a07bc77,"Time of Use, General Service, Demand Metered, Option E: GS-2 TOU E, Three Phase (Under 2 kV)",2015-02-28 08:00:00+00:00,Commercial,Bundled,1.16,True,False,weak,,
GS-2,Southern California Edison Co,539f6c39ec4f024411eca6a5,539f6c39ec4f024411eca6a5,"Time of Use, General Service, Demand Metered, Option R: GS-2 TOU R - Three phase (2kV - 50kV)",2014-01-01 13:00:00+00:00,Commercial,,59c05bc05457a30837bbb27f,59c05bc05457a30837bbb27f,"TOU-GS-2, Option D",2017-12-01 08:00:00+00:00,Commercial,Delivery with Standard Offer,3.91,True,False,weak,,
GS-3,Southern California Edison Co,539f6ddcec4f024411ecbaeb,539f6ddcec4f024411ecbaeb,Time-Of-Use - General Service - Demand Metered: TOU-GS-3 Option CPP (50kV - 220kV),2014-01-01 13:00:00+00:00,Commercial,,557086ae5457a3f449db22a6,557086ae5457a3f449db22a6,"Time-of-use - General Service - Demand Metered: TOU-GS-3, Option A; REPEAT Rate",2015-06-01 06:00:00+00:00,Commercial,,1.41,True,True,strong,,
GS-3,Southern California Edison Co,539f6ddcec4f024411ecbaeb,539f6ddcec4f024411ecbaeb,Time-Of-Use - General Service - Demand Metered: TOU-GS-3 Option CPP (50kV - 220kV),2014-01-01 13:00:00+00:00,Commercial,,55709cef5457a3b71fdb22a2,55709cef5457a3b71fdb22a2,"Time-of-use - General Service - Demand Metered: TOU-GS-3, Option R",2015-06-01 07:00:00+00:00,Commercial,,1.41,True,True,strong,,
GS-3,Southern California Edison Co,539f6ddcec4f024411ecbaeb,539f6ddcec4f024411ecbaeb,Time-Of-Use - General Service - Demand Metered: TOU-GS-3 Option CPP (50kV - 220kV),2014-01-01 13:00:00+00:00,Commercial,,5570a0385457a33467db22a3,5570a0385457a33467db22a3,Time-Of-Use - General Service - Demand Metered: TOU-GS-3 Option CPP,2015-06-01 07:00:00+00:00,Commercial,,1.41,True,True,strong,,
GS-3,Southern California Edison Co,539f6ddcec4f024411ecbaeb,539f6ddcec4f024411ecbaeb,Time-Of-Use - General Service - Demand Metered: TOU-GS-3 Option CPP (50kV - 220kV),2014-01-01 13:00:00+00:00,Commercial,,5570b8575457a37a19db22a6,5570b8575457a37a19db22a6,Time-of-use - General Service - Demand Metered-Super Off Peak: TOU-GS-3-SOP,2015-06-01 07:00:00+00:00,Commercial,,1.41,True,True,strong,,
GS-3,Southern California Edison Co,539f6ddcec4f024411ecbaeb,539f6ddcec4f024411ecbaeb,Time-Of-Use - General Service - Demand Metered: TOU-GS-3 Option CPP (50kV - 220kV),2014-01-01 13:00:00+00:00,Commercial,,55708b045457a33467db22a2,55708b045457a33467db22a2,"Time-of-use - General Service - Demand Metered: TOU-GS-3, Option B",2016-01-01 08:00:00+00:00,Commercial,,2.0,True,True,strong,,
GS-3,Southern California Edison Co,539f6ddcec4f024411ecbaeb,539f6ddcec4f024411ecbaeb,Time-Of-Use - General Service - Demand Metered: TOU-GS-3 Option CPP (50kV - 220kV),2014-01-01 13:00:00+00:00,Commercial,,586e87cc5457a3bc711c9606,586e87cc5457a3bc711c9606,"Time-of-use - General Service - Demand Metered: TOU-GS-3, Option R (50kV-220kV)",2017-01-01 07:00:00+00:00,Commercial,,3.0,True,True,strong,,
GS-3,Southern California Edison Co,539f6ddcec4f024411ecbaeb,539f6ddcec4f024411ecbaeb,Time-Of-Use - General Service - Demand Metered: TOU-GS-3 Option CPP (50kV - 220kV),2014-01-01 13:00:00+00:00,Commercial,,586e86b95457a3d3711c9605,586e86b95457a3d3711c9605,"Time-of-use - General Service - Demand Metered: TOU-GS-3, Option R (2kV to 50kV)",2017-01-01 07:00:00+00:00,Commercial,,3.0,True,True,strong,,
GS-3,Southern California Edison Co,539f6ddcec4f024411ecbaeb,539f6ddcec4f024411ecbaeb,Time-Of-Use - General Service - Demand Metered: TOU-GS-3 Option CPP (50kV - 220kV),2014-01-01 13:00:00+00:00,Commercial,,586e82f95457a3c1711c9605,586e82f95457a3c1711c9605,"Time-of-use - General Service - Demand Metered: TOU-GS-3, Option B (50kV to 220kV)",2017-01-01 07:00:00+00:00,Commercial,,3.0,True,True,strong,,
GS-3,Southern California Edison Co,539f6ddcec4f024411ecbaeb,539f6ddcec4f024411ecbaeb,Time-Of-Use - General Service - Demand Metered: TOU-GS-3 Option CPP (50kV - 220kV),2014-01-01 13:00:00+00:00,Commercial,,586e819e5457a37c711c9605,586e819e5457a37c711c9605,"Time-of-use - General Service - Demand Metered: TOU-GS-3, Option B (2kV-50kV)",2017-01-01 07:00:00+00:00,Commercial,,3.0,True,True,strong,,
GS-3,Southern California Edison Co,539f6ddcec4f024411ecbaeb,539f6ddcec4f024411ecbaeb,Time-Of-Use - General Service - Demand Metered: TOU-GS-3 Option CPP (50kV - 220kV),2014-01-01 13:00:00+00:00,Commercial,,586e7f305457a3dd711c9605,586e7f305457a3dd711c9605,"Time-of-use - General Service - Demand Metered: TOU-GS-3, Option A (at 220kV)",2017-01-01 07:00:00+00:00,Commercial,,3.0,True,True,strong,,
GS-3,Southern California Edison Co,539f6ddcec4f024411ecbaeb,539f6ddcec4f024411ecbaeb,Time-Of-Use - General Service - Demand Metered: TOU-GS-3 Option CPP (50kV - 220kV),2014-01-01 13:00:00+00:00,Commercial,,586e7f055457a3bc711c9605,586e7f055457a3bc711c9605,"Time-of-use - General Service - Demand Metered: TOU-GS-3, Option A (50kV to 220kV)",2017-01-01 07:00:00+00:00,Commercial,,3.0,True,True,strong,,
GS-3,Southern California Edison Co,539f6ddcec4f024411ecbaeb,539f6ddcec4f024411ecbaeb,Time-Of-Use - General Service - Demand Metered: TOU-GS-3 Option CPP (50kV - 220kV),2014-01-01 13:00:00+00:00,Commercial,,586e7ee45457a3c6711c9605,586e7ee45457a3c6711c9605,"Time-of-use - General Service - Demand Metered: TOU-GS-3, Option A (2kV to 50kV)",2017-01-01 07:00:00+00:00,Commercial,,3.0,True,True,strong,,
GS-3,Southern California Edison Co,539f6ddcec4f024411ecbaeb,539f6ddcec4f024411ecbaeb,Time-Of-Use - General Service - Demand Metered: TOU-GS-3 Option CPP (50kV - 220kV),2014-01-01 13:00:00+00:00,Commercial,,59c05e4b5457a37206bbb281,59c05e4b5457a37206bbb281,"TOU-GS-3, Option D",2017-12-01 08:00:00+00:00,Commercial,,3.91,True,True,strong,,
GS-3,Southern California Edison Co,539f6ddcec4f024411ecbaeb,539f6ddcec4f024411ecbaeb,Time-Of-Use - General Service - Demand Metered: TOU-GS-3 Option CPP (50kV - 220kV),2014-01-01 13:00:00+00:00,Commercial,,59c05f655457a3814ebbb27c,59c05f655457a3814ebbb27c,"TOU-GS-3, Option E",2017-12-01 08:00:00+00:00,Commercial,,3.91,True,True,strong,,
GS-3,Southern California Edison Co,539f6ddcec4f024411ecbaeb,539f6ddcec4f024411ecbaeb,Time-Of-Use - General Service - Demand Metered: TOU-GS-3 Option CPP (50kV - 220kV),2014-01-01 13:00:00+00:00,Commercial,,5b5f27b45457a34051409a7c,5b5f27b45457a34051409a7c,"Time-of-use - General Service - Demand Metered: TOU-GS-3, Option R (Under 2kV)",2017-01-01 08:00:00+00:00,Commercial,Bundled,3.0,True,False,weak,,
GS-3,Southern California Edison Co,539f6ddcec4f024411ecbaeb,539f6ddcec4f024411ecbaeb,Time-Of-Use - General Service - Demand Metered: TOU-GS-3 Option CPP (50kV - 220kV),2014-01-01 13:00:00+00:00,Commercial,,5b5f24005457a39779409a7b,5b5f24005457a39779409a7b,"Time-of-use - General Service - Demand Metered: TOU-GS-3, Option B (Under 2kV)",2017-01-01 08:00:00+00:00,Commercial,Bundled,3.0,True,False,weak,,
GS-3,Southern California Edison Co,539f6ddcec4f024411ecbaeb,539f6ddcec4f024411ecbaeb,Time-Of-Use - General Service - Demand Metered: TOU-GS-3 Option CPP (50kV - 220kV),2014-01-01 13:00:00+00:00,Commercial,,5b5f1f965457a39579409a7c,5b5f1f965457a39579409a7c,"Time-of-use - General Service - Demand Metered: TOU-GS-3, Option A (Under 2kV)",2017-01-01 08:00:00+00:00,Commercial,Bundled,3.0,True,False,weak,,
GS-3,Southern California Edison Co,539f6ddcec4f024411ecbaeb,539f6ddcec4f024411ecbaeb,Time-Of-Use - General Service - Demand Metered: TOU-GS-3 Option CPP (50kV - 220kV),2014-01-01 13:00:00+00:00,Commercial,,5b5ef3155457a39879409a7b,5b5ef3155457a39879409a7b,"Time-of-use - General Service - Demand Metered: TOU-GS-3, Option CPP (Under 2kV)",2017-01-01 08:00:00+00:00,Commercial,Bundled,3.0,True,False,weak,,
GS-3,Southern California Edison Co,539f6ddcec4f024411ecbaeb,539f6ddcec4f024411ecbaeb,Time-Of-Use - General Service - Demand Metered: TOU-GS-3 Option CPP (50kV - 220kV),2014-01-01 13:00:00+00:00,Commercial,,586e81155457a31a7a1c9605,586e81155457a31a7a1c9605,"Time of Use, General Service, Demand Metered, Option B: GS-3 TOU B (Under 2kV)",2017-01-01 07:00:00+00:00,Commercial,Bundled,3.0,True,False,weak,,
GS-3,Southern California Edison Co,539f6ddcec4f024411ecbaeb,539f6ddcec4f024411ecbaeb,Time-Of-Use - General Service - Demand Metered: TOU-GS-3 Option CPP (50kV - 220kV),2014-01-01 13:00:00+00:00,Commercial,,5b5f2c815457a39779409a7d,5b5f2c815457a39779409a7d,Time-of-use - General Service - Super Off Peak - Demand Metered: TOU-GS-3-SOP (under 2 kv),2017-01-01 08:00:00+00:00,Commercial,Bundled,3.0,True,False,weak,,
GS-3,Southern California Edison Co,539f6ddcec4f024411ecbaeb,539f6ddcec4f024411ecbaeb,Time-Of-Use - General Service - Demand Metered: TOU-GS-3 Option CPP (50kV - 220kV),2014-01-01 13:00:00+00:00,Commercial,,5b5f384f5457a39779409a7e,5b5f384f5457a39779409a7e,Time-of-use - General Service - Demand Metered - NonTOU - GS-3 - (under 2 kv),2017-01-01 08:00:00+00:00,Commercial,Bundled,3.0,True,False,weak,,
GS-2,Southern California Edison Co,539f6dfbec4f024411ecbc67,539f6dfbec4f024411ecbc67,General Service - Demand: GS-2 - Three Phase (Under 2kV),2014-01-29 13:00:00+00:00,Commercial,,557083bc5457a37a19db22a3,557083bc5457a37a19db22a3,"Time of Use, General Service, Demand Metered, Critical Peak-Lite Option: TOU-GS-2 CPP-Lite, Three Phase; REPEAT rate",2015-06-01 06:00:00+00:00,Commercial,,1.33,True,True,strong,,
GS-2,Southern California Edison Co,539f6dfbec4f024411ecbc67,539f6dfbec4f024411ecbc67,General Service - Demand: GS-2 - Three Phase (Under 2kV),2014-01-29 13:00:00+00:00,Commercial,,55707e995457a37354db22a5,55707e995457a37354db22a5,"Time of Use, General Service, Demand Metered, Critical Peak-Lite Option: TOU-GS-2 CPP-Lite, Single Phase; REPEAT rate",2015-06-01 06:00:00+00:00,Commercial,,1.33,True,True,strong,,
GS-2,Southern California Edison Co,539f6dfbec4f024411ecbc67,539f6dfbec4f024411ecbc67,General Service - Demand: GS-2 - Three Phase (Under 2kV),2014-01-29 13:00:00+00:00,Commercial,,55707a575457a37354db22a4,55707a575457a37354db22a4,"Time of Use, General Service, Demand Metered, Critical Peak Option: TOU-GS-2 CPP, Single Phase",2015-06-01 07:00:00+00:00,Commercial,,1.33,True,True,strong,,
GS-2,Southern California Edison Co,539f6dfbec4f024411ecbc67,539f6dfbec4f024411ecbc67,General Service - Demand: GS-2 - Three Phase (Under 2kV),2014-01-29 13:00:00+00:00,Commercial,,557076bc5457a3a23cdb22a6,557076bc5457a3a23cdb22a6,"Time of Use, General Service, Demand Metered, Option R: GS-2 TOU R - Three phase",2015-06-01 07:00:00+00:00,Commercial,,1.33,True,True,strong,,
GS-2,Southern California Edison Co,539f6dfbec4f024411ecbc67,539f6dfbec4f024411ecbc67,General Service - Demand: GS-2 - Three Phase (Under 2kV),2014-01-29 13:00:00+00:00,Commercial,,55705ad65457a3f449db22a3,55705ad65457a3f449db22a3,"General Service - Demand: GS-2, Single Phase Service; Closed Rate",2015-06-01 06:00:00+00:00,Commercial,,1.33,True,True,strong,,
GS-2,Southern California Edison Co,539f6dfbec4f024411ecbc67,539f6dfbec4f024411ecbc67,General Service - Demand: GS-2 - Three Phase (Under 2kV),2014-01-29 13:00:00+00:00,Commercial,,55706d4c5457a31422db22a3,55706d4c5457a31422db22a3,"Time of Use, General Service, Demand Metered, Option B: GS-2 TOU B, Three Phase",2015-06-01 07:00:00+00:00,Commercial,,1.33,True,True,strong,,
GS-2,Southern California Edison Co,539f6dfbec4f024411ecbc67,539f6dfbec4f024411ecbc67,General Service - Demand: GS-2 - Three Phase (Under 2kV),2014-01-29 13:00:00+00:00,Commercial,,557069245457a37354db22a2,557069245457a37354db22a2,"Time of Use, General Service, Demand Metered, Option B: GS-2 TOU B, Single Phase",2015-06-01 07:00:00+00:00,Commercial,,1.33,True,True,strong,,
GS-2,Southern California Edison Co,539f6dfbec4f024411ecbc67,539f6dfbec4f024411ecbc67,General Service - Demand: GS-2 - Three Phase (Under 2kV),2014-01-29 13:00:00+00:00,Commercial,,557067a65457a3b602db22a3,557067a65457a3b602db22a3,"Time of Use, General Service, Demand Metered, Option A: GS-2 TOU A, Three Phase",2015-06-01 07:00:00+00:00,Commercial,,1.33,True,True,strong,,
GS-2,Southern California Edison Co,539f6dfbec4f024411ecbc67,539f6dfbec4f024411ecbc67,General Service - Demand: GS-2 - Three Phase (Under 2kV),2014-01-29 13:00:00+00:00,Commercial,,557063955457a3fb54db22a2,557063955457a3fb54db22a2,"Time of Use, General Service, Demand Metered, Option A: GS-2 TOU A, Single Phase",2015-06-01 07:00:00+00:00,Commercial,,1.33,True,True,strong,,
GS-2,Southern California Edison Co,539f6dfbec4f024411ecbc67,539f6dfbec4f024411ecbc67,General Service - Demand: GS-2 - Three Phase (Under 2kV),2014-01-29 13:00:00+00:00,Commercial,,55705f695457a3a23cdb22a3,55705f695457a3a23cdb22a3,General Service - Demand: GS-2 - Three Phase; Closed Rate,2015-06-01 06:00:00+00:00,Commercial,,1.33,True,True,strong,,
GS-2,Southern California Edison Co,539f6dfbec4f024411ecbc67,539f6dfbec4f024411ecbc67,General Service - Demand: GS-2 - Three Phase (Under 2kV),2014-01-29 13:00:00+00:00,Commercial,,55706f305457a31422db22a4,55706f305457a31422db22a4,"Time of Use, General Service, Demand Metered, Option R: GS-2 TOU R - Single phase",2015-06-01 07:00:00+00:00,Commercial,,1.33,True,True,strong,,
GS-2,Southern California Edison Co,539f6dfbec4f024411ecbc67,539f6dfbec4f024411ecbc67,General Service - Demand: GS-2 - Three Phase (Under 2kV),2014-01-29 13:00:00+00:00,Commercial,,55707d1c5457a3f449db22a4,55707d1c5457a3f449db22a4,"Time of Use, General Service, Demand Metered, Critical Peak Option: TOU-GS-2 CPP, Three Phase",2015-06-01 07:00:00+00:00,Commercial,,1.33,True,True,strong,,
GS-2,Southern California Edison Co,539f6dfbec4f024411ecbc67,539f6dfbec4f024411ecbc67,General Service - Demand: GS-2 - Three Phase (Under 2kV),2014-01-29 13:00:00+00:00,Commercial,,574f6b105457a3d8785e629e,574f6b105457a3d8785e629e,"Time of Use, General Service, Demand Metered, TOU-GS-2, Option B",2016-05-02 06:00:00+00:00,Commercial,,2.25,True,True,strong,,
GS-2,Southern California Edison Co,539f6dfbec4f024411ecbc67,539f6dfbec4f024411ecbc67,General Service - Demand: GS-2 - Three Phase (Under 2kV),2014-01-29 13:00:00+00:00,Commercial,,586d4bf65457a366061c9606,586d4bf65457a366061c9606,"Time of Use, General Service, Demand Metered, Option GS-2 TOU A, Single Phase (At 220kV)",2017-01-01 07:00:00+00:00,Commercial,,2.92,True,True,strong,,
GS-2,Southern California Edison Co,539f6dfbec4f024411ecbc67,539f6dfbec4f024411ecbc67,General Service - Demand: GS-2 - Three Phase (Under 2kV),2014-01-29 13:00:00+00:00,Commercial,,586d4ca75457a348111c9605,586d4ca75457a348111c9605,"Time of Use, General Service, Demand Metered, Option A: GS-2 TOU A, Three Phase (At 220kV)",2017-01-01 07:00:00+00:00,Commercial,,2.92,True,True,strong,,
GS-2,Southern California Edison Co,539f6dfbec4f024411ecbc67,539f6dfbec4f024411ecbc67,General Service - Demand: GS-2 - Three Phase (Under 2kV),2014-01-29 13:00:00+00:00,Commercial,,59c05cde5457a30837bbb280,59c05cde5457a30837bbb280,"TOU-GS-2, Option E",2017-12-01 08:00:00+00:00,Commercial,,3.84,True,True,strong,,
GS-2,Southern California Edison Co,539f6dfbec4f024411ecbc67,539f6dfbec4f024411ecbc67,General Service - Demand: GS-2 - Three Phase (Under 2kV),2014-01-29 13:00:00+00:00,Commercial,,5c9114ea5457a37e5307bc77,5c9114ea5457a37e5307bc77,"Time of Use, General Service, Demand Metered, Option D: GS-2 TOU D, Three Phase (Under 2 kV)",2015-02-28 08:00:00+00:00,Commercial,Bundled,1.08,True,False,weak,,
GS-2,Southern California Edison Co,539f6dfbec4f024411ecbc67,539f6dfbec4f024411ecbc67,General Service - Demand: GS-2 - Three Phase (Under 2kV),2014-01-29 13:00:00+00:00,Commercial,,5c9080fb5457a3102a07bc77,5c9080fb5457a3102a07bc77,"Time of Use, General Service, Demand Metered, Option E: GS-2 TOU E, Three Phase (Under 2 kV)",2015-02-28 08:00:00+00:00,Commercial,Bundled,1.08,True,False,weak,,
GS-2,Southern California Edison Co,539f6dfbec4f024411ecbc67,539f6dfbec4f024411ecbc67,General Service - Demand: GS-2 - Three Phase (Under 2kV),2014-01-29 13:00:00+00:00,Commercial,,59c05bc05457a30837bbb27f,59c05bc05457a30837bbb27f,"TOU-GS-2, Option D",2017-12-01 08:00:00+00:00,Commercial,Delivery with Standard Offer,3.84,True,False,weak,,
GS-2,Southern California Edison Co,539f6e0bec4f024411ecbd7b,5c8180957bece2299eceb3d8,"Time of Use, General Service, Demand Metered, Option A: GS-2 TOU A, Three Phase (2kV - 50kV)",2018-10-01 07:00:00+00:00,Commercial,Bundled,5cdb9d385457a3616340c5d2,5cdb9d385457a3616340c5d2,"Time of Use, General Service, Demand Metered, Option E: GS-2 TOU E, Three Phase (Under 2 kV)",2019-04-12 07:00:00+00:00,Commercial,Bundled,0.53,True,True,strong,,
GS-2,Southern California Edison Co,539f6e0bec4f024411ecbd7b,5c8180957bece2299eceb3d8,"Time of Use, General Service, Demand Metered, Option A: GS-2 TOU A, Three Phase (2kV - 50kV)",2018-10-01 07:00:00+00:00,Commercial,Bundled,5cdb9e605457a3b72b40c5d3,5cdb9e605457a3b72b40c5d3,"Time of Use, General Service, Demand Metered, Option D: GS-2 TOU D, Three Phase (Under 2 kV)",2019-04-12 07:00:00+00:00,Commercial,Bundled,0.53,True,True,strong,,
GS-3,Southern California Edison Co,539f6f10ec4f024411ecc9a1,539f6f10ec4f024411ecc9a1,Time-Of-Use - General Service - Demand Metered: TOU-GS-3 Option CPP (2kV - 50kV),2014-01-01 08:00:00+00:00,Commercial,,557086ae5457a3f449db22a6,557086ae5457a3f449db22a6,"Time-of-use - General Service - Demand Metered: TOU-GS-3, Option A; REPEAT Rate",2015-06-01 06:00:00+00:00,Commercial,,1.41,True,True,strong,,
GS-3,Southern California Edison Co,539f6f10ec4f024411ecc9a1,539f6f10ec4f024411ecc9a1,Time-Of-Use - General Service - Demand Metered: TOU-GS-3 Option CPP (2kV - 50kV),2014-01-01 08:00:00+00:00,Commercial,,55709cef5457a3b71fdb22a2,55709cef5457a3b71fdb22a2,"Time-of-use - General Service - Demand Metered: TOU-GS-3, Option R",2015-06-01 07:00:00+00:00,Commercial,,1.41,True,True,strong,,
GS-3,Southern California Edison Co,539f6f10ec4f024411ecc9a1,539f6f10ec4f024411ecc9a1,Time-Of-Use - General Service - Demand Metered: TOU-GS-3 Option CPP (2kV - 50kV),2014-01-01 08:00:00+00:00,Commercial,,5570a0385457a33467db22a3,5570a0385457a33467db22a3,Time-Of-Use - General Service - Demand Metered: TOU-GS-3 Option CPP,2015-06-01 07:00:00+00:00,Commercial,,1.41,True,True,strong,,
GS-3,Southern California Edison Co,539f6f10ec4f024411ecc9a1,539f6f10ec4f024411ecc9a1,Time-Of-Use - General Service - Demand Metered: TOU-GS-3 Option CPP (2kV - 50kV),2014-01-01 08:00:00+00:00,Commercial,,5570b8575457a37a19db22a6,5570b8575457a37a19db22a6,Time-of-use - General Service - Demand Metered-Super Off Peak: TOU-GS-3-SOP,2015-06-01 07:00:00+00:00,Commercial,,1.41,True,True,strong,,
GS-3,Southern California Edison Co,539f6f10ec4f024411ecc9a1,539f6f10ec4f024411ecc9a1,Time-Of-Use - General Service - Demand Metered: TOU-GS-3 Option CPP (2kV - 50kV),2014-01-01 08:00:00+00:00,Commercial,,55708b045457a33467db22a2,55708b045457a33467db22a2,"Time-of-use - General Service - Demand Metered: TOU-GS-3, Option B",2016-01-01 08:00:00+00:00,Commercial,,2.0,True,True,strong,,
GS-3,Southern California Edison Co,539f6f10ec4f024411ecc9a1,539f6f10ec4f024411ecc9a1,Time-Of-Use - General Service - Demand Metered: TOU-GS-3 Option CPP (2kV - 50kV),2014-01-01 08:00:00+00:00,Commercial,,586e87cc5457a3bc711c9606,586e87cc5457a3bc711c9606,"Time-of-use - General Service - Demand Metered: TOU-GS-3, Option R (50kV-220kV)",2017-01-01 07:00:00+00:00,Commercial,,3.0,True,True,strong,,
GS-3,Southern California Edison Co,539f6f10ec4f024411ecc9a1,539f6f10ec4f024411ecc9a1,Time-Of-Use - General Service - Demand Metered: TOU-GS-3 Option CPP (2kV - 50kV),2014-01-01 08:00:00+00:00,Commercial,,586e86b95457a3d3711c9605,586e86b95457a3d3711c9605,"Time-of-use - General Service - Demand Metered: TOU-GS-3, Option R (2kV to 50kV)",2017-01-01 07:00:00+00:00,Commercial,,3.0,True,True,strong,,
GS-3,Southern California Edison Co,539f6f10ec4f024411ecc9a1,539f6f10ec4f024411ecc9a1,Time-Of-Use - General Service - Demand Metered: TOU-GS-3 Option CPP (2kV - 50kV),2014-01-01 08:00:00+00:00,Commercial,,586e819e5457a37c711c9605,586e819e5457a37c711c9605,"Time-of-use - General Service - Demand Metered: TOU-GS-3, Option B (2kV-50kV)",2017-01-01 07:00:00+00:00,Commercial,,3.0,True,True,strong,,
GS-3,Southern California Edison Co,539f6f10ec4f024411ecc9a1,539f6f10ec4f024411ecc9a1,Time-Of-Use - General Service - Demand Metered: TOU-GS-3 Option CPP (2kV - 50kV),2014-01-01 08:00:00+00:00,Commercial,,586e82f95457a3c1711c9605,586e82f95457a3c1711c9605,"Time-of-use - General Service - Demand Metered: TOU-GS-3, Option B (50kV to 220kV)",2017-01-01 07:00:00+00:00,Commercial,,3.0,True,True,strong,,
GS-3,Southern California Edison Co,539f6f10ec4f024411ecc9a1,539f6f10ec4f024411ecc9a1,Time-Of-Use - General Service - Demand Metered: TOU-GS-3 Option CPP (2kV - 50kV),2014-01-01 08:00:00+00:00,Commercial,,586e7f305457a3dd711c9605,586e7f305457a3dd711c9605,"Time-of-use - General Service - Demand Metered: TOU-GS-3, Option A (at 220kV)",2017-01-01 07:00:00+00:00,Commercial,,3.0,True,True,strong,,
GS-3,Southern California Edison Co,539f6f10ec4f024411ecc9a1,539f6f10ec4f024411ecc9a1,Time-Of-Use - General Service - Demand Metered: TOU-GS-3 Option CPP (2kV - 50kV),2014-01-01 08:00:00+00:00,Commercial,,586e7f055457a3bc711c9605,586e7f055457a3bc711c9605,"Time-of-use - General Service - Demand Metered: TOU-GS-3, Option A (50kV to 220kV)",2017-01-01 07:00:00+00:00,Commercial,,3.0,True,True,strong,,
GS-3,Southern California Edison Co,539f6f10ec4f024411ecc9a1,539f6f10ec4f024411ecc9a1,Time-Of-Use - General Service - Demand Metered: TOU-GS-3 Option CPP (2kV - 50kV),2014-01-01 08:00:00+00:00,Commercial,,586e7ee45457a3c6711c9605,586e7ee45457a3c6711c9605,"Time-of-use - General Service - Demand Metered: TOU-GS-3, Option A (2kV to 50kV)",2017-01-01 07:00:00+00:00,Commercial,,3.0,True,True,strong,,
GS-3,Southern California Edison Co,539f6f10ec4f024411ecc9a1,539f6f10ec4f024411ecc9a1,Time-Of-Use - General Service - Demand Metered: TOU-GS-3 Option CPP (2kV - 50kV),2014-01-01 08:00:00+00:00,Commercial,,59c05e4b5457a37206bbb281,59c05e4b5457a37206bbb281,"TOU-GS-3, Option D",2017-12-01 08:00:00+00:00,Commercial,,3.92,True,True,strong,,
GS-3,Southern California Edison Co,539f6f10ec4f024411ecc9a1,539f6f10ec4f024411ecc9a1,Time-Of-Use - General Service - Demand Metered: TOU-GS-3 Option CPP (2kV - 50kV),2014-01-01 08:00:00+00:00,Commercial,,59c05f655457a3814ebbb27c,59c05f655457a3814ebbb27c,"TOU-GS-3, Option E",2017-12-01 08:00:00+00:00,Commercial,,3.92,True,True,strong,,
GS-3,Southern California Edison Co,539f6f10ec4f024411ecc9a1,539f6f10ec4f024411ecc9a1,Time-Of-Use - General Service - Demand Metered: TOU-GS-3 Option CPP (2kV - 50kV),2014-01-01 08:00:00+00:00,Commercial,,586e81155457a31a7a1c9605,586e81155457a31a7a1c9605,"Time of Use, General Service, Demand Metered, Option B: GS-3 TOU B (Under 2kV)",2017-01-01 07:00:00+00:00,Commercial,Bundled,3.0,True,False,weak,,
GS-3,Southern California Edison Co,539f6f10ec4f024411ecc9a1,539f6f10ec4f024411ecc9a1,Time-Of-Use - General Service - Demand Metered: TOU-GS-3 Option CPP (2kV - 50kV),2014-01-01 08:00:00+00:00,Commercial,,5b5f2c815457a39779409a7d,5b5f2c815457a39779409a7d,Time-of-use - General Service - Super Off Peak - Demand Metered: TOU-GS-3-SOP (under 2 kv),2017-01-01 08:00:00+00:00,Commercial,Bundled,3.0,True,False,weak,,
GS-3,Southern California Edison Co,539f6f10ec4f024411ecc9a1,539f6f10ec4f024411ecc9a1,Time-Of-Use - General Service - Demand Metered: TOU-GS-3 Option CPP (2kV - 50kV),2014-01-01 08:00:00+00:00,Commercial,,5b5ef3155457a39879409a7b,5b5ef3155457a39879409a7b,"Time-of-use - General Service - Demand Metered: TOU-GS-3, Option CPP (Under 2kV)",2017-01-01 08:00:00+00:00,Commercial,Bundled,3.0,True,False,weak,,
GS-3,Southern California Edison Co,539f6f10ec4f024411ecc9a1,539f6f10ec4f024411ecc9a1,Time-Of-Use - General Service - Demand Metered: TOU-GS-3 Option CPP (2kV - 50kV),2014-01-01 08:00:00+00:00,Commercial,,5b5f1f965457a39579409a7c,5b5f1f965457a39579409a7c,"Time-of-use - General Service - Demand Metered: TOU-GS-3, Option A (Under 2kV)",2017-01-01 08:00:00+00:00,Commercial,Bundled,3.0,True,False,weak,,
GS-3,Southern California Edison Co,539f6f10ec4f024411ecc9a1,539f6f10ec4f024411ecc9a1,Time-Of-Use - General Service - Demand Metered: TOU-GS-3 Option CPP (2kV - 50kV),2014-01-01 08:00:00+00:00,Commercial,,5b5f24005457a39779409a7b,5b5f24005457a39779409a7b,"Time-of-use - General Service - Demand Metered: TOU-GS-3, Option B (Under 2kV)",2017-01-01 08:00:00+00:00,Commercial,Bundled,3.0,True,False,weak,,
GS-3,Southern California Edison Co,539f6f10ec4f024411ecc9a1,539f6f10ec4f024411ecc9a1,Time-Of-Use - General Service - Demand Metered: TOU-GS-3 Option CPP (2kV - 50kV),2014-01-01 08:00:00+00:00,Commercial,,5b5f27b45457a34051409a7c,5b5f27b45457a34051409a7c,"Time-of-use - General Service - Demand Metered: TOU-GS-3, Option R (Under 2kV)",2017-01-01 08:00:00+00:00,Commercial,Bundled,3.0,True,False,weak,,
GS-3,Southern California Edison Co,539f6f10ec4f024411ecc9a1,539f6f10ec4f024411ecc9a1,Time-Of-Use - General Service - Demand Metered: TOU-GS-3 Option CPP (2kV - 50kV),2014-01-01 08:00:00+00:00,Commercial,,5b5f384f5457a39779409a7e,5b5f384f5457a39779409a7e,Time-of-use - General Service - Demand Metered - NonTOU - GS-3 - (under 2 kv),2017-01-01 08:00:00+00:00,Commercial,Bundled,3.0,True,False,weak,,
TOU-8,Southern California Edison Co,539f703eec4f024411ecd79d,586e8b045457a3c1711c9607,"Time-Of-Use - General Service - Large: TOU-8, Option A (Under 2 kV)",2016-12-31 08:00:00+00:00,Commercial,,59c0608e5457a3c813bbb282,59c0608e5457a3c813bbb282,"TOU-8, Option D (BELOW 2 KV)",2017-12-01 08:00:00+00:00,Commercial,,0.92,True,True,strong,,
TOU-8,Southern California Edison Co,539f703eec4f024411ecd79d,586e8b045457a3c1711c9607,"Time-Of-Use - General Service - Large: TOU-8, Option A (Under 2 kV)",2016-12-31 08:00:00+00:00,Commercial,,59c0616d5457a3d348bbb27c,59c0616d5457a3d348bbb27c,"TOU-8, Option E (BELOW 2 KV)",2017-12-01 08:00:00+00:00,Commercial,,0.92,True,True,strong,,
TOU-8,Southern California Edison Co,539f703eec4f024411ecd79d,586e8b045457a3c1711c9607,"Time-Of-Use - General Service - Large: TOU-8, Option A (Under 2 kV)",2016-12-31 08:00:00+00:00,Commercial,,5bc7c2105457a32d493b43ee,5bc7c2105457a32d493b43ee,"TOU-8, Option A (BELOW 2 KV)",2018-10-01 06:00:00+00:00,Commercial,Bundled,1.75,True,False,weak,,
TOU-8,Southern California Edison Co,539f703eec4f024411ecd79d,586e8b045457a3c1711c9607,"Time-Of-Use - General Service - Large: TOU-8, Option A (Under 2 kV)",2016-12-31 08:00:00+00:00,Commercial,,5bc7c3045457a3ee6b3b43f0,5bc7c3045457a3ee6b3b43f0,"TOU-8, Option B (BELOW 2 KV)",2018-10-01 06:00:00+00:00,Commercial,Bundled,1.75,True,False,weak,,
TOU-8,Southern California Edison Co,539f703eec4f024411ecd79d,586e8b045457a3c1711c9607,"Time-Of-Use - General Service - Large: TOU-8, Option A (Under 2 kV)",2016-12-31 08:00:00+00:00,Commercial,,5bc7c4515457a333213b43ec,5bc7c4515457a333213b43ec,"TOU-8, Option R (BELOW 2 KV)",2018-10-01 06:00:00+00:00,Commercial,Bundled,1.75,True,False,weak,,
TOU-8,Southern California Edison Co,539f703eec4f024411ecd79d,586e8b045457a3c1711c9607,"Time-Of-Use - General Service - Large: TOU-8, Option A (Under 2 kV)",2016-12-31 08:00:00+00:00,Commercial,,5cdbb2615457a3b72b40c5d4,5cdbb2615457a3b72b40c5d4,"Time-Of-Use - General Service - Large: TOU-8, Option E (Under 2 kV)",2019-04-12 07:00:00+00:00,Commercial,Bundled,2.28,True,False,weak,,
TOU-8,Southern California Edison Co,539f703eec4f024411ecd79d,586e8b045457a3c1711c9607,"Time-Of-Use - General Service - Large: TOU-8, Option A (Under 2 kV)",2016-12-31 08:00:00+00:00,Commercial,,5cdbb4e05457a3616340c5d4,5cdbb4e05457a3616340c5d4,"Time-Of-Use - General Service - Large: TOU-8, Option D (Under 2 kV)",2019-04-12 07:00:00+00:00,Commercial,Bundled,2.28,True,False,weak,,
TOU-8,Southern California Edison Co,539f7192ec4f024411ece725,539f7192ec4f024411ece725,"Time-Of-Use - General Service - Large: TOU-8, Option R (above 220kV)",2014-01-01 13:00:00+00:00,Commercial,,5571b8695457a38e37db22a5,5571b8695457a38e37db22a5,"Time-Of-Use - General Service - Large: TOU-8, Option R (above 50kV)",2015-06-01 07:00:00+00:00,Commercial,,1.41,True,True,strong,,
TOU-8,Southern California Edison Co,539f7192ec4f024411ece725,539f7192ec4f024411ece725,"Time-Of-Use - General Service - Large: TOU-8, Option R (above 220kV)",2014-01-01 13:00:00+00:00,Commercial,,587014c55457a36f0d1c9606,587014c55457a36f0d1c9606,"Time-Of-Use - General Service - Large: TOU-8, Option A (Under 2 kV)",2017-01-01 07:00:00+00:00,Commercial,,3.0,True,True,strong,,
TOU-8,Southern California Edison Co,539f7192ec4f024411ece725,539f7192ec4f024411ece725,"Time-Of-Use - General Service - Large: TOU-8, Option R (above 220kV)",2014-01-01 13:00:00+00:00,Commercial,,59c0608e5457a3c813bbb282,59c0608e5457a3c813bbb282,"TOU-8, Option D (BELOW 2 KV)",2017-12-01 08:00:00+00:00,Commercial,,3.91,True,True,strong,,
TOU-8,Southern California Edison Co,539f7192ec4f024411ece725,539f7192ec4f024411ece725,"Time-Of-Use - General Service - Large: TOU-8, Option R (above 220kV)",2014-01-01 13:00:00+00:00,Commercial,,59c0616d5457a3d348bbb27c,59c0616d5457a3d348bbb27c,"TOU-8, Option E (BELOW 2 KV)",2017-12-01 08:00:00+00:00,Commercial,,3.91,True,True,strong,,
TOU-8,Southern California Edison Co,539f7192ec4f024411ece725,539f7192ec4f024411ece725,"Time-Of-Use - General Service - Large: TOU-8, Option R (above 220kV)",2014-01-01 13:00:00+00:00,Commercial,,5c8028985457a3d93c4b0dbc,5c8028985457a3d93c4b0dbc,"Time-Of-Use - General Service - Large: TOU-8, Option D (Under 2 kV)",2015-03-01 08:00:00+00:00,Commercial,Bundled,1.16,True,False,weak,,
TOU-8,Southern California Edison Co,539f7192ec4f024411ece725,539f7192ec4f024411ece725,"Time-Of-Use - General Service - Large: TOU-8, Option R (above 220kV)",2014-01-01 13:00:00+00:00,Commercial,,5c802c755457a3773e4b0dbc,5c802c755457a3773e4b0dbc,"Time-Of-Use - General Service - Large: TOU-8, Option E (Under 2 kV)",2015-03-01 08:00:00+00:00,Commercial,Bundled,1.16,True,False,weak,,
TOU-8,Southern California Edison Co,539f7192ec4f024411ece725,539f7192ec4f024411ece725,"Time-Of-Use - General Service - Large: TOU-8, Option R (above 220kV)",2014-01-01 13:00:00+00:00,Commercial,,587016a85457a3d7241c9605,587016a85457a3d7241c9605,"Time-Of-Use - General Service - Large: TOU-8, Option B (Under 2 kV)",2017-01-01 08:00:00+00:00,Commercial,Bundled,3.0,True,False,weak,,
TOU-8,Southern California Edison Co,539f7192ec4f024411ece725,539f7192ec4f024411ece725,"Time-Of-Use - General Service - Large: TOU-8, Option R (above 220kV)",2014-01-01 13:00:00+00:00,Commercial,,5b593df35457a3a33426b8f8,5b593df35457a3a33426b8f8,"Time-Of-Use - General Service - Large: TOU-8, Option A (Under 2 kV)",2017-01-01 07:00:00+00:00,Commercial,Bundled,3.0,True,False,weak,,
TOU-8,Southern California Edison Co,539f7192ec4f024411ece725,539f7192ec4f024411ece725,"Time-Of-Use - General Service - Large: TOU-8, Option R (above 220kV)",2014-01-01 13:00:00+00:00,Commercial,,5b59413d5457a3f33726b8f8,5b59413d5457a3f33726b8f8,"Time-Of-Use - General Service - Large: TOU-8, Option R (under 2kV)",2017-01-01 07:00:00+00:00,Commercial,Bundled,3.0,True,False,weak,,
TOU-8,Southern California Edison Co,539f7192ec4f024411ece725,539f7192ec4f024411ece725,"Time-Of-Use - General Service - Large: TOU-8, Option R (above 220kV)",2014-01-01 13:00:00+00:00,Commercial,,5b5943bc5457a3463a26b8f8,5b5943bc5457a3463a26b8f8,"Time-Of-Use - General Service - Large: TOU-8, Option CPP (Under 2 kV)",2017-01-01 08:00:00+00:00,Commercial,Bundled,3.0,True,False,weak,,
TOU-8,Southern California Edison Co,539f7192ec4f024411ece725,539f7192ec4f024411ece725,"Time-Of-Use - General Service - Large: TOU-8, Option R (above 220kV)",2014-01-01 13:00:00+00:00,Commercial,,5b85d81a5457a34d068b4567,5b85d81a5457a34d068b4567,"Time-Of-Use - General Service - Large: TOU-8, Option A (2 kV - 50kV)",2017-01-01 07:00:00+00:00,Commercial,Bundled,3.0,True,False,weak,,
GS-2,Southern California Edison Co,539f71c4ec4f024411ece9c1,539f71c4ec4f024411ece9c1,"Time of Use, General Service, Demand Metered, Critical Peak-Lite Option: TOU-GS-2 CPP-Lite, Single Phase (50kV-220kV)",2014-01-01 13:00:00+00:00,Commercial,,557083bc5457a37a19db22a3,557083bc5457a37a19db22a3,"Time of Use, General Service, Demand Metered, Critical Peak-Lite Option: TOU-GS-2 CPP-Lite, Three Phase; REPEAT rate",2015-06-01 06:00:00+00:00,Commercial,,1.41,True,True,strong,,
GS-2,Southern California Edison Co,539f71c4ec4f024411ece9c1,539f71c4ec4f024411ece9c1,"Time of Use, General Service, Demand Metered, Critical Peak-Lite Option: TOU-GS-2 CPP-Lite, Single Phase (50kV-220kV)",2014-01-01 13:00:00+00:00,Commercial,,55707e995457a37354db22a5,55707e995457a37354db22a5,"Time of Use, General Service, Demand Metered, Critical Peak-Lite Option: TOU-GS-2 CPP-Lite, Single Phase; REPEAT rate",2015-06-01 06:00:00+00:00,Commercial,,1.41,True,True,strong,,
GS-2,Southern California Edison Co,539f71c4ec4f024411ece9c1,539f71c4ec4f024411ece9c1,"Time of Use, General Service, Demand Metered, Critical Peak-Lite Option: TOU-GS-2 CPP-Lite, Single Phase (50kV-220kV)",2014-01-01 13:00:00+00:00,Commercial,,55707a575457a37354db22a4,55707a575457a37354db22a4,"Time of Use, General Service, Demand Metered, Critical Peak Option: TOU-GS-2 CPP, Single Phase",2015-06-01 07:00:00+00:00,Commercial,,1.41,True,True,strong,,
GS-2,Southern California Edison Co,539f71c4ec4f024411ece9c1,539f71c4ec4f024411ece9c1,"Time of Use, General Service, Demand Metered, Critical Peak-Lite Option: TOU-GS-2 CPP-Lite, Single Phase (50kV-220kV)",2014-01-01 13:00:00+00:00,Commercial,,557076bc5457a3a23cdb22a6,557076bc5457a3a23cdb22a6,"Time of Use, General Service, Demand Metered, Option R: GS-2 TOU R - Three phase",2015-06-01 07:00:00+00:00,Commercial,,1.41,True,True,strong,,
GS-2,Southern California Edison Co,539f71c4ec4f024411ece9c1,539f71c4ec4f024411ece9c1,"Time of Use, General Service, Demand Metered, Critical Peak-Lite Option: TOU-GS-2 CPP-Lite, Single Phase (50kV-220kV)",2014-01-01 13:00:00+00:00,Commercial,,55705ad65457a3f449db22a3,55705ad65457a3f449db22a3,"General Service - Demand: GS-2, Single Phase Service; Closed Rate",2015-06-01 06:00:00+00:00,Commercial,,1.41,True,True,strong,,
GS-2,Southern California Edison Co,539f71c4ec4f024411ece9c1,539f71c4ec4f024411ece9c1,"Time of Use, General Service, Demand Metered, Critical Peak-Lite Option: TOU-GS-2 CPP-Lite, Single Phase (50kV-220kV)",2014-01-01 13:00:00+00:00,Commercial,,55706d4c5457a31422db22a3,55706d4c5457a31422db22a3,"Time of Use, General Service, Demand Metered, Option B: GS-2 TOU B, Three Phase",2015-06-01 07:00:00+00:00,Commercial,,1.41,True,True,strong,,
GS-2,Southern California Edison Co,539f71c4ec4f024411ece9c1,539f71c4ec4f024411ece9c1,"Time of Use, General Service, Demand Metered, Critical Peak-Lite Option: TOU-GS-2 CPP-Lite, Single Phase (50kV-220kV)",2014-01-01 13:00:00+00:00,Commercial,,557069245457a37354db22a2,557069245457a37354db22a2,"Time of Use, General Service, Demand Metered, Option B: GS-2 TOU B, Single Phase",2015-06-01 07:00:00+00:00,Commercial,,1.41,True,True,strong,,
GS-2,Southern California Edison Co,539f71c4ec4f024411ece9c1,539f71c4ec4f024411ece9c1,"Time of Use, General Service, Demand Metered, Critical Peak-Lite Option: TOU-GS-2 CPP-Lite, Single Phase (50kV-220kV)",2014-01-01 13:00:00+00:00,Commercial,,557067a65457a3b602db22a3,557067a65457a3b602db22a3,"Time of Use, General Service, Demand Metered, Option A: GS-2 TOU A, Three Phase",2015-06-01 07:00:00+00:00,Commercial,,1.41,True,True,strong,,
GS-2,Southern California Edison Co,539f71c4ec4f024411ece9c1,539f71c4ec4f024411ece9c1,"Time of Use, General Service, Demand Metered, Critical Peak-Lite Option: TOU-GS-2 CPP-Lite, Single Phase (50kV-220kV)",2014-01-01 13:00:00+00:00,Commercial,,557063955457a3fb54db22a2,557063955457a3fb54db22a2,"Time of Use, General Service, Demand Metered, Option A: GS-2 TOU A, Single Phase",2015-06-01 07:00:00+00:00,Commercial,,1.41,True,True,strong,,
GS-2,Southern California Edison Co,539f71c4ec4f024411ece9c1,539f71c4ec4f024411ece9c1,"Time of Use, General Service, Demand Metered, Critical Peak-Lite Option: TOU-GS-2 CPP-Lite, Single Phase (50kV-220kV)",2014-01-01 13:00:00+00:00,Commercial,,55705f695457a3a23cdb22a3,55705f695457a3a23cdb22a3,General Service - Demand: GS-2 - Three Phase; Closed Rate,2015-06-01 06:00:00+00:00,Commercial,,1.41,True,True,strong,,
GS-2,Southern California Edison Co,539f71c4ec4f024411ece9c1,539f71c4ec4f024411ece9c1,"Time of Use, General Service, Demand Metered, Critical Peak-Lite Option: TOU-GS-2 CPP-Lite, Single Phase (50kV-220kV)",2014-01-01 13:00:00+00:00,Commercial,,55706f305457a31422db22a4,55706f305457a31422db22a4,"Time of Use, General Service, Demand Metered, Option R: GS-2 TOU R - Single phase",2015-06-01 07:00:00+00:00,Commercial,,1.41,True,True,strong,,
GS-2,Southern California Edison Co,539f71c4ec4f024411ece9c1,539f71c4ec4f024411ece9c1,"Time of Use, General Service, Demand Metered, Critical Peak-Lite Option: TOU-GS-2 CPP-Lite, Single Phase (50kV-220kV)",2014-01-01 13:00:00+00:00,Commercial,,55707d1c5457a3f449db22a4,55707d1c5457a3f449db22a4,"Time of Use, General Service, Demand Metered, Critical Peak Option: TOU-GS-2 CPP, Three Phase",2015-06-01 07:00:00+00:00,Commercial,,1.41,True,True,strong,,
GS-2,Southern California Edison Co,539f71c4ec4f024411ece9c1,539f71c4ec4f024411ece9c1,"Time of Use, General Service, Demand Metered, Critical Peak-Lite Option: TOU-GS-2 CPP-Lite, Single Phase (50kV-220kV)",2014-01-01 13:00:00+00:00,Commercial,,574f6b105457a3d8785e629e,574f6b105457a3d8785e629e,"Time of Use, General Service, Demand Metered, TOU-GS-2, Option B",2016-05-02 06:00:00+00:00,Commercial,,2.33,True,True,strong,,
GS-2,Southern California Edison Co,539f71c4ec4f024411ece9c1,539f71c4ec4f024411ece9c1,"Time of Use, General Service, Demand Metered, Critical Peak-Lite Option: TOU-GS-2 CPP-Lite, Single Phase (50kV-220kV)",2014-01-01 13:00:00+00:00,Commercial,,586d4bf65457a366061c9606,586d4bf65457a366061c9606,"Time of Use, General Service, Demand Metered, Option GS-2 TOU A, Single Phase (At 220kV)",2017-01-01 07:00:00+00:00,Commercial,,3.0,True,True,strong,,
GS-2,Southern California Edison Co,539f71c4ec4f024411ece9c1,539f71c4ec4f024411ece9c1,"Time of Use, General Service, Demand Metered, Critical Peak-Lite Option: TOU-GS-2 CPP-Lite, Single Phase (50kV-220kV)",2014-01-01 13:00:00+00:00,Commercial,,586d4ca75457a348111c9605,586d4ca75457a348111c9605,"Time of Use, General Service, Demand Metered, Option A: GS-2 TOU A, Three Phase (At 220kV)",2017-01-01 07:00:00+00:00,Commercial,,3.0,True,True,strong,,
GS-2,Southern California Edison Co,539f71c4ec4f024411ece9c1,539f71c4ec4f024411ece9c1,"Time of Use, General Service, Demand Metered, Critical Peak-Lite Option: TOU-GS-2 CPP-Lite, Single Phase (50kV-220kV)",2014-01-01 13:00:00+00:00,Commercial,,59c05cde5457a30837bbb280,59c05cde5457a30837bbb280,"TOU-GS-2, Option E",2017-12-01 08:00:00+00:00,Commercial,,3.91,True,True,strong,,
GS-2,Southern California Edison Co,539f71c4ec4f024411ece9c1,539f71c4ec4f024411ece9c1,"Time of Use, General Service, Demand Metered, Critical Peak-Lite Option: TOU-GS-2 CPP-Lite, Single Phase (50kV-220kV)",2014-01-01 13:00:00+00:00,Commercial,,5c9114ea5457a37e5307bc77,5c9114ea5457a37e5307bc77,"Time of Use, General Service, Demand Metered, Option D: GS-2 TOU D, Three Phase (Under 2 kV)",2015-02-28 08:00:00+00:00,Commercial,Bundled,1.16,True,False,weak,,
GS-2,Southern California Edison Co,539f71c4ec4f024411ece9c1,539f71c4ec4f024411ece9c1,"Time of Use, General Service, Demand Metered, Critical Peak-Lite Option: TOU-GS-2 CPP-Lite, Single Phase (50kV-220kV)",2014-01-01 13:00:00+00:00,Commercial,,5c9080fb5457a3102a07bc77,5c9080fb5457a3102a07bc77,"Time of Use, General Service, Demand Metered, Option E: GS-2 TOU E, Three Phase (Under 2 kV)",2015-02-28 08:00:00+00:00,Commercial,Bundled,1.16,True,False,weak,,
GS-2,Southern California Edison Co,539f71c4ec4f024411ece9c1,539f71c4ec4f024411ece9c1,"Time of Use, General Service, Demand Metered, Critical Peak-Lite Option: TOU-GS-2 CPP-Lite, Single Phase (50kV-220kV)",2014-01-01 13:00:00+00:00,Commercial,,59c05bc05457a30837bbb27f,59c05bc05457a30837bbb27f,"TOU-GS-2, Option D",2017-12-01 08:00:00+00:00,Commercial,Delivery with Standard Offer,3.91,True,False,weak,,
GS-2,Southern California Edison Co,539f71eaec4f024411ecebc1,539f71eaec4f024411ecebc1,"Time of Use, General Service, Demand Metered, Critical Peak Option: TOU-GS-2 CPP, Single Phase (2kV - 50kV)",2014-01-01 08:00:00+00:00,Commercial,,557083bc5457a37a19db22a3,557083bc5457a37a19db22a3,"Time of Use, General Service, Demand Metered, Critical Peak-Lite Option: TOU-GS-2 CPP-Lite, Three Phase; REPEAT rate",2015-06-01 06:00:00+00:00,Commercial,,1.41,True,True,strong,,
GS-2,Southern California Edison Co,539f71eaec4f024411ecebc1,539f71eaec4f024411ecebc1,"Time of Use, General Service, Demand Metered, Critical Peak Option: TOU-GS-2 CPP, Single Phase (2kV - 50kV)",2014-01-01 08:00:00+00:00,Commercial,,55707e995457a37354db22a5,55707e995457a37354db22a5,"Time of Use, General Service, Demand Metered, Critical Peak-Lite Option: TOU-GS-2 CPP-Lite, Single Phase; REPEAT rate",2015-06-01 06:00:00+00:00,Commercial,,1.41,True,True,strong,,
GS-2,Southern California Edison Co,539f71eaec4f024411ecebc1,539f71eaec4f024411ecebc1,"Time of Use, General Service, Demand Metered, Critical Peak Option: TOU-GS-2 CPP, Single Phase (2kV - 50kV)",2014-01-01 08:00:00+00:00,Commercial,,55707a575457a37354db22a4,55707a575457a37354db22a4,"Time of Use, General Service, Demand Metered, Critical Peak Option: TOU-GS-2 CPP, Single Phase",2015-06-01 07:00:00+00:00,Commercial,,1.41,True,True,strong,,
GS-2,Southern California Edison Co,539f71eaec4f024411ecebc1,539f71eaec4f024411ecebc1,"Time of Use, General Service, Demand Metered, Critical Peak Option: TOU-GS-2 CPP, Single Phase (2kV - 50kV)",2014-01-01 08:00:00+00:00,Commercial,,557076bc5457a3a23cdb22a6,557076bc5457a3a23cdb22a6,"Time of Use, General Service, Demand Metered, Option R: GS-2 TOU R - Three phase",2015-06-01 07:00:00+00:00,Commercial,,1.41,True,True,strong,,
GS-2,Southern California Edison Co,539f71eaec4f024411ecebc1,539f71eaec4f024411ecebc1,"Time of Use, General Service, Demand Metered, Critical Peak Option: TOU-GS-2 CPP, Single Phase (2kV - 50kV)",2014-01-01 08:00:00+00:00,Commercial,,55705ad65457a3f449db22a3,55705ad65457a3f449db22a3,"General Service - Demand: GS-2, Single Phase Service; Closed Rate",2015-06-01 06:00:00+00:00,Commercial,,1.41,True,True,strong,,
GS-2,Southern California Edison Co,539f71eaec4f024411ecebc1,539f71eaec4f024411ecebc1,"Time of Use, General Service, Demand Metered, Critical Peak Option: TOU-GS-2 CPP, Single Phase (2kV - 50kV)",2014-01-01 08:00:00+00:00,Commercial,,55706d4c5457a31422db22a3,55706d4c5457a31422db22a3,"Time of Use, General Service, Demand Metered, Option B: GS-2 TOU B, Three Phase",2015-06-01 07:00:00+00:00,Commercial,,1.41,True,True,strong,,
GS-2,Southern California Edison Co,539f71eaec4f024411ecebc1,539f71eaec4f024411ecebc1,"Time of Use, General Service, Demand Metered, Critical Peak Option: TOU-GS-2 CPP, Single Phase (2kV - 50kV)",2014-01-01 08:00:00+00:00,Commercial,,557069245457a37354db22a2,557069245457a37354db22a2,"Time of Use, General Service, Demand Metered, Option B: GS-2 TOU B, Single Phase",2015-06-01 07:00:00+00:00,Commercial,,1.41,True,True,strong,,
GS-2,Southern California Edison Co,539f71eaec4f024411ecebc1,539f71eaec4f024411ecebc1,"Time of Use, General Service, Demand Metered, Critical Peak Option: TOU-GS-2 CPP, Single Phase (2kV - 50kV)",2014-01-01 08:00:00+00:00,Commercial,,557067a65457a3b602db22a3,557067a65457a3b602db22a3,"Time of Use, General Service, Demand Metered, Option A: GS-2 TOU A, Three Phase",2015-06-01 07:00:00+00:00,Commercial,,1.41,True,True,strong,,
GS-2,Southern California Edison Co,539f71eaec4f024411ecebc1,539f71eaec4f024411ecebc1,"Time of Use, General Service, Demand Metered, Critical Peak Option: TOU-GS-2 CPP, Single Phase (2kV - 50kV)",2014-01-01 08:00:00+00:00,Commercial,,557063955457a3fb54db22a2,557063955457a3fb54db22a2,"Time of Use, General Service, Demand Metered, Option A: GS-2 TOU A, Single Phase",2015-06-01 07:00:00+00:00,Commercial,,1.41,True,True,strong,,
GS-2,Southern California Edison Co,539f71eaec4f024411ecebc1,539f71eaec4f024411ecebc1,"Time of Use, General Service, Demand Metered, Critical Peak Option: TOU-GS-2 CPP, Single Phase (2kV - 50kV)",2014-01-01 08:00:00+00:00,Commercial,,55705f695457a3a23cdb22a3,55705f695457a3a23cdb22a3,General Service - Demand: GS-2 - Three Phase; Closed Rate,2015-06-01 06:00:00+00:00,Commercial,,1.41,True,True,strong,,
GS-2,Southern California Edison Co,539f71eaec4f024411ecebc1,539f71eaec4f024411ecebc1,"Time of Use, General Service, Demand Metered, Critical Peak Option: TOU-GS-2 CPP, Single Phase (2kV - 50kV)",2014-01-01 08:00:00+00:00,Commercial,,55706f305457a31422db22a4,55706f305457a31422db22a4,"Time of Use, General Service, Demand Metered, Option R: GS-2 TOU R - Single phase",2015-06-01 07:00:00+00:00,Commercial,,1.41,True,True,strong,,
GS-2,Southern California Edison Co,539f71eaec4f024411ecebc1,539f71eaec4f024411ecebc1,"Time of Use, General Service, Demand Metered, Critical Peak Option: TOU-GS-2 CPP, Single Phase (2kV - 50kV)",2014-01-01 08:00:00+00:00,Commercial,,55707d1c5457a3f449db22a4,55707d1c5457a3f449db22a4,"Time of Use, General Service, Demand Metered, Critical Peak Option: TOU-GS-2 CPP, Three Phase",2015-06-01 07:00:00+00:00,Commercial,,1.41,True,True,strong,,
GS-2,Southern California Edison Co,539f71eaec4f024411ecebc1,539f71eaec4f024411ecebc1,"Time of Use, General Service, Demand Metered, Critical Peak Option: TOU-GS-2 CPP, Single Phase (2kV - 50kV)",2014-01-01 08:00:00+00:00,Commercial,,574f6b105457a3d8785e629e,574f6b105457a3d8785e629e,"Time of Use, General Service, Demand Metered, TOU-GS-2, Option B",2016-05-02 06:00:00+00:00,Commercial,,2.33,True,True,strong,,
GS-2,Southern California Edison Co,539f71eaec4f024411ecebc1,539f71eaec4f024411ecebc1,"Time of Use, General Service, Demand Metered, Critical Peak Option: TOU-GS-2 CPP, Single Phase (2kV - 50kV)",2014-01-01 08:00:00+00:00,Commercial,,586d4bf65457a366061c9606,586d4bf65457a366061c9606,"Time of Use, General Service, Demand Metered, Option GS-2 TOU A, Single Phase (At 220kV)",2017-01-01 07:00:00+00:00,Commercial,,3.0,True,True,strong,,
GS-2,Southern California Edison Co,539f71eaec4f024411ecebc1,539f71eaec4f024411ecebc1,"Time of Use, General Service, Demand Metered, Critical Peak Option: TOU-GS-2 CPP, Single Phase (2kV - 50kV)",2014-01-01 08:00:00+00:00,Commercial,,586d4ca75457a348111c9605,586d4ca75457a348111c9605,"Time of Use, General Service, Demand Metered, Option A: GS-2 TOU A, Three Phase (At 220kV)",2017-01-01 07:00:00+00:00,Commercial,,3.0,True,True,strong,,
GS-2,Southern California Edison Co,539f71eaec4f024411ecebc1,539f71eaec4f024411ecebc1,"Time of Use, General Service, Demand Metered, Critical Peak Option: TOU-GS-2 CPP, Single Phase (2kV - 50kV)",2014-01-01 08:00:00+00:00,Commercial,,59c05cde5457a30837bbb280,59c05cde5457a30837bbb280,"TOU-GS-2, Option E",2017-12-01 08:00:00+00:00,Commercial,,3.92,True,True,strong,,
GS-2,Southern California Edison Co,539f71eaec4f024411ecebc1,539f71eaec4f024411ecebc1,"Time of Use, General Service, Demand Metered, Critical Peak Option: TOU-GS-2 CPP, Single Phase (2kV - 50kV)",2014-01-01 08:00:00+00:00,Commercial,,5c9114ea5457a37e5307bc77,5c9114ea5457a37e5307bc77,"Time of Use, General Service, Demand Metered, Option D: GS-2 TOU D, Three Phase (Under 2 kV)",2015-02-28 08:00:00+00:00,Commercial,Bundled,1.16,True,False,weak,,
GS-2,Southern California Edison Co,539f71eaec4f024411ecebc1,539f71eaec4f024411ecebc1,"Time of Use, General Service, Demand Metered, Critical Peak Option: TOU-GS-2 CPP, Single Phase (2kV - 50kV)",2014-01-01 08:00:00+00:00,Commercial,,5c9080fb5457a3102a07bc77,5c9080fb5457a3102a07bc77,"Time of Use, General Service, Demand Metered, Option E: GS-2 TOU E, Three Phase (Under 2 kV)",2015-02-28 08:00:00+00:00,Commercial,Bundled,1.16,True,False,weak,,
GS-2,Southern California Edison Co,539f71eaec4f024411ecebc1,539f71eaec4f024411ecebc1,"Time of Use, General Service, Demand Metered, Critical Peak Option: TOU-GS-2 CPP, Single Phase (2kV - 50kV)",2014-01-01 08:00:00+00:00,Commercial,,59c05bc05457a30837bbb27f,59c05bc05457a30837bbb27f,"TOU-GS-2, Option D",2017-12-01 08:00:00+00:00,Commercial,Delivery with Standard Offer,3.92,True,False,weak,,
GS-2,Southern California Edison Co,539f720bec4f024411eced17,586e6f4d5457a39b581c9605,"Time of Use, General Service, Demand Metered, Option R: GS-2 TOU R - Three phase (Under 2kV)",2017-01-01 07:00:00+00:00,Commercial,,59c05cde5457a30837bbb280,59c05cde5457a30837bbb280,"TOU-GS-2, Option E",2017-12-01 08:00:00+00:00,Commercial,,0.91,True,True,strong,,
GS-2,Southern California Edison Co,539f720bec4f024411eced17,586e6f4d5457a39b581c9605,"Time of Use, General Service, Demand Metered, Option R: GS-2 TOU R - Three phase (Under 2kV)",2017-01-01 07:00:00+00:00,Commercial,,59c05bc05457a30837bbb27f,59c05bc05457a30837bbb27f,"TOU-GS-2, Option D",2017-12-01 08:00:00+00:00,Commercial,Delivery with Standard Offer,0.91,True,False,weak,,
GS-2,Southern California Edison Co,539f720bec4f024411eced17,586e6f4d5457a39b581c9605,"Time of Use, General Service, Demand Metered, Option R: GS-2 TOU R - Three phase (Under 2kV)",2017-01-01 07:00:00+00:00,Commercial,,5bc7ba425457a3b5483b43ed,5bc7ba425457a3b5483b43ed,"TOU-GS-2, Option A",2018-10-01 06:00:00+00:00,Commercial,Bundled,1.74,True,False,weak,,
GS-2,Southern California Edison Co,539f720bec4f024411eced17,586e6f4d5457a39b581c9605,"Time of Use, General Service, Demand Metered, Option R: GS-2 TOU R - Three phase (Under 2kV)",2017-01-01 07:00:00+00:00,Commercial,,5bc7bc025457a32d493b43ed,5bc7bc025457a32d493b43ed,"TOU-GS-2, Option B",2018-10-01 06:00:00+00:00,Commercial,Bundled,1.74,True,False,weak,,
GS-2,Southern California Edison Co,539f720bec4f024411eced17,586e6f4d5457a39b581c9605,"Time of Use, General Service, Demand Metered, Option R: GS-2 TOU R - Three phase (Under 2kV)",2017-01-01 07:00:00+00:00,Commercial,,5bc7be2a5457a3a2783b43ed,5bc7be2a5457a3a2783b43ed,"TOU-GS-2, Option R",2018-10-01 06:00:00+00:00,Commercial,Bundled,1.74,True,False,weak,,
GS-2,Southern California Edison Co,539f720bec4f024411eced17,586e6f4d5457a39b581c9605,"Time of Use, General Service, Demand Metered, Option R: GS-2 TOU R - Three phase (Under 2kV)",2017-01-01 07:00:00+00:00,Commercial,,5cdb9d385457a3616340c5d2,5cdb9d385457a3616340c5d2,"Time of Use, General Service, Demand Metered, Option E: GS-2 TOU E, Three Phase (Under 2 kV)",2019-04-12 07:00:00+00:00,Commercial,Bundled,2.28,True,False,weak,,
GS-2,Southern California Edison Co,539f720bec4f024411eced17,586e6f4d5457a39b581c9605,"Time of Use, General Service, Demand Metered, Option R: GS-2 TOU R - Three phase (Under 2kV)",2017-01-01 07:00:00+00:00,Commercial,,5cdb9e605457a3b72b40c5d3,5cdb9e605457a3b72b40c5d3,"Time of Use, General Service, Demand Metered, Option D: GS-2 TOU D, Three Phase (Under 2 kV)",2019-04-12 07:00:00+00:00,Commercial,Bundled,2.28,True,False,weak,,
TOU-8,Southern California Edison Co,539f721aec4f024411eced7f,539f721aec4f024411eced7f,"Time-Of-Use - General Service - Large: TOU-8, Option R (above 50kV); Closed Rate",2014-01-01 07:00:00+00:00,Commercial,,5571b8695457a38e37db22a5,5571b8695457a38e37db22a5,"Time-Of-Use - General Service - Large: TOU-8, Option R (above 50kV)",2015-06-01 07:00:00+00:00,Commercial,,1.41,True,True,strong,,
TOU-8,Southern California Edison Co,539f721aec4f024411eced7f,539f721aec4f024411eced7f,"Time-Of-Use - General Service - Large: TOU-8, Option R (above 50kV); Closed Rate",2014-01-01 07:00:00+00:00,Commercial,,587014c55457a36f0d1c9606,587014c55457a36f0d1c9606,"Time-Of-Use - General Service - Large: TOU-8, Option A (Under 2 kV)",2017-01-01 07:00:00+00:00,Commercial,,3.0,True,True,strong,,
TOU-8,Southern California Edison Co,539f721aec4f024411eced7f,539f721aec4f024411eced7f,"Time-Of-Use - General Service - Large: TOU-8, Option R (above 50kV); Closed Rate",2014-01-01 07:00:00+00:00,Commercial,,59c0608e5457a3c813bbb282,59c0608e5457a3c813bbb282,"TOU-8, Option D (BELOW 2 KV)",2017-12-01 08:00:00+00:00,Commercial,,3.92,True,True,strong,,
TOU-8,Southern California Edison Co,539f721aec4f024411eced7f,539f721aec4f024411eced7f,"Time-Of-Use - General Service - Large: TOU-8, Option R (above 50kV); Closed Rate",2014-01-01 07:00:00+00:00,Commercial,,59c0616d5457a3d348bbb27c,59c0616d5457a3d348bbb27c,"TOU-8, Option E (BELOW 2 KV)",2017-12-01 08:00:00+00:00,Commercial,,3.92,True,True,strong,,
TOU-8,Southern California Edison Co,539f721aec4f024411eced7f,539f721aec4f024411eced7f,"Time-Of-Use - General Service - Large: TOU-8, Option R (above 50kV); Closed Rate",2014-01-01 07:00:00+00:00,Commercial,,5c8028985457a3d93c4b0dbc,5c8028985457a3d93c4b0dbc,"Time-Of-Use - General Service - Large: TOU-8, Option D (Under 2 kV)",2015-03-01 08:00:00+00:00,Commercial,Bundled,1.16,True,False,weak,,
TOU-8,Southern California Edison Co,539f721aec4f024411eced7f,539f721aec4f024411eced7f,"Time-Of-Use - General Service - Large: TOU-8, Option R (above 50kV); Closed Rate",2014-01-01 07:00:00+00:00,Commercial,,5c802c755457a3773e4b0dbc,5c802c755457a3773e4b0dbc,"Time-Of-Use - General Service - Large: TOU-8, Option E (Under 2 kV)",2015-03-01 08:00:00+00:00,Commercial,Bundled,1.16,True,False,weak,,
TOU-8,Southern California Edison Co,539f721aec4f024411eced7f,539f721aec4f024411eced7f,"Time-Of-Use - General Service - Large: TOU-8, Option R (above 50kV); Closed Rate",2014-01-01 07:00:00+00:00,Commercial,,587016a85457a3d7241c9605,587016a85457a3d7241c9605,"Time-Of-Use - General Service - Large: TOU-8, Option B (Under 2 kV)",2017-01-01 08:00:00+00:00,Commercial,Bundled,3.0,True,False,weak,,
TOU-8,Southern California Edison Co,539f721aec4f024411eced7f,539f721aec4f024411eced7f,"Time-Of-Use - General Service - Large: TOU-8, Option R (above 50kV); Closed Rate",2014-01-01 07:00:00+00:00,Commercial,,5b593df35457a3a33426b8f8,5b593df35457a3a33426b8f8,"Time-Of-Use - General Service - Large: TOU-8, Option A (Under 2 kV)",2017-01-01 07:00:00+00:00,Commercial,Bundled,3.0,True,False,weak,,
TOU-8,Southern California Edison Co,539f721aec4f024411eced7f,539f721aec4f024411eced7f,"Time-Of-Use - General Service - Large: TOU-8, Option R (above 50kV); Closed Rate",2014-01-01 07:00:00+00:00,Commercial,,5b59413d5457a3f33726b8f8,5b59413d5457a3f33726b8f8,"Time-Of-Use - General Service - Large: TOU-8, Option R (under 2kV)",2017-01-01 07:00:00+00:00,Commercial,Bundled,3.0,True,False,weak,,
TOU-8,Southern California Edison Co,539f721aec4f024411eced7f,539f721aec4f024411eced7f,"Time-Of-Use - General Service - Large: TOU-8, Option R (above 50kV); Closed Rate",2014-01-01 07:00:00+00:00,Commercial,,5b5943bc5457a3463a26b8f8,5b5943bc5457a3463a26b8f8,"Time-Of-Use - General Service - Large: TOU-8, Option CPP (Under 2 kV)",2017-01-01 08:00:00+00:00,Commercial,Bundled,3.0,True,False,weak,,
TOU-8,Southern California Edison Co,539f721aec4f024411eced7f,539f721aec4f024411eced7f,"Time-Of-Use - General Service - Large: TOU-8, Option R (above 50kV); Closed Rate",2014-01-01 07:00:00+00:00,Commercial,,5b85d81a5457a34d068b4567,5b85d81a5457a34d068b4567,"Time-Of-Use - General Service - Large: TOU-8, Option A (2 kV - 50kV)",2017-01-01 07:00:00+00:00,Commercial,Bundled,3.0,True,False,weak,,
GS-2,Southern California Edison Co,539f728dec4f024411ecf219,539f728dec4f024411ecf219,"Time of Use, General Service, Demand Metered, Option B: GS-2 TOU B, Three Phase (50kv - 220kV)",2014-01-29 08:00:00+00:00,Commercial,,557083bc5457a37a19db22a3,557083bc5457a37a19db22a3,"Time of Use, General Service, Demand Metered, Critical Peak-Lite Option: TOU-GS-2 CPP-Lite, Three Phase; REPEAT rate",2015-06-01 06:00:00+00:00,Commercial,,1.33,True,True,strong,,
GS-2,Southern California Edison Co,539f728dec4f024411ecf219,539f728dec4f024411ecf219,"Time of Use, General Service, Demand Metered, Option B: GS-2 TOU B, Three Phase (50kv - 220kV)",2014-01-29 08:00:00+00:00,Commercial,,55707e995457a37354db22a5,55707e995457a37354db22a5,"Time of Use, General Service, Demand Metered, Critical Peak-Lite Option: TOU-GS-2 CPP-Lite, Single Phase; REPEAT rate",2015-06-01 06:00:00+00:00,Commercial,,1.33,True,True,strong,,
GS-2,Southern California Edison Co,539f728dec4f024411ecf219,539f728dec4f024411ecf219,"Time of Use, General Service, Demand Metered, Option B: GS-2 TOU B, Three Phase (50kv - 220kV)",2014-01-29 08:00:00+00:00,Commercial,,55707a575457a37354db22a4,55707a575457a37354db22a4,"Time of Use, General Service, Demand Metered, Critical Peak Option: TOU-GS-2 CPP, Single Phase",2015-06-01 07:00:00+00:00,Commercial,,1.33,True,True,strong,,
GS-2,Southern California Edison Co,539f728dec4f024411ecf219,539f728dec4f024411ecf219,"Time of Use, General Service, Demand Metered, Option B: GS-2 TOU B, Three Phase (50kv - 220kV)",2014-01-29 08:00:00+00:00,Commercial,,557076bc5457a3a23cdb22a6,557076bc5457a3a23cdb22a6,"Time of Use, General Service, Demand Metered, Option R: GS-2 TOU R - Three phase",2015-06-01 07:00:00+00:00,Commercial,,1.33,True,True,strong,,
GS-2,Southern California Edison Co,539f728dec4f024411ecf219,539f728dec4f024411ecf219,"Time of Use, General Service, Demand Metered, Option B: GS-2 TOU B, Three Phase (50kv - 220kV)",2014-01-29 08:00:00+00:00,Commercial,,55705ad65457a3f449db22a3,55705ad65457a3f449db22a3,"General Service - Demand: GS-2, Single Phase Service; Closed Rate",2015-06-01 06:00:00+00:00,Commercial,,1.33,True,True,strong,,
GS-2,Southern California Edison Co,539f728dec4f024411ecf219,539f728dec4f024411ecf219,"Time of Use, General Service, Demand Metered, Option B: GS-2 TOU B, Three Phase (50kv - 220kV)",2014-01-29 08:00:00+00:00,Commercial,,55706d4c5457a31422db22a3,55706d4c5457a31422db22a3,"Time of Use, General Service, Demand Metered, Option B: GS-2 TOU B, Three Phase",2015-06-01 07:00:00+00:00,Commercial,,1.33,True,True,strong,,
GS-2,Southern California Edison Co,539f728dec4f024411ecf219,539f728dec4f024411ecf219,"Time of Use, General Service, Demand Metered, Option B: GS-2 TOU B, Three Phase (50kv - 220kV)",2014-01-29 08:00:00+00:00,Commercial,,557069245457a37354db22a2,557069245457a37354db22a2,"Time of Use, General Service, Demand Metered, Option B: GS-2 TOU B, Single Phase",2015-06-01 07:00:00+00:00,Commercial,,1.33,True,True,strong,,
GS-2,Southern California Edison Co,539f728dec4f024411ecf219,539f728dec4f024411ecf219,"Time of Use, General Service, Demand Metered, Option B: GS-2 TOU B, Three Phase (50kv - 220kV)",2014-01-29 08:00:00+00:00,Commercial,,557067a65457a3b602db22a3,557067a65457a3b602db22a3,"Time of Use, General Service, Demand Metered, Option A: GS-2 TOU A, Three Phase",2015-06-01 07:00:00+00:00,Commercial,,1.33,True,True,strong,,
GS-2,Southern California Edison Co,539f728dec4f024411ecf219,539f728dec4f024411ecf219,"Time of Use, General Service, Demand Metered, Option B: GS-2 TOU B, Three Phase (50kv - 220kV)",2014-01-29 08:00:00+00:00,Commercial,,557063955457a3fb54db22a2,557063955457a3fb54db22a2,"Time of Use, General Service, Demand Metered, Option A: GS-2 TOU A, Single Phase",2015-06-01 07:00:00+00:00,Commercial,,1.33,True,True,strong,,
GS-2,Southern California Edison Co,539f728dec4f024411ecf219,539f728dec4f024411ecf219,"Time of Use, General Service, Demand Metered, Option B: GS-2 TOU B, Three Phase (50kv - 220kV)",2014-01-29 08:00:00+00:00,Commercial,,55705f695457a3a23cdb22a3,55705f695457a3a23cdb22a3,General Service - Demand: GS-2 - Three Phase; Closed Rate,2015-06-01 06:00:00+00:00,Commercial,,1.33,True,True,strong,,
GS-2,Southern California Edison Co,539f728dec4f024411ecf219,539f728dec4f024411ecf219,"Time of Use, General Service, Demand Metered, Option B: GS-2 TOU B, Three Phase (50kv - 220kV)",2014-01-29 08:00:00+00:00,Commercial,,55706f305457a31422db22a4,55706f305457a31422db22a4,"Time of Use, General Service, Demand Metered, Option R: GS-2 TOU R - Single phase",2015-06-01 07:00:00+00:00,Commercial,,1.33,True,True,strong,,
GS-2,Southern California Edison Co,539f728dec4f024411ecf219,539f728dec4f024411ecf219,"Time of Use, General Service, Demand Metered, Option B: GS-2 TOU B, Three Phase (50kv - 220kV)",2014-01-29 08:00:00+00:00,Commercial,,55707d1c5457a3f449db22a4,55707d1c5457a3f449db22a4,"Time of Use, General Service, Demand Metered, Critical Peak Option: TOU-GS-2 CPP, Three Phase",2015-06-01 07:00:00+00:00,Commercial,,1.33,True,True,strong,,
GS-2,Southern California Edison Co,539f728dec4f024411ecf219,539f728dec4f024411ecf219,"Time of Use, General Service, Demand Metered, Option B: GS-2 TOU B, Three Phase (50kv - 220kV)",2014-01-29 08:00:00+00:00,Commercial,,574f6b105457a3d8785e629e,574f6b105457a3d8785e629e,"Time of Use, General Service, Demand Metered, TOU-GS-2, Option B",2016-05-02 06:00:00+00:00,Commercial,,2.25,True,True,strong,,
GS-2,Southern California Edison Co,539f728dec4f024411ecf219,539f728dec4f024411ecf219,"Time of Use, General Service, Demand Metered, Option B: GS-2 TOU B, Three Phase (50kv - 220kV)",2014-01-29 08:00:00+00:00,Commercial,,586d4bf65457a366061c9606,586d4bf65457a366061c9606,"Time of Use, General Service, Demand Metered, Option GS-2 TOU A, Single Phase (At 220kV)",2017-01-01 07:00:00+00:00,Commercial,,2.92,True,True,strong,,
GS-2,Southern California Edison Co,539f728dec4f024411ecf219,539f728dec4f024411ecf219,"Time of Use, General Service, Demand Metered, Option B: GS-2 TOU B, Three Phase (50kv - 220kV)",2014-01-29 08:00:00+00:00,Commercial,,586d4ca75457a348111c9605,586d4ca75457a348111c9605,"Time of Use, General Service, Demand Metered, Option A: GS-2 TOU A, Three Phase (At 220kV)",2017-01-01 07:00:00+00:00,Commercial,,2.92,True,True,strong,,
GS-2,Southern California Edison Co,539f728dec4f024411ecf219,539f728dec4f024411ecf219,"Time of Use, General Service, Demand Metered, Option B: GS-2 TOU B, Three Phase (50kv - 220kV)",2014-01-29 08:00:00+00:00,Commercial,,59c05cde5457a30837bbb280,59c05cde5457a30837bbb280,"TOU-GS-2, Option E",2017-12-01 08:00:00+00:00,Commercial,,3.84,True,True,strong,,
GS-2,Southern California Edison Co,539f728dec4f024411ecf219,539f728dec4f024411ecf219,"Time of Use, General Service, Demand Metered, Option B: GS-2 TOU B, Three Phase (50kv - 220kV)",2014-01-29 08:00:00+00:00,Commercial,,5c9114ea5457a37e5307bc77,5c9114ea5457a37e5307bc77,"Time of Use, General Service, Demand Metered, Option D: GS-2 TOU D, Three Phase (Under 2 kV)",2015-02-28 08:00:00+00:00,Commercial,Bundled,1.08,True,False,weak,,
GS-2,Southern California Edison Co,539f728dec4f024411ecf219,539f728dec4f024411ecf219,"Time of Use, General Service, Demand Metered, Option B: GS-2 TOU B, Three Phase (50kv - 220kV)",2014-01-29 08:00:00+00:00,Commercial,,5c9080fb5457a3102a07bc77,5c9080fb5457a3102a07bc77,"Time of Use, General Service, Demand Metered, Option E: GS-2 TOU E, Three Phase (Under 2 kV)",2015-02-28 08:00:00+00:00,Commercial,Bundled,1.08,True,False,weak,,
GS-2,Southern California Edison Co,539f728dec4f024411ecf219,539f728dec4f024411ecf219,"Time of Use, General Service, Demand Metered, Option B: GS-2 TOU B, Three Phase (50kv - 220kV)",2014-01-29 08:00:00+00:00,Commercial,,59c05bc05457a30837bbb27f,59c05bc05457a30837bbb27f,"TOU-GS-2, Option D",2017-12-01 08:00:00+00:00,Commercial,Delivery with Standard Offer,3.84,True,False,weak,,
GS-2,Southern California Edison Co,539f7316ec4f024411ecf8e9,5c8180927bece2299eceb3d7,"Time of Use, General Service, Demand Metered, Option A: GS-2 TOU A, Single Phase (50kV - 220kV)",2018-10-01 07:00:00+00:00,Commercial,Bundled,5cdb9d385457a3616340c5d2,5cdb9d385457a3616340c5d2,"Time of Use, General Service, Demand Metered, Option E: GS-2 TOU E, Three Phase (Under 2 kV)",2019-04-12 07:00:00+00:00,Commercial,Bundled,0.53,True,True,strong,,
GS-2,Southern California Edison Co,539f7316ec4f024411ecf8e9,5c8180927bece2299eceb3d7,"Time of Use, General Service, Demand Metered, Option A: GS-2 TOU A, Single Phase (50kV - 220kV)",2018-10-01 07:00:00+00:00,Commercial,Bundled,5cdb9e605457a3b72b40c5d3,5cdb9e605457a3b72b40c5d3,"Time of Use, General Service, Demand Metered, Option D: GS-2 TOU D, Three Phase (Under 2 kV)",2019-04-12 07:00:00+00:00,Commercial,Bundled,0.53,True,True,strong,,
TOU-8,Southern California Edison Co,539f7349ec4f024411ecfac7,539f7349ec4f024411ecfac7,Time-Of-Use - General Service - Large: TOU-8 (Greater than 220kV); Closed Rate,2014-01-01 07:00:00+00:00,Commercial,,5571b8695457a38e37db22a5,5571b8695457a38e37db22a5,"Time-Of-Use - General Service - Large: TOU-8, Option R (above 50kV)",2015-06-01 07:00:00+00:00,Commercial,,1.41,True,True,strong,,
TOU-8,Southern California Edison Co,539f7349ec4f024411ecfac7,539f7349ec4f024411ecfac7,Time-Of-Use - General Service - Large: TOU-8 (Greater than 220kV); Closed Rate,2014-01-01 07:00:00+00:00,Commercial,,587014c55457a36f0d1c9606,587014c55457a36f0d1c9606,"Time-Of-Use - General Service - Large: TOU-8, Option A (Under 2 kV)",2017-01-01 07:00:00+00:00,Commercial,,3.0,True,True,strong,,
TOU-8,Southern California Edison Co,539f7349ec4f024411ecfac7,539f7349ec4f024411ecfac7,Time-Of-Use - General Service - Large: TOU-8 (Greater than 220kV); Closed Rate,2014-01-01 07:00:00+00:00,Commercial,,59c0608e5457a3c813bbb282,59c0608e5457a3c813bbb282,"TOU-8, Option D (BELOW 2 KV)",2017-12-01 08:00:00+00:00,Commercial,,3.92,True,True,strong,,
TOU-8,Southern California Edison Co,539f7349ec4f024411ecfac7,539f7349ec4f024411ecfac7,Time-Of-Use - General Service - Large: TOU-8 (Greater than 220kV); Closed Rate,2014-01-01 07:00:00+00:00,Commercial,,59c0616d5457a3d348bbb27c,59c0616d5457a3d348bbb27c,"TOU-8, Option E (BELOW 2 KV)",2017-12-01 08:00:00+00:00,Commercial,,3.92,True,True,strong,,
TOU-8,Southern California Edison Co,539f7349ec4f024411ecfac7,539f7349ec4f024411ecfac7,Time-Of-Use - General Service - Large: TOU-8 (Greater than 220kV); Closed Rate,2014-01-01 07:00:00+00:00,Commercial,,5c8028985457a3d93c4b0dbc,5c8028985457a3d93c4b0dbc,"Time-Of-Use - General Service - Large: TOU-8, Option D (Under 2 kV)",2015-03-01 08:00:00+00:00,Commercial,Bundled,1.16,True,False,weak,,
TOU-8,Southern California Edison Co,539f7349ec4f024411ecfac7,539f7349ec4f024411ecfac7,Time-Of-Use - General Service - Large: TOU-8 (Greater than 220kV); Closed Rate,2014-01-01 07:00:00+00:00,Commercial,,5c802c755457a3773e4b0dbc,5c802c755457a3773e4b0dbc,"Time-Of-Use - General Service - Large: TOU-8, Option E (Under 2 kV)",2015-03-01 08:00:00+00:00,Commercial,Bundled,1.16,True,False,weak,,
TOU-8,Southern California Edison Co,539f7349ec4f024411ecfac7,539f7349ec4f024411ecfac7,Time-Of-Use - General Service - Large: TOU-8 (Greater than 220kV); Closed Rate,2014-01-01 07:00:00+00:00,Commercial,,587016a85457a3d7241c9605,587016a85457a3d7241c9605,"Time-Of-Use - General Service - Large: TOU-8, Option B (Under 2 kV)",2017-01-01 08:00:00+00:00,Commercial,Bundled,3.0,True,False,weak,,
TOU-8,Southern California Edison Co,539f7349ec4f024411ecfac7,539f7349ec4f024411ecfac7,Time-Of-Use - General Service - Large: TOU-8 (Greater than 220kV); Closed Rate,2014-01-01 07:00:00+00:00,Commercial,,5b593df35457a3a33426b8f8,5b593df35457a3a33426b8f8,"Time-Of-Use - General Service - Large: TOU-8, Option A (Under 2 kV)",2017-01-01 07:00:00+00:00,Commercial,Bundled,3.0,True,False,weak,,
TOU-8,Southern California Edison Co,539f7349ec4f024411ecfac7,539f7349ec4f024411ecfac7,Time-Of-Use - General Service - Large: TOU-8 (Greater than 220kV); Closed Rate,2014-01-01 07:00:00+00:00,Commercial,,5b59413d5457a3f33726b8f8,5b59413d5457a3f33726b8f8,"Time-Of-Use - General Service - Large: TOU-8, Option R (under 2kV)",2017-01-01 07:00:00+00:00,Commercial,Bundled,3.0,True,False,weak,,
TOU-8,Southern California Edison Co,539f7349ec4f024411ecfac7,539f7349ec4f024411ecfac7,Time-Of-Use - General Service - Large: TOU-8 (Greater than 220kV); Closed Rate,2014-01-01 07:00:00+00:00,Commercial,,5b5943bc5457a3463a26b8f8,5b5943bc5457a3463a26b8f8,"Time-Of-Use - General Service - Large: TOU-8, Option CPP (Under 2 kV)",2017-01-01 08:00:00+00:00,Commercial,Bundled,3.0,True,False,weak,,
TOU-8,Southern California Edison Co,539f7349ec4f024411ecfac7,539f7349ec4f024411ecfac7,Time-Of-Use - General Service - Large: TOU-8 (Greater than 220kV); Closed Rate,2014-01-01 07:00:00+00:00,Commercial,,5b85d81a5457a34d068b4567,5b85d81a5457a34d068b4567,"Time-Of-Use - General Service - Large: TOU-8, Option A (2 kV - 50kV)",2017-01-01 07:00:00+00:00,Commercial,Bundled,3.0,True,False,weak,,
GS-2,Southern California Edison Co,539f73a0ec4f024411ecfe7f,56b923655457a3d41f48d233,"Time of Use, General Service, Demand Metered, Critical Peak Option: TOU-GS-2 CPP, Single Phase (50kV - 220kV)",2016-01-01 07:00:00+00:00,Commercial,,574f6b105457a3d8785e629e,574f6b105457a3d8785e629e,"Time of Use, General Service, Demand Metered, TOU-GS-2, Option B",2016-05-02 06:00:00+00:00,Commercial,,0.33,True,True,strong,,
GS-2,Southern California Edison Co,539f73a0ec4f024411ecfe7f,56b923655457a3d41f48d233,"Time of Use, General Service, Demand Metered, Critical Peak Option: TOU-GS-2 CPP, Single Phase (50kV - 220kV)",2016-01-01 07:00:00+00:00,Commercial,,586d4bf65457a366061c9606,586d4bf65457a366061c9606,"Time of Use, General Service, Demand Metered, Option GS-2 TOU A, Single Phase (At 220kV)",2017-01-01 07:00:00+00:00,Commercial,,1.0,True,True,strong,,
GS-2,Southern California Edison Co,539f73a0ec4f024411ecfe7f,56b923655457a3d41f48d233,"Time of Use, General Service, Demand Metered, Critical Peak Option: TOU-GS-2 CPP, Single Phase (50kV - 220kV)",2016-01-01 07:00:00+00:00,Commercial,,586d4ca75457a348111c9605,586d4ca75457a348111c9605,"Time of Use, General Service, Demand Metered, Option A: GS-2 TOU A, Three Phase (At 220kV)",2017-01-01 07:00:00+00:00,Commercial,,1.0,True,True,strong,,
GS-2,Southern California Edison Co,539f73a0ec4f024411ecfe7f,56b923655457a3d41f48d233,"Time of Use, General Service, Demand Metered, Critical Peak Option: TOU-GS-2 CPP, Single Phase (50kV - 220kV)",2016-01-01 07:00:00+00:00,Commercial,,59c05cde5457a30837bbb280,59c05cde5457a30837bbb280,"TOU-GS-2, Option E",2017-12-01 08:00:00+00:00,Commercial,,1.92,True,True,strong,,
GS-2,Southern California Edison Co,539f73a0ec4f024411ecfe7f,56b923655457a3d41f48d233,"Time of Use, General Service, Demand Metered, Critical Peak Option: TOU-GS-2 CPP, Single Phase (50kV - 220kV)",2016-01-01 07:00:00+00:00,Commercial,,59c05bc05457a30837bbb27f,59c05bc05457a30837bbb27f,"TOU-GS-2, Option D",2017-12-01 08:00:00+00:00,Commercial,Delivery with Standard Offer,1.92,True,False,weak,,
GS-2,Southern California Edison Co,539f73a0ec4f024411ecfe7f,56b923655457a3d41f48d233,"Time of Use, General Service, Demand Metered, Critical Peak Option: TOU-GS-2 CPP, Single Phase (50kV - 220kV)",2016-01-01 07:00:00+00:00,Commercial,,5bc7ba425457a3b5483b43ed,5bc7ba425457a3b5483b43ed,"TOU-GS-2, Option A",2018-10-01 06:00:00+00:00,Commercial,Bundled,2.75,True,False,weak,,
GS-2,Southern California Edison Co,539f73a0ec4f024411ecfe7f,56b923655457a3d41f48d233,"Time of Use, General Service, Demand Metered, Critical Peak Option: TOU-GS-2 CPP, Single Phase (50kV - 220kV)",2016-01-01 07:00:00+00:00,Commercial,,5bc7bc025457a32d493b43ed,5bc7bc025457a32d493b43ed,"TOU-GS-2, Option B",2018-10-01 06:00:00+00:00,Commercial,Bundled,2.75,True,False,weak,,
GS-2,Southern California Edison Co,539f73a0ec4f024411ecfe7f,56b923655457a3d41f48d233,"Time of Use, General Service, Demand Metered, Critical Peak Option: TOU-GS-2 CPP, Single Phase (50kV - 220kV)",2016-01-01 07:00:00+00:00,Commercial,,5bc7be2a5457a3a2783b43ed,5bc7be2a5457a3a2783b43ed,"TOU-GS-2, Option R",2018-10-01 06:00:00+00:00,Commercial,Bundled,2.75,True,False,weak,,
GS-2,Southern California Edison Co,539f73a0ec4f024411ecfe7f,56b923655457a3d41f48d233,"Time of Use, General Service, Demand Metered, Critical Peak Option: TOU-GS-2 CPP, Single Phase (50kV - 220kV)",2016-01-01 07:00:00+00:00,Commercial,,5cdb9d385457a3616340c5d2,5cdb9d385457a3616340c5d2,"Time of Use, General Service, Demand Metered, Option E: GS-2 TOU E, Three Phase (Under 2 kV)",2019-04-12 07:00:00+00:00,Commercial,Bundled,3.28,True,False,weak,,
GS-2,Southern California Edison Co,539f73a0ec4f024411ecfe7f,56b923655457a3d41f48d233,"Time of Use, General Service, Demand Metered, Critical Peak Option: TOU-GS-2 CPP, Single Phase (50kV - 220kV)",2016-01-01 07:00:00+00:00,Commercial,,5cdb9e605457a3b72b40c5d3,5cdb9e605457a3b72b40c5d3,"Time of Use, General Service, Demand Metered, Option D: GS-2 TOU D, Three Phase (Under 2 kV)",2019-04-12 07:00:00+00:00,Commercial,Bundled,3.28,True,False,weak,,
GS-1,Southern California Edison Co,539f746cec4f024411ed085b,556de1405457a3ce0fdb22ab,GS-1 General Service Non-Demand Three Phase (GS-1); Closed Rate,2015-06-01 06:00:00+00:00,Commercial,,586d2f4e5457a34b211c9607,586d2f4e5457a34b211c9607,"Time of Use, General Service, Non Demand, Option B: GS-1 TOU B, Single Phase (2 kV - 50 kV)",2017-01-01 07:00:00+00:00,Commercial,,1.59,True,True,strong,,
GS-1,Southern California Edison Co,539f746cec4f024411ed085b,556de1405457a3ce0fdb22ab,GS-1 General Service Non-Demand Three Phase (GS-1); Closed Rate,2015-06-01 06:00:00+00:00,Commercial,,586d3f6c5457a31b1b1c9606,586d3f6c5457a31b1b1c9606,"TOU General Service, Non Demand, Option C: GS-1 TOU C, Three Phase (At 220 kV)",2017-01-01 07:00:00+00:00,Commercial,,1.59,True,True,strong,,
GS-1,Southern California Edison Co,539f746cec4f024411ed085b,556de1405457a3ce0fdb22ab,GS-1 General Service Non-Demand Three Phase (GS-1); Closed Rate,2015-06-01 06:00:00+00:00,Commercial,,586d3e2e5457a3d8341c9606,586d3e2e5457a3d8341c9606,"TOU General Service, Non Demand, Option C: GS-1 TOU C, Single Phase (At 220 kV)",2017-01-01 07:00:00+00:00,Commercial,,1.59,True,True,strong,,
GS-1,Southern California Edison Co,539f746cec4f024411ed085b,556de1405457a3ce0fdb22ab,GS-1 General Service Non-Demand Three Phase (GS-1); Closed Rate,2015-06-01 06:00:00+00:00,Commercial,,586d3d055457a34f211c9607,586d3d055457a34f211c9607,"TOU General Service, Non Demand, Option C: GS-1 TOU C, Three Phase (50 kV - 220 kV)",2017-01-01 07:00:00+00:00,Commercial,,1.59,True,True,strong,,
GS-1,Southern California Edison Co,539f746cec4f024411ed085b,556de1405457a3ce0fdb22ab,GS-1 General Service Non-Demand Three Phase (GS-1); Closed Rate,2015-06-01 06:00:00+00:00,Commercial,,586d3c255457a37d7c1c9605,586d3c255457a37d7c1c9605,"TOU General Service, Non Demand, Option C: GS-1 TOU C, Single Phase (50 kV - 220 kV)",2017-01-01 07:00:00+00:00,Commercial,,1.59,True,True,strong,,
GS-1,Southern California Edison Co,539f746cec4f024411ed085b,556de1405457a3ce0fdb22ab,GS-1 General Service Non-Demand Three Phase (GS-1); Closed Rate,2015-06-01 06:00:00+00:00,Commercial,,586d3a855457a3cb361c9605,586d3a855457a3cb361c9605,"TOU General Service, Non Demand, Option C: GS-1 TOU C, Three Phase (2 kV - 50 kV)",2017-01-01 07:00:00+00:00,Commercial,,1.59,True,True,strong,,
GS-1,Southern California Edison Co,539f746cec4f024411ed085b,556de1405457a3ce0fdb22ab,GS-1 General Service Non-Demand Three Phase (GS-1); Closed Rate,2015-06-01 06:00:00+00:00,Commercial,,586d399f5457a34d211c9605,586d399f5457a34d211c9605,"TOU General Service, Non Demand, Option C: GS-1 TOU C, Single Phase (2 kV - 50 kV)",2017-01-01 07:00:00+00:00,Commercial,,1.59,True,True,strong,,
GS-1,Southern California Edison Co,539f746cec4f024411ed085b,556de1405457a3ce0fdb22ab,GS-1 General Service Non-Demand Three Phase (GS-1); Closed Rate,2015-06-01 06:00:00+00:00,Commercial,,586d35c45457a31b1b1c9605,586d35c45457a31b1b1c9605,"Time of Use, General Service, Non Demand, Option B: GS-1 TOU B, Three Phase (At 220 kV)",2017-01-01 07:00:00+00:00,Commercial,,1.59,True,True,strong,,
GS-1,Southern California Edison Co,539f746cec4f024411ed085b,556de1405457a3ce0fdb22ab,GS-1 General Service Non-Demand Three Phase (GS-1); Closed Rate,2015-06-01 06:00:00+00:00,Commercial,,586d35025457a34b211c9609,586d35025457a34b211c9609,"Time of Use, General Service, Non Demand, Option B: GS-1 TOU B, Single Phase (At 220 kV)",2017-01-01 07:00:00+00:00,Commercial,,1.59,True,True,strong,,
GS-1,Southern California Edison Co,539f746cec4f024411ed085b,556de1405457a3ce0fdb22ab,GS-1 General Service Non-Demand Three Phase (GS-1); Closed Rate,2015-06-01 06:00:00+00:00,Commercial,,586d33f05457a34f211c9606,586d33f05457a34f211c9606,"Time of Use, General Service, Non Demand, Option B: GS-1 TOU B, Three Phase (50 kV - 220 kV)",2017-01-01 07:00:00+00:00,Commercial,,1.59,True,True,strong,,
GS-1,Southern California Edison Co,539f746cec4f024411ed085b,556de1405457a3ce0fdb22ab,GS-1 General Service Non-Demand Three Phase (GS-1); Closed Rate,2015-06-01 06:00:00+00:00,Commercial,,586d32cf5457a34b211c9608,586d32cf5457a34b211c9608,"Time of Use, General Service, Non Demand, Option B: GS-1 TOU B, Single Phase (50 kV - 220 kV)",2017-01-01 07:00:00+00:00,Commercial,,1.59,True,True,strong,,
GS-1,Southern California Edison Co,539f746cec4f024411ed085b,556de1405457a3ce0fdb22ab,GS-1 General Service Non-Demand Three Phase (GS-1); Closed Rate,2015-06-01 06:00:00+00:00,Commercial,,586d30c35457a3d8341c9605,586d30c35457a3d8341c9605,"Time of Use, General Service, Non Demand, Option B: GS-1 TOU B, Three Phase (2 kV - 50 kV)",2017-01-01 07:00:00+00:00,Commercial,,1.59,True,True,strong,,
GS-1,Southern California Edison Co,539f746cec4f024411ed085b,556de1405457a3ce0fdb22ab,GS-1 General Service Non-Demand Three Phase (GS-1); Closed Rate,2015-06-01 06:00:00+00:00,Commercial,,59c059345457a3b066bbb282,59c059345457a3b066bbb282,"TOU-GS-1, Option E",2017-12-01 08:00:00+00:00,Commercial,,2.5,True,True,strong,,
GS-1,Southern California Edison Co,539f746cec4f024411ed085b,556de1405457a3ce0fdb22ab,GS-1 General Service Non-Demand Three Phase (GS-1); Closed Rate,2015-06-01 06:00:00+00:00,Commercial,,59c05a965457a30837bbb27e,59c05a965457a30837bbb27e,"TOU-GS-1, Option D",2017-12-01 08:00:00+00:00,Commercial,,2.5,True,True,strong,,
GS-1,Southern California Edison Co,539f746cec4f024411ed085b,556de1405457a3ce0fdb22ab,GS-1 General Service Non-Demand Three Phase (GS-1); Closed Rate,2015-06-01 06:00:00+00:00,Commercial,,5b5f64835457a35667409a7c,5b5f64835457a35667409a7c,"TOU General Service, Option C: GS-1 TOU B, 3-Phase (Under 2 kV)",2017-01-01 08:00:00+00:00,Commercial,Bundled,1.59,True,False,weak,,
GS-1,Southern California Edison Co,539f746cec4f024411ed085b,556de1405457a3ce0fdb22ab,GS-1 General Service Non-Demand Three Phase (GS-1); Closed Rate,2015-06-01 06:00:00+00:00,Commercial,,5b5f3ca85457a37b63409a7b,5b5f3ca85457a37b63409a7b,"TOU General Service, Option C: GS-1 TOU C, 3-Phase (Under 2 kV)",2017-01-01 08:00:00+00:00,Commercial,Bundled,1.59,True,False,weak,,
GS-1,Southern California Edison Co,539f746cec4f024411ed085b,556de1405457a3ce0fdb22ab,GS-1 General Service Non-Demand Three Phase (GS-1); Closed Rate,2015-06-01 06:00:00+00:00,Commercial,,5df016d95457a3ab783fb277,5df016d95457a3ab783fb277,ME- GS-1 TOU A,2017-01-01 07:00:00+00:00,Commercial,Bundled,1.59,True,False,weak,,
GS-1,Southern California Edison Co,539f746cec4f024411ed085b,556de1405457a3ce0fdb22ab,GS-1 General Service Non-Demand Three Phase (GS-1); Closed Rate,2015-06-01 06:00:00+00:00,Commercial,,5df047f45457a332513fb27a,5df047f45457a332513fb27a,ME- GS-1 TOU C,2017-01-01 07:00:00+00:00,Commercial,Bundled,1.59,True,False,weak,,
GS-1,Southern California Edison Co,539f746cec4f024411ed085b,556de1405457a3ce0fdb22ab,GS-1 General Service Non-Demand Three Phase (GS-1); Closed Rate,2015-06-01 06:00:00+00:00,Commercial,,5b5f69855457a32f7a409a7c,5b5f69855457a32f7a409a7c,"TOU General Service, Option C: GS-1 TOU A, 3-Phase (Under 2 kV)",2017-01-01 08:00:00+00:00,Commercial,Bundled,1.59,True,False,weak,,
GS-1,Southern California Edison Co,539f746cec4f024411ed085b,556de1405457a3ce0fdb22ab,GS-1 General Service Non-Demand Three Phase (GS-1); Closed Rate,2015-06-01 06:00:00+00:00,Commercial,,5dbb53085457a30e46dc72bb,5dbb53085457a30e46dc72bb,"ME GS-1 TOU B, Three Phase (Under 2 kV)",2017-01-01 07:00:00+00:00,Commercial,Bundled,1.59,True,False,weak,,
GS-1,Southern California Edison Co,539f746cec4f024411ed085b,556de1405457a3ce0fdb22ab,GS-1 General Service Non-Demand Three Phase (GS-1); Closed Rate,2015-06-01 06:00:00+00:00,Commercial,,5bc7bd295457a3b5483b43ee,5bc7bd295457a3b5483b43ee,"TOU-GS-1, Option C",2018-10-01 06:00:00+00:00,Commercial,Bundled,3.33,True,False,weak,,
GS-1,Southern California Edison Co,539f746cec4f024411ed085b,556de1405457a3ce0fdb22ab,GS-1 General Service Non-Demand Three Phase (GS-1); Closed Rate,2015-06-01 06:00:00+00:00,Commercial,,5d9bc5355457a3d965598dce,5d9bc5355457a3d965598dce,"Time of Use, General Service, Option A: GS-1 TOU Option A, Three Phase (Under 2 kV)",2018-10-01 07:00:00+00:00,Commercial,Bundled,3.33,True,False,weak,,
GS-1,Southern California Edison Co,539f746cec4f024411ed085b,556de1405457a3ce0fdb22ab,GS-1 General Service Non-Demand Three Phase (GS-1); Closed Rate,2015-06-01 06:00:00+00:00,Commercial,,5bc7b6c75457a3a2783b43ec,5bc7b6c75457a3a2783b43ec,"TOU-GS-1, Option A",2018-10-01 06:00:00+00:00,Commercial,Bundled,3.33,True,False,weak,,
GS-1,Southern California Edison Co,539f746cec4f024411ed085b,556de1405457a3ce0fdb22ab,GS-1 General Service Non-Demand Three Phase (GS-1); Closed Rate,2015-06-01 06:00:00+00:00,Commercial,,5bc7b9175457a3ee6b3b43ee,5bc7b9175457a3ee6b3b43ee,"TOU-GS-1, Option B",2018-10-01 06:00:00+00:00,Commercial,Bundled,3.33,True,False,weak,,
GS-1,Southern California Edison Co,539f746cec4f024411ed085b,556de1405457a3ce0fdb22ab,GS-1 General Service Non-Demand Three Phase (GS-1); Closed Rate,2015-06-01 06:00:00+00:00,Commercial,,5df081605457a38f2a3fb279,5df081605457a38f2a3fb279,ME- GS-1 TOU E,2019-03-01 07:00:00+00:00,Commercial,Bundled,3.75,True,False,weak,,
GS-2,Southern California Edison Co,539f7528ec4f024411ed10df,56b925f55457a3642c48d236,"Time of Use, General Service, Demand Metered, Critical Peak Option: TOU-GS-2 CPP, Single Phase (At 220kV)",2016-01-01 07:00:00+00:00,Commercial,,574f6b105457a3d8785e629e,574f6b105457a3d8785e629e,"Time of Use, General Service, Demand Metered, TOU-GS-2, Option B",2016-05-02 06:00:00+00:00,Commercial,,0.33,True,True,strong,,
GS-2,Southern California Edison Co,539f7528ec4f024411ed10df,56b925f55457a3642c48d236,"Time of Use, General Service, Demand Metered, Critical Peak Option: TOU-GS-2 CPP, Single Phase (At 220kV)",2016-01-01 07:00:00+00:00,Commercial,,586d4bf65457a366061c9606,586d4bf65457a366061c9606,"Time of Use, General Service, Demand Metered, Option GS-2 TOU A, Single Phase (At 220kV)",2017-01-01 07:00:00+00:00,Commercial,,1.0,True,True,strong,,
GS-2,Southern California Edison Co,539f7528ec4f024411ed10df,56b925f55457a3642c48d236,"Time of Use, General Service, Demand Metered, Critical Peak Option: TOU-GS-2 CPP, Single Phase (At 220kV)",2016-01-01 07:00:00+00:00,Commercial,,586d4ca75457a348111c9605,586d4ca75457a348111c9605,"Time of Use, General Service, Demand Metered, Option A: GS-2 TOU A, Three Phase (At 220kV)",2017-01-01 07:00:00+00:00,Commercial,,1.0,True,True,strong,,
GS-2,Southern California Edison Co,539f7528ec4f024411ed10df,56b925f55457a3642c48d236,"Time of Use, General Service, Demand Metered, Critical Peak Option: TOU-GS-2 CPP, Single Phase (At 220kV)",2016-01-01 07:00:00+00:00,Commercial,,59c05cde5457a30837bbb280,59c05cde5457a30837bbb280,"TOU-GS-2, Option E",2017-12-01 08:00:00+00:00,Commercial,,1.92,True,True,strong,,
GS-2,Southern California Edison Co,539f7528ec4f024411ed10df,56b925f55457a3642c48d236,"Time of Use, General Service, Demand Metered, Critical Peak Option: TOU-GS-2 CPP, Single Phase (At 220kV)",2016-01-01 07:00:00+00:00,Commercial,,59c05bc05457a30837bbb27f,59c05bc05457a30837bbb27f,"TOU-GS-2, Option D",2017-12-01 08:00:00+00:00,Commercial,Delivery with Standard Offer,1.92,True,False,weak,,
GS-2,Southern California Edison Co,539f7528ec4f024411ed10df,56b925f55457a3642c48d236,"Time of Use, General Service, Demand Metered, Critical Peak Option: TOU-GS-2 CPP, Single Phase (At 220kV)",2016-01-01 07:00:00+00:00,Commercial,,5bc7ba425457a3b5483b43ed,5bc7ba425457a3b5483b43ed,"TOU-GS-2, Option A",2018-10-01 06:00:00+00:00,Commercial,Bundled,2.75,True,False,weak,,
GS-2,Southern California Edison Co,539f7528ec4f024411ed10df,56b925f55457a3642c48d236,"Time of Use, General Service, Demand Metered, Critical Peak Option: TOU-GS-2 CPP, Single Phase (At 220kV)",2016-01-01 07:00:00+00:00,Commercial,,5bc7bc025457a32d493b43ed,5bc7bc025457a32d493b43ed,"TOU-GS-2, Option B",2018-10-01 06:00:00+00:00,Commercial,Bundled,2.75,True,False,weak,,
GS-2,Southern California Edison Co,539f7528ec4f024411ed10df,56b925f55457a3642c48d236,"Time of Use, General Service, Demand Metered, Critical Peak Option: TOU-GS-2 CPP, Single Phase (At 220kV)",2016-01-01 07:00:00+00:00,Commercial,,5bc7be2a5457a3a2783b43ed,5bc7be2a5457a3a2783b43ed,"TOU-GS-2, Option R",2018-10-01 06:00:00+00:00,Commercial,Bundled,2.75,True,False,weak,,
GS-2,Southern California Edison Co,539f7528ec4f024411ed10df,56b925f55457a3642c48d236,"Time of Use, General Service, Demand Metered, Critical Peak Option: TOU-GS-2 CPP, Single Phase (At 220kV)",2016-01-01 07:00:00+00:00,Commercial,,5cdb9d385457a3616340c5d2,5cdb9d385457a3616340c5d2,"Time of Use, General Service, Demand Metered, Option E: GS-2 TOU E, Three Phase (Under 2 kV)",2019-04-12 07:00:00+00:00,Commercial,Bundled,3.28,True,False,weak,,
GS-2,Southern California Edison Co,539f7528ec4f024411ed10df,56b925f55457a3642c48d236,"Time of Use, General Service, Demand Metered, Critical Peak Option: TOU-GS-2 CPP, Single Phase (At 220kV)",2016-01-01 07:00:00+00:00,Commercial,,5cdb9e605457a3b72b40c5d3,5cdb9e605457a3b72b40c5d3,"Time of Use, General Service, Demand Metered, Option D: GS-2 TOU D, Three Phase (Under 2 kV)",2019-04-12 07:00:00+00:00,Commercial,Bundled,3.28,True,False,weak,,
GS-2,Southern California Edison Co,539f754cec4f024411ed129d,56b9228a5457a3030348d234,"Time of Use, General Service, Demand Metered, Critical Peak Option: TOU-GS-2 CPP, Three Phase (At 220kV)",2016-01-01 07:00:00+00:00,Commercial,,574f6b105457a3d8785e629e,574f6b105457a3d8785e629e,"Time of Use, General Service, Demand Metered, TOU-GS-2, Option B",2016-05-02 06:00:00+00:00,Commercial,,0.33,True,True,strong,,
GS-2,Southern California Edison Co,539f754cec4f024411ed129d,56b9228a5457a3030348d234,"Time of Use, General Service, Demand Metered, Critical Peak Option: TOU-GS-2 CPP, Three Phase (At 220kV)",2016-01-01 07:00:00+00:00,Commercial,,586d4bf65457a366061c9606,586d4bf65457a366061c9606,"Time of Use, General Service, Demand Metered, Option GS-2 TOU A, Single Phase (At 220kV)",2017-01-01 07:00:00+00:00,Commercial,,1.0,True,True,strong,,
GS-2,Southern California Edison Co,539f754cec4f024411ed129d,56b9228a5457a3030348d234,"Time of Use, General Service, Demand Metered, Critical Peak Option: TOU-GS-2 CPP, Three Phase (At 220kV)",2016-01-01 07:00:00+00:00,Commercial,,586d4ca75457a348111c9605,586d4ca75457a348111c9605,"Time of Use, General Service, Demand Metered, Option A: GS-2 TOU A, Three Phase (At 220kV)",2017-01-01 07:00:00+00:00,Commercial,,1.0,True,True,strong,,
GS-2,Southern California Edison Co,539f754cec4f024411ed129d,56b9228a5457a3030348d234,"Time of Use, General Service, Demand Metered, Critical Peak Option: TOU-GS-2 CPP, Three Phase (At 220kV)",2016-01-01 07:00:00+00:00,Commercial,,59c05cde5457a30837bbb280,59c05cde5457a30837bbb280,"TOU-GS-2, Option E",2017-12-01 08:00:00+00:00,Commercial,,1.92,True,True,strong,,
GS-2,Southern California Edison Co,539f754cec4f024411ed129d,56b9228a5457a3030348d234,"Time of Use, General Service, Demand Metered, Critical Peak Option: TOU-GS-2 CPP, Three Phase (At 220kV)",2016-01-01 07:00:00+00:00,Commercial,,59c05bc05457a30837bbb27f,59c05bc05457a30837bbb27f,"TOU-GS-2, Option D",2017-12-01 08:00:00+00:00,Commercial,Delivery with Standard Offer,1.92,True,False,weak,,
GS-2,Southern California Edison Co,539f754cec4f024411ed129d,56b9228a5457a3030348d234,"Time of Use, General Service, Demand Metered, Critical Peak Option: TOU-GS-2 CPP, Three Phase (At 220kV)",2016-01-01 07:00:00+00:00,Commercial,,5bc7ba425457a3b5483b43ed,5bc7ba425457a3b5483b43ed,"TOU-GS-2, Option A",2018-10-01 06:00:00+00:00,Commercial,Bundled,2.75,True,False,weak,,
GS-2,Southern California Edison Co,539f754cec4f024411ed129d,56b9228a5457a3030348d234,"Time of Use, General Service, Demand Metered, Critical Peak Option: TOU-GS-2 CPP, Three Phase (At 220kV)",2016-01-01 07:00:00+00:00,Commercial,,5bc7bc025457a32d493b43ed,5bc7bc025457a32d493b43ed,"TOU-GS-2, Option B",2018-10-01 06:00:00+00:00,Commercial,Bundled,2.75,True,False,weak,,
GS-2,Southern California Edison Co,539f754cec4f024411ed129d,56b9228a5457a3030348d234,"Time of Use, General Service, Demand Metered, Critical Peak Option: TOU-GS-2 CPP, Three Phase (At 220kV)",2016-01-01 07:00:00+00:00,Commercial,,5bc7be2a5457a3a2783b43ed,5bc7be2a5457a3a2783b43ed,"TOU-GS-2, Option R",2018-10-01 06:00:00+00:00,Commercial,Bundled,2.75,True,False,weak,,
GS-2,Southern California Edison Co,539f754cec4f024411ed129d,56b9228a5457a3030348d234,"Time of Use, General Service, Demand Metered, Critical Peak Option: TOU-GS-2 CPP, Three Phase (At 220kV)",2016-01-01 07:00:00+00:00,Commercial,,5cdb9d385457a3616340c5d2,5cdb9d385457a3616340c5d2,"Time of Use, General Service, Demand Metered, Option E: GS-2 TOU E, Three Phase (Under 2 kV)",2019-04-12 07:00:00+00:00,Commercial,Bundled,3.28,True,False,weak,,
GS-2,Southern California Edison Co,539f754cec4f024411ed129d,56b9228a5457a3030348d234,"Time of Use, General Service, Demand Metered, Critical Peak Option: TOU-GS-2 CPP, Three Phase (At 220kV)",2016-01-01 07:00:00+00:00,Commercial,,5cdb9e605457a3b72b40c5d3,5cdb9e605457a3b72b40c5d3,"Time of Use, General Service, Demand Metered, Option D: GS-2 TOU D, Three Phase (Under 2 kV)",2019-04-12 07:00:00+00:00,Commercial,Bundled,3.28,True,False,weak,,
GS-2,Southern California Edison Co,539f758dec4f024411ed150f,56b92c325457a3890348d233,"Time of Use, General Service, Demand Metered, Critical Peak-Lite Option: TOU-GS-2 CPP-Lite, Three Phase (Under 2kV)",2016-01-01 07:00:00+00:00,Commercial,,574f6b105457a3d8785e629e,574f6b105457a3d8785e629e,"Time of Use, General Service, Demand Metered, TOU-GS-2, Option B",2016-05-02 06:00:00+00:00,Commercial,,0.33,True,True,strong,,
GS-2,Southern California Edison Co,539f758dec4f024411ed150f,56b92c325457a3890348d233,"Time of Use, General Service, Demand Metered, Critical Peak-Lite Option: TOU-GS-2 CPP-Lite, Three Phase (Under 2kV)",2016-01-01 07:00:00+00:00,Commercial,,586d4bf65457a366061c9606,586d4bf65457a366061c9606,"Time of Use, General Service, Demand Metered, Option GS-2 TOU A, Single Phase (At 220kV)",2017-01-01 07:00:00+00:00,Commercial,,1.0,True,True,strong,,
GS-2,Southern California Edison Co,539f758dec4f024411ed150f,56b92c325457a3890348d233,"Time of Use, General Service, Demand Metered, Critical Peak-Lite Option: TOU-GS-2 CPP-Lite, Three Phase (Under 2kV)",2016-01-01 07:00:00+00:00,Commercial,,586d4ca75457a348111c9605,586d4ca75457a348111c9605,"Time of Use, General Service, Demand Metered, Option A: GS-2 TOU A, Three Phase (At 220kV)",2017-01-01 07:00:00+00:00,Commercial,,1.0,True,True,strong,,
GS-2,Southern California Edison Co,539f758dec4f024411ed150f,56b92c325457a3890348d233,"Time of Use, General Service, Demand Metered, Critical Peak-Lite Option: TOU-GS-2 CPP-Lite, Three Phase (Under 2kV)",2016-01-01 07:00:00+00:00,Commercial,,59c05cde5457a30837bbb280,59c05cde5457a30837bbb280,"TOU-GS-2, Option E",2017-12-01 08:00:00+00:00,Commercial,,1.92,True,True,strong,,
GS-2,Southern California Edison Co,539f758dec4f024411ed150f,56b92c325457a3890348d233,"Time of Use, General Service, Demand Metered, Critical Peak-Lite Option: TOU-GS-2 CPP-Lite, Three Phase (Under 2kV)",2016-01-01 07:00:00+00:00,Commercial,,59c05bc05457a30837bbb27f,59c05bc05457a30837bbb27f,"TOU-GS-2, Option D",2017-12-01 08:00:00+00:00,Commercial,Delivery with Standard Offer,1.92,True,False,weak,,
GS-2,Southern California Edison Co,539f758dec4f024411ed150f,56b92c325457a3890348d233,"Time of Use, General Service, Demand Metered, Critical Peak-Lite Option: TOU-GS-2 CPP-Lite, Three Phase (Under 2kV)",2016-01-01 07:00:00+00:00,Commercial,,5bc7ba425457a3b5483b43ed,5bc7ba425457a3b5483b43ed,"TOU-GS-2, Option A",2018-10-01 06:00:00+00:00,Commercial,Bundled,2.75,True,False,weak,,
GS-2,Southern California Edison Co,539f758dec4f024411ed150f,56b92c325457a3890348d233,"Time of Use, General Service, Demand Metered, Critical Peak-Lite Option: TOU-GS-2 CPP-Lite, Three Phase (Under 2kV)",2016-01-01 07:00:00+00:00,Commercial,,5bc7bc025457a32d493b43ed,5bc7bc025457a32d493b43ed,"TOU-GS-2, Option B",2018-10-01 06:00:00+00:00,Commercial,Bundled,2.75,True,False,weak,,
GS-2,Southern California Edison Co,539f758dec4f024411ed150f,56b92c325457a3890348d233,"Time of Use, General Service, Demand Metered, Critical Peak-Lite Option: TOU-GS-2 CPP-Lite, Three Phase (Under 2kV)",2016-01-01 07:00:00+00:00,Commercial,,5bc7be2a5457a3a2783b43ed,5bc7be2a5457a3a2783b43ed,"TOU-GS-2, Option R",2018-10-01 06:00:00+00:00,Commercial,Bundled,2.75,True,False,weak,,
GS-2,Southern California Edison Co,539f758dec4f024411ed150f,56b92c325457a3890348d233,"Time of Use, General Service, Demand Metered, Critical Peak-Lite Option: TOU-GS-2 CPP-Lite, Three Phase (Under 2kV)",2016-01-01 07:00:00+00:00,Commercial,,5cdb9d385457a3616340c5d2,5cdb9d385457a3616340c5d2,"Time of Use, General Service, Demand Metered, Option E: GS-2 TOU E, Three Phase (Under 2 kV)",2019-04-12 07:00:00+00:00,Commercial,Bundled,3.28,True,False,weak,,
GS-2,Southern California Edison Co,539f758dec4f024411ed150f,56b92c325457a3890348d233,"Time of Use, General Service, Demand Metered, Critical Peak-Lite Option: TOU-GS-2 CPP-Lite, Three Phase (Under 2kV)",2016-01-01 07:00:00+00:00,Commercial,,5cdb9e605457a3b72b40c5d3,5cdb9e605457a3b72b40c5d3,"Time of Use, General Service, Demand Metered, Option D: GS-2 TOU D, Three Phase (Under 2 kV)",2019-04-12 07:00:00+00:00,Commercial,Bundled,3.28,True,False,weak,,
EV-4,Southern California Edison Co,539f75b3ec4f024411ed174f,5c817fcc7bece2299eceb39a,General Service Time-of-use Electric Vehicle Charging - Demand Metered:TOU-EV-4 (at 220 kV) - Closed Rate,2018-10-01 07:00:00+00:00,Commercial,Bundled,60ba262b5457a302057ef411,60ba262b5457a302057ef411,General Service Time-of-use Electric Vehicle Charging: TOU-EV-4 Single Phase (Under 2kV) - Closed Rate,2019-03-01 08:00:00+00:00,Commercial,Bundled,0.41,True,True,strong,,
EV-4,Southern California Edison Co,539f75b3ec4f024411ed174f,5c817fcc7bece2299eceb39a,General Service Time-of-use Electric Vehicle Charging - Demand Metered:TOU-EV-4 (at 220 kV) - Closed Rate,2018-10-01 07:00:00+00:00,Commercial,Bundled,60ba27bd5457a39e117ef40f,60ba27bd5457a39e117ef40f,General Service Time-of-use Electric Vehicle Charging: TOU-EV-4  (2kV-50kV) - Closed Rate,2019-03-01 08:00:00+00:00,Commercial,Bundled,0.41,True,True,strong,,
EV-4,Southern California Edison Co,539f75b3ec4f024411ed174f,5c817fcc7bece2299eceb39a,General Service Time-of-use Electric Vehicle Charging - Demand Metered:TOU-EV-4 (at 220 kV) - Closed Rate,2018-10-01 07:00:00+00:00,Commercial,Bundled,60ba28465457a34f077ef410,60ba28465457a34f077ef410,General Service Time-of-use Electric Vehicle Charging: TOU-EV-4 (50kV-220kV) - Closed Rate,2019-03-01 08:00:00+00:00,Commercial,Bundled,0.41,True,True,strong,,
EV-4,Southern California Edison Co,539f75b3ec4f024411ed174f,5c817fcc7bece2299eceb39a,General Service Time-of-use Electric Vehicle Charging - Demand Metered:TOU-EV-4 (at 220 kV) - Closed Rate,2018-10-01 07:00:00+00:00,Commercial,Bundled,60ba28d25457a3194f7ef411,60ba28d25457a3194f7ef411,General Service Time-of-use Electric Vehicle Charging: TOU-EV-4 (220kV and above) - Closed Rate,2019-03-01 08:00:00+00:00,Commercial,Bundled,0.41,True,True,strong,,
GS-3,Southern California Edison Co,539f762cec4f024411ed1c03,539f762cec4f024411ed1c03,Time-of-use - General Service - Demand Metered-Super Off Peak: TOU-GS-3-SOP (2kV to 50kV); REPEAT Rate,2014-01-01 07:00:00+00:00,Commercial,,557086ae5457a3f449db22a6,557086ae5457a3f449db22a6,"Time-of-use - General Service - Demand Metered: TOU-GS-3, Option A; REPEAT Rate",2015-06-01 06:00:00+00:00,Commercial,,1.41,True,True,strong,,
GS-3,Southern California Edison Co,539f762cec4f024411ed1c03,539f762cec4f024411ed1c03,Time-of-use - General Service - Demand Metered-Super Off Peak: TOU-GS-3-SOP (2kV to 50kV); REPEAT Rate,2014-01-01 07:00:00+00:00,Commercial,,55709cef5457a3b71fdb22a2,55709cef5457a3b71fdb22a2,"Time-of-use - General Service - Demand Metered: TOU-GS-3, Option R",2015-06-01 07:00:00+00:00,Commercial,,1.41,True,True,strong,,
GS-3,Southern California Edison Co,539f762cec4f024411ed1c03,539f762cec4f024411ed1c03,Time-of-use - General Service - Demand Metered-Super Off Peak: TOU-GS-3-SOP (2kV to 50kV); REPEAT Rate,2014-01-01 07:00:00+00:00,Commercial,,5570a0385457a33467db22a3,5570a0385457a33467db22a3,Time-Of-Use - General Service - Demand Metered: TOU-GS-3 Option CPP,2015-06-01 07:00:00+00:00,Commercial,,1.41,True,True,strong,,
GS-3,Southern California Edison Co,539f762cec4f024411ed1c03,539f762cec4f024411ed1c03,Time-of-use - General Service - Demand Metered-Super Off Peak: TOU-GS-3-SOP (2kV to 50kV); REPEAT Rate,2014-01-01 07:00:00+00:00,Commercial,,5570b8575457a37a19db22a6,5570b8575457a37a19db22a6,Time-of-use - General Service - Demand Metered-Super Off Peak: TOU-GS-3-SOP,2015-06-01 07:00:00+00:00,Commercial,,1.41,True,True,strong,,
GS-3,Southern California Edison Co,539f762cec4f024411ed1c03,539f762cec4f024411ed1c03,Time-of-use - General Service - Demand Metered-Super Off Peak: TOU-GS-3-SOP (2kV to 50kV); REPEAT Rate,2014-01-01 07:00:00+00:00,Commercial,,55708b045457a33467db22a2,55708b045457a33467db22a2,"Time-of-use - General Service - Demand Metered: TOU-GS-3, Option B",2016-01-01 08:00:00+00:00,Commercial,,2.0,True,True,strong,,
GS-3,Southern California Edison Co,539f762cec4f024411ed1c03,539f762cec4f024411ed1c03,Time-of-use - General Service - Demand Metered-Super Off Peak: TOU-GS-3-SOP (2kV to 50kV); REPEAT Rate,2014-01-01 07:00:00+00:00,Commercial,,586e87cc5457a3bc711c9606,586e87cc5457a3bc711c9606,"Time-of-use - General Service - Demand Metered: TOU-GS-3, Option R (50kV-220kV)",2017-01-01 07:00:00+00:00,Commercial,,3.0,True,True,strong,,
GS-3,Southern California Edison Co,539f762cec4f024411ed1c03,539f762cec4f024411ed1c03,Time-of-use - General Service - Demand Metered-Super Off Peak: TOU-GS-3-SOP (2kV to 50kV); REPEAT Rate,2014-01-01 07:00:00+00:00,Commercial,,586e86b95457a3d3711c9605,586e86b95457a3d3711c9605,"Time-of-use - General Service - Demand Metered: TOU-GS-3, Option R (2kV to 50kV)",2017-01-01 07:00:00+00:00,Commercial,,3.0,True,True,strong,,
GS-3,Southern California Edison Co,539f762cec4f024411ed1c03,539f762cec4f024411ed1c03,Time-of-use - General Service - Demand Metered-Super Off Peak: TOU-GS-3-SOP (2kV to 50kV); REPEAT Rate,2014-01-01 07:00:00+00:00,Commercial,,586e82f95457a3c1711c9605,586e82f95457a3c1711c9605,"Time-of-use - General Service - Demand Metered: TOU-GS-3, Option B (50kV to 220kV)",2017-01-01 07:00:00+00:00,Commercial,,3.0,True,True,strong,,
GS-3,Southern California Edison Co,539f762cec4f024411ed1c03,539f762cec4f024411ed1c03,Time-of-use - General Service - Demand Metered-Super Off Peak: TOU-GS-3-SOP (2kV to 50kV); REPEAT Rate,2014-01-01 07:00:00+00:00,Commercial,,586e819e5457a37c711c9605,586e819e5457a37c711c9605,"Time-of-use - General Service - Demand Metered: TOU-GS-3, Option B (2kV-50kV)",2017-01-01 07:00:00+00:00,Commercial,,3.0,True,True,strong,,
GS-3,Southern California Edison Co,539f762cec4f024411ed1c03,539f762cec4f024411ed1c03,Time-of-use - General Service - Demand Metered-Super Off Peak: TOU-GS-3-SOP (2kV to 50kV); REPEAT Rate,2014-01-01 07:00:00+00:00,Commercial,,586e7f305457a3dd711c9605,586e7f305457a3dd711c9605,"Time-of-use - General Service - Demand Metered: TOU-GS-3, Option A (at 220kV)",2017-01-01 07:00:00+00:00,Commercial,,3.0,True,True,strong,,
GS-3,Southern California Edison Co,539f762cec4f024411ed1c03,539f762cec4f024411ed1c03,Time-of-use - General Service - Demand Metered-Super Off Peak: TOU-GS-3-SOP (2kV to 50kV); REPEAT Rate,2014-01-01 07:00:00+00:00,Commercial,,586e7f055457a3bc711c9605,586e7f055457a3bc711c9605,"Time-of-use - General Service - Demand Metered: TOU-GS-3, Option A (50kV to 220kV)",2017-01-01 07:00:00+00:00,Commercial,,3.0,True,True,strong,,
GS-3,Southern California Edison Co,539f762cec4f024411ed1c03,539f762cec4f024411ed1c03,Time-of-use - General Service - Demand Metered-Super Off Peak: TOU-GS-3-SOP (2kV to 50kV); REPEAT Rate,2014-01-01 07:00:00+00:00,Commercial,,586e7ee45457a3c6711c9605,586e7ee45457a3c6711c9605,"Time-of-use - General Service - Demand Metered: TOU-GS-3, Option A (2kV to 50kV)",2017-01-01 07:00:00+00:00,Commercial,,3.0,True,True,strong,,
GS-3,Southern California Edison Co,539f762cec4f024411ed1c03,539f762cec4f024411ed1c03,Time-of-use - General Service - Demand Metered-Super Off Peak: TOU-GS-3-SOP (2kV to 50kV); REPEAT Rate,2014-01-01 07:00:00+00:00,Commercial,,59c05e4b5457a37206bbb281,59c05e4b5457a37206bbb281,"TOU-GS-3, Option D",2017-12-01 08:00:00+00:00,Commercial,,3.92,True,True,strong,,
GS-3,Southern California Edison Co,539f762cec4f024411ed1c03,539f762cec4f024411ed1c03,Time-of-use - General Service - Demand Metered-Super Off Peak: TOU-GS-3-SOP (2kV to 50kV); REPEAT Rate,2014-01-01 07:00:00+00:00,Commercial,,59c05f655457a3814ebbb27c,59c05f655457a3814ebbb27c,"TOU-GS-3, Option E",2017-12-01 08:00:00+00:00,Commercial,,3.92,True,True,strong,,
GS-3,Southern California Edison Co,539f762cec4f024411ed1c03,539f762cec4f024411ed1c03,Time-of-use - General Service - Demand Metered-Super Off Peak: TOU-GS-3-SOP (2kV to 50kV); REPEAT Rate,2014-01-01 07:00:00+00:00,Commercial,,5b5f27b45457a34051409a7c,5b5f27b45457a34051409a7c,"Time-of-use - General Service - Demand Metered: TOU-GS-3, Option R (Under 2kV)",2017-01-01 08:00:00+00:00,Commercial,Bundled,3.0,True,False,weak,,
GS-3,Southern California Edison Co,539f762cec4f024411ed1c03,539f762cec4f024411ed1c03,Time-of-use - General Service - Demand Metered-Super Off Peak: TOU-GS-3-SOP (2kV to 50kV); REPEAT Rate,2014-01-01 07:00:00+00:00,Commercial,,5b5f24005457a39779409a7b,5b5f24005457a39779409a7b,"Time-of-use - General Service - Demand Metered: TOU-GS-3, Option B (Under 2kV)",2017-01-01 08:00:00+00:00,Commercial,Bundled,3.0,True,False,weak,,
GS-3,Southern California Edison Co,539f762cec4f024411ed1c03,539f762cec4f024411ed1c03,Time-of-use - General Service - Demand Metered-Super Off Peak: TOU-GS-3-SOP (2kV to 50kV); REPEAT Rate,2014-01-01 07:00:00+00:00,Commercial,,5b5f1f965457a39579409a7c,5b5f1f965457a39579409a7c,"Time-of-use - General Service - Demand Metered: TOU-GS-3, Option A (Under 2kV)",2017-01-01 08:00:00+00:00,Commercial,Bundled,3.0,True,False,weak,,
GS-3,Southern California Edison Co,539f762cec4f024411ed1c03,539f762cec4f024411ed1c03,Time-of-use - General Service - Demand Metered-Super Off Peak: TOU-GS-3-SOP (2kV to 50kV); REPEAT Rate,2014-01-01 07:00:00+00:00,Commercial,,5b5ef3155457a39879409a7b,5b5ef3155457a39879409a7b,"Time-of-use - General Service - Demand Metered: TOU-GS-3, Option CPP (Under 2kV)",2017-01-01 08:00:00+00:00,Commercial,Bundled,3.0,True,False,weak,,
GS-3,Southern California Edison Co,539f762cec4f024411ed1c03,539f762cec4f024411ed1c03,Time-of-use - General Service - Demand Metered-Super Off Peak: TOU-GS-3-SOP (2kV to 50kV); REPEAT Rate,2014-01-01 07:00:00+00:00,Commercial,,586e81155457a31a7a1c9605,586e81155457a31a7a1c9605,"Time of Use, General Service, Demand Metered, Option B: GS-3 TOU B (Under 2kV)",2017-01-01 07:00:00+00:00,Commercial,Bundled,3.0,True,False,weak,,
GS-3,Southern California Edison Co,539f762cec4f024411ed1c03,539f762cec4f024411ed1c03,Time-of-use - General Service - Demand Metered-Super Off Peak: TOU-GS-3-SOP (2kV to 50kV); REPEAT Rate,2014-01-01 07:00:00+00:00,Commercial,,5b5f2c815457a39779409a7d,5b5f2c815457a39779409a7d,Time-of-use - General Service - Super Off Peak - Demand Metered: TOU-GS-3-SOP (under 2 kv),2017-01-01 08:00:00+00:00,Commercial,Bundled,3.0,True,False,weak,,
GS-3,Southern California Edison Co,539f762cec4f024411ed1c03,539f762cec4f024411ed1c03,Time-of-use - General Service - Demand Metered-Super Off Peak: TOU-GS-3-SOP (2kV to 50kV); REPEAT Rate,2014-01-01 07:00:00+00:00,Commercial,,5b5f384f5457a39779409a7e,5b5f384f5457a39779409a7e,Time-of-use - General Service - Demand Metered - NonTOU - GS-3 - (under 2 kv),2017-01-01 08:00:00+00:00,Commercial,Bundled,3.0,True,False,weak,,
A-6,Pacific Gas & Electric Co,539f764eec4f024411ed1db5,574cc2cb5457a367445e62a2,A-6 Small General Service TOU Meter Charge (W),2016-03-24 07:00:00+00:00,Commercial,,5a3309c45457a3eb305c48a1,5a3309c45457a3eb305c48a1,A-6 Small General Service TOU Meter Charge (W),2017-10-24 06:00:00+00:00,Commercial,Bundled,1.58,True,False,weak,,
A-6,Pacific Gas & Electric Co,539fb411ec4f024bc1dbe4e5,574cc2495457a3c01f5e62a7,A-6 Small General Service TOU Meter Charge (A-6),2016-03-24 07:00:00+00:00,Commercial,,5a3309c45457a3eb305c48a1,5a3309c45457a3eb305c48a1,A-6 Small General Service TOU Meter Charge (W),2017-10-24 06:00:00+00:00,Commercial,Bundled,1.58,True,False,weak,,
GS-2,Southern California Edison Co,539fb448ec4f024bc1dbe7ed,539fb448ec4f024bc1dbe7ed,"Time of Use, General Service, Demand Metered, Option R: GS-2 TOU R - Single phase (2kV - 50kV)",2014-01-01 13:00:00+00:00,Commercial,,557083bc5457a37a19db22a3,557083bc5457a37a19db22a3,"Time of Use, General Service, Demand Metered, Critical Peak-Lite Option: TOU-GS-2 CPP-Lite, Three Phase; REPEAT rate",2015-06-01 06:00:00+00:00,Commercial,,1.41,True,True,strong,,
GS-2,Southern California Edison Co,539fb448ec4f024bc1dbe7ed,539fb448ec4f024bc1dbe7ed,"Time of Use, General Service, Demand Metered, Option R: GS-2 TOU R - Single phase (2kV - 50kV)",2014-01-01 13:00:00+00:00,Commercial,,55707e995457a37354db22a5,55707e995457a37354db22a5,"Time of Use, General Service, Demand Metered, Critical Peak-Lite Option: TOU-GS-2 CPP-Lite, Single Phase; REPEAT rate",2015-06-01 06:00:00+00:00,Commercial,,1.41,True,True,strong,,
GS-2,Southern California Edison Co,539fb448ec4f024bc1dbe7ed,539fb448ec4f024bc1dbe7ed,"Time of Use, General Service, Demand Metered, Option R: GS-2 TOU R - Single phase (2kV - 50kV)",2014-01-01 13:00:00+00:00,Commercial,,55707a575457a37354db22a4,55707a575457a37354db22a4,"Time of Use, General Service, Demand Metered, Critical Peak Option: TOU-GS-2 CPP, Single Phase",2015-06-01 07:00:00+00:00,Commercial,,1.41,True,True,strong,,
GS-2,Southern California Edison Co,539fb448ec4f024bc1dbe7ed,539fb448ec4f024bc1dbe7ed,"Time of Use, General Service, Demand Metered, Option R: GS-2 TOU R - Single phase (2kV - 50kV)",2014-01-01 13:00:00+00:00,Commercial,,557076bc5457a3a23cdb22a6,557076bc5457a3a23cdb22a6,"Time of Use, General Service, Demand Metered, Option R: GS-2 TOU R - Three phase",2015-06-01 07:00:00+00:00,Commercial,,1.41,True,True,strong,,
GS-2,Southern California Edison Co,539fb448ec4f024bc1dbe7ed,539fb448ec4f024bc1dbe7ed,"Time of Use, General Service, Demand Metered, Option R: GS-2 TOU R - Single phase (2kV - 50kV)",2014-01-01 13:00:00+00:00,Commercial,,55705ad65457a3f449db22a3,55705ad65457a3f449db22a3,"General Service - Demand: GS-2, Single Phase Service; Closed Rate",2015-06-01 06:00:00+00:00,Commercial,,1.41,True,True,strong,,
GS-2,Southern California Edison Co,539fb448ec4f024bc1dbe7ed,539fb448ec4f024bc1dbe7ed,"Time of Use, General Service, Demand Metered, Option R: GS-2 TOU R - Single phase (2kV - 50kV)",2014-01-01 13:00:00+00:00,Commercial,,55706d4c5457a31422db22a3,55706d4c5457a31422db22a3,"Time of Use, General Service, Demand Metered, Option B: GS-2 TOU B, Three Phase",2015-06-01 07:00:00+00:00,Commercial,,1.41,True,True,strong,,
GS-2,Southern California Edison Co,539fb448ec4f024bc1dbe7ed,539fb448ec4f024bc1dbe7ed,"Time of Use, General Service, Demand Metered, Option R: GS-2 TOU R - Single phase (2kV - 50kV)",2014-01-01 13:00:00+00:00,Commercial,,557069245457a37354db22a2,557069245457a37354db22a2,"Time of Use, General Service, Demand Metered, Option B: GS-2 TOU B, Single Phase",2015-06-01 07:00:00+00:00,Commercial,,1.41,True,True,strong,,
GS-2,Southern California Edison Co,539fb448ec4f024bc1dbe7ed,539fb448ec4f024bc1dbe7ed,"Time of Use, General Service, Demand Metered, Option R: GS-2 TOU R - Single phase (2kV - 50kV)",2014-01-01 13:00:00+00:00,Commercial,,557067a65457a3b602db22a3,557067a65457a3b602db22a3,"Time of Use, General Service, Demand Metered, Option A: GS-2 TOU A, Three Phase",2015-06-01 07:00:00+00:00,Commercial,,1.41,True,True,strong,,
GS-2,Southern California Edison Co,539fb448ec4f024bc1dbe7ed,539fb448ec4f024bc1dbe7ed,"Time of Use, General Service, Demand Metered, Option R: GS-2 TOU R - Single phase (2kV - 50kV)",2014-01-01 13:00:00+00:00,Commercial,,557063955457a3fb54db22a2,557063955457a3fb54db22a2,"Time of Use, General Service, Demand Metered, Option A: GS-2 TOU A, Single Phase",2015-06-01 07:00:00+00:00,Commercial,,1.41,True,True,strong,,
GS-2,Southern California Edison Co,539fb448ec4f024bc1dbe7ed,539fb448ec4f024bc1dbe7ed,"Time of Use, General Service, Demand Metered, Option R: GS-2 TOU R - Single phase (2kV - 50kV)",2014-01-01 13:00:00+00:00,Commercial,,55705f695457a3a23cdb22a3,55705f695457a3a23cdb22a3,General Service - Demand: GS-2 - Three Phase; Closed Rate,2015-06-01 06:00:00+00:00,Commercial,,1.41,True,True,strong,,
GS-2,Southern California Edison Co,539fb448ec4f024bc1dbe7ed,539fb448ec4f024bc1dbe7ed,"Time of Use, General Service, Demand Metered, Option R: GS-2 TOU R - Single phase (2kV - 50kV)",2014-01-01 13:00:00+00:00,Commercial,,55706f305457a31422db22a4,55706f305457a31422db22a4,"Time of Use, General Service, Demand Metered, Option R: GS-2 TOU R - Single phase",2015-06-01 07:00:00+00:00,Commercial,,1.41,True,True,strong,,
GS-2,Southern California Edison Co,539fb448ec4f024bc1dbe7ed,539fb448ec4f024bc1dbe7ed,"Time of Use, General Service, Demand Metered, Option R: GS-2 TOU R - Single phase (2kV - 50kV)",2014-01-01 13:00:00+00:00,Commercial,,55707d1c5457a3f449db22a4,55707d1c5457a3f449db22a4,"Time of Use, General Service, Demand Metered, Critical Peak Option: TOU-GS-2 CPP, Three Phase",2015-06-01 07:00:00+00:00,Commercial,,1.41,True,True,strong,,
GS-2,Southern California Edison Co,539fb448ec4f024bc1dbe7ed,539fb448ec4f024bc1dbe7ed,"Time of Use, General Service, Demand Metered, Option R: GS-2 TOU R - Single phase (2kV - 50kV)",2014-01-01 13:00:00+00:00,Commercial,,574f6b105457a3d8785e629e,574f6b105457a3d8785e629e,"Time of Use, General Service, Demand Metered, TOU-GS-2, Option B",2016-05-02 06:00:00+00:00,Commercial,,2.33,True,True,strong,,
GS-2,Southern California Edison Co,539fb448ec4f024bc1dbe7ed,539fb448ec4f024bc1dbe7ed,"Time of Use, General Service, Demand Metered, Option R: GS-2 TOU R - Single phase (2kV - 50kV)",2014-01-01 13:00:00+00:00,Commercial,,586d4bf65457a366061c9606,586d4bf65457a366061c9606,"Time of Use, General Service, Demand Metered, Option GS-2 TOU A, Single Phase (At 220kV)",2017-01-01 07:00:00+00:00,Commercial,,3.0,True,True,strong,,
GS-2,Southern California Edison Co,539fb448ec4f024bc1dbe7ed,539fb448ec4f024bc1dbe7ed,"Time of Use, General Service, Demand Metered, Option R: GS-2 TOU R - Single phase (2kV - 50kV)",2014-01-01 13:00:00+00:00,Commercial,,586d4ca75457a348111c9605,586d4ca75457a348111c9605,"Time of Use, General Service, Demand Metered, Option A: GS-2 TOU A, Three Phase (At 220kV)",2017-01-01 07:00:00+00:00,Commercial,,3.0,True,True,strong,,
GS-2,Southern California Edison Co,539fb448ec4f024bc1dbe7ed,539fb448ec4f024bc1dbe7ed,"Time of Use, General Service, Demand Metered, Option R: GS-2 TOU R - Single phase (2kV - 50kV)",2014-01-01 13:00:00+00:00,Commercial,,59c05cde5457a30837bbb280,59c05cde5457a30837bbb280,"TOU-GS-2, Option E",2017-12-01 08:00:00+00:00,Commercial,,3.91,True,True,strong,,
GS-2,Southern California Edison Co,539fb448ec4f024bc1dbe7ed,539fb448ec4f024bc1dbe7ed,"Time of Use, General Service, Demand Metered, Option R: GS-2 TOU R - Single phase (2kV - 50kV)",2014-01-01 13:00:00+00:00,Commercial,,5c9114ea5457a37e5307bc77,5c9114ea5457a37e5307bc77,"Time of Use, General Service, Demand Metered, Option D: GS-2 TOU D, Three Phase (Under 2 kV)",2015-02-28 08:00:00+00:00,Commercial,Bundled,1.16,True,False,weak,,
GS-2,Southern California Edison Co,539fb448ec4f024bc1dbe7ed,539fb448ec4f024bc1dbe7ed,"Time of Use, General Service, Demand Metered, Option R: GS-2 TOU R - Single phase (2kV - 50kV)",2014-01-01 13:00:00+00:00,Commercial,,5c9080fb5457a3102a07bc77,5c9080fb5457a3102a07bc77,"Time of Use, General Service, Demand Metered, Option E: GS-2 TOU E, Three Phase (Under 2 kV)",2015-02-28 08:00:00+00:00,Commercial,Bundled,1.16,True,False,weak,,
GS-2,Southern California Edison Co,539fb448ec4f024bc1dbe7ed,539fb448ec4f024bc1dbe7ed,"Time of Use, General Service, Demand Metered, Option R: GS-2 TOU R - Single phase (2kV - 50kV)",2014-01-01 13:00:00+00:00,Commercial,,59c05bc05457a30837bbb27f,59c05bc05457a30837bbb27f,"TOU-GS-2, Option D",2017-12-01 08:00:00+00:00,Commercial,Delivery with Standard Offer,3.91,True,False,weak,,
GS-2,Southern California Edison Co,539fb48cec4f024bc1dbeaef,539fb48cec4f024bc1dbeaef,"Time of Use, General Service, Demand Metered, Critical Peak-Lite Option: TOU-GS-2 CPP-Lite, Single Phase (2kV-50kV)",2014-01-01 08:00:00+00:00,Commercial,,557083bc5457a37a19db22a3,557083bc5457a37a19db22a3,"Time of Use, General Service, Demand Metered, Critical Peak-Lite Option: TOU-GS-2 CPP-Lite, Three Phase; REPEAT rate",2015-06-01 06:00:00+00:00,Commercial,,1.41,True,True,strong,,
GS-2,Southern California Edison Co,539fb48cec4f024bc1dbeaef,539fb48cec4f024bc1dbeaef,"Time of Use, General Service, Demand Metered, Critical Peak-Lite Option: TOU-GS-2 CPP-Lite, Single Phase (2kV-50kV)",2014-01-01 08:00:00+00:00,Commercial,,55707e995457a37354db22a5,55707e995457a37354db22a5,"Time of Use, General Service, Demand Metered, Critical Peak-Lite Option: TOU-GS-2 CPP-Lite, Single Phase; REPEAT rate",2015-06-01 06:00:00+00:00,Commercial,,1.41,True,True,strong,,
GS-2,Southern California Edison Co,539fb48cec4f024bc1dbeaef,539fb48cec4f024bc1dbeaef,"Time of Use, General Service, Demand Metered, Critical Peak-Lite Option: TOU-GS-2 CPP-Lite, Single Phase (2kV-50kV)",2014-01-01 08:00:00+00:00,Commercial,,55707a575457a37354db22a4,55707a575457a37354db22a4,"Time of Use, General Service, Demand Metered, Critical Peak Option: TOU-GS-2 CPP, Single Phase",2015-06-01 07:00:00+00:00,Commercial,,1.41,True,True,strong,,
GS-2,Southern California Edison Co,539fb48cec4f024bc1dbeaef,539fb48cec4f024bc1dbeaef,"Time of Use, General Service, Demand Metered, Critical Peak-Lite Option: TOU-GS-2 CPP-Lite, Single Phase (2kV-50kV)",2014-01-01 08:00:00+00:00,Commercial,,557076bc5457a3a23cdb22a6,557076bc5457a3a23cdb22a6,"Time of Use, General Service, Demand Metered, Option R: GS-2 TOU R - Three phase",2015-06-01 07:00:00+00:00,Commercial,,1.41,True,True,strong,,
GS-2,Southern California Edison Co,539fb48cec4f024bc1dbeaef,539fb48cec4f024bc1dbeaef,"Time of Use, General Service, Demand Metered, Critical Peak-Lite Option: TOU-GS-2 CPP-Lite, Single Phase (2kV-50kV)",2014-01-01 08:00:00+00:00,Commercial,,55705ad65457a3f449db22a3,55705ad65457a3f449db22a3,"General Service - Demand: GS-2, Single Phase Service; Closed Rate",2015-06-01 06:00:00+00:00,Commercial,,1.41,True,True,strong,,
GS-2,Southern California Edison Co,539fb48cec4f024bc1dbeaef,539fb48cec4f024bc1dbeaef,"Time of Use, General Service, Demand Metered, Critical Peak-Lite Option: TOU-GS-2 CPP-Lite, Single Phase (2kV-50kV)",2014-01-01 08:00:00+00:00,Commercial,,55706d4c5457a31422db22a3,55706d4c5457a31422db22a3,"Time of Use, General Service, Demand Metered, Option B: GS-2 TOU B, Three Phase",2015-06-01 07:00:00+00:00,Commercial,,1.41,True,True,strong,,
GS-2,Southern California Edison Co,539fb48cec4f024bc1dbeaef,539fb48cec4f024bc1dbeaef,"Time of Use, General Service, Demand Metered, Critical Peak-Lite Option: TOU-GS-2 CPP-Lite, Single Phase (2kV-50kV)",2014-01-01 08:00:00+00:00,Commercial,,557069245457a37354db22a2,557069245457a37354db22a2,"Time of Use, General Service, Demand Metered, Option B: GS-2 TOU B, Single Phase",2015-06-01 07:00:00+00:00,Commercial,,1.41,True,True,strong,,
GS-2,Southern California Edison Co,539fb48cec4f024bc1dbeaef,539fb48cec4f024bc1dbeaef,"Time of Use, General Service, Demand Metered, Critical Peak-Lite Option: TOU-GS-2 CPP-Lite, Single Phase (2kV-50kV)",2014-01-01 08:00:00+00:00,Commercial,,557067a65457a3b602db22a3,557067a65457a3b602db22a3,"Time of Use, General Service, Demand Metered, Option A: GS-2 TOU A, Three Phase",2015-06-01 07:00:00+00:00,Commercial,,1.41,True,True,strong,,
GS-2,Southern California Edison Co,539fb48cec4f024bc1dbeaef,539fb48cec4f024bc1dbeaef,"Time of Use, General Service, Demand Metered, Critical Peak-Lite Option: TOU-GS-2 CPP-Lite, Single Phase (2kV-50kV)",2014-01-01 08:00:00+00:00,Commercial,,557063955457a3fb54db22a2,557063955457a3fb54db22a2,"Time of Use, General Service, Demand Metered, Option A: GS-2 TOU A, Single Phase",2015-06-01 07:00:00+00:00,Commercial,,1.41,True,True,strong,,
GS-2,Southern California Edison Co,539fb48cec4f024bc1dbeaef,539fb48cec4f024bc1dbeaef,"Time of Use, General Service, Demand Metered, Critical Peak-Lite Option: TOU-GS-2 CPP-Lite, Single Phase (2kV-50kV)",2014-01-01 08:00:00+00:00,Commercial,,55705f695457a3a23cdb22a3,55705f695457a3a23cdb22a3,General Service - Demand: GS-2 - Three Phase; Closed Rate,2015-06-01 06:00:00+00:00,Commercial,,1.41,True,True,strong,,
GS-2,Southern California Edison Co,539fb48cec4f024bc1dbeaef,539fb48cec4f024bc1dbeaef,"Time of Use, General Service, Demand Metered, Critical Peak-Lite Option: TOU-GS-2 CPP-Lite, Single Phase (2kV-50kV)",2014-01-01 08:00:00+00:00,Commercial,,55706f305457a31422db22a4,55706f305457a31422db22a4,"Time of Use, General Service, Demand Metered, Option R: GS-2 TOU R - Single phase",2015-06-01 07:00:00+00:00,Commercial,,1.41,True,True,strong,,
GS-2,Southern California Edison Co,539fb48cec4f024bc1dbeaef,539fb48cec4f024bc1dbeaef,"Time of Use, General Service, Demand Metered, Critical Peak-Lite Option: TOU-GS-2 CPP-Lite, Single Phase (2kV-50kV)",2014-01-01 08:00:00+00:00,Commercial,,55707d1c5457a3f449db22a4,55707d1c5457a3f449db22a4,"Time of Use, General Service, Demand Metered, Critical Peak Option: TOU-GS-2 CPP, Three Phase",2015-06-01 07:00:00+00:00,Commercial,,1.41,True,True,strong,,
GS-2,Southern California Edison Co,539fb48cec4f024bc1dbeaef,539fb48cec4f024bc1dbeaef,"Time of Use, General Service, Demand Metered, Critical Peak-Lite Option: TOU-GS-2 CPP-Lite, Single Phase (2kV-50kV)",2014-01-01 08:00:00+00:00,Commercial,,574f6b105457a3d8785e629e,574f6b105457a3d8785e629e,"Time of Use, General Service, Demand Metered, TOU-GS-2, Option B",2016-05-02 06:00:00+00:00,Commercial,,2.33,True,True,strong,,
GS-2,Southern California Edison Co,539fb48cec4f024bc1dbeaef,539fb48cec4f024bc1dbeaef,"Time of Use, General Service, Demand Metered, Critical Peak-Lite Option: TOU-GS-2 CPP-Lite, Single Phase (2kV-50kV)",2014-01-01 08:00:00+00:00,Commercial,,586d4bf65457a366061c9606,586d4bf65457a366061c9606,"Time of Use, General Service, Demand Metered, Option GS-2 TOU A, Single Phase (At 220kV)",2017-01-01 07:00:00+00:00,Commercial,,3.0,True,True,strong,,
GS-2,Southern California Edison Co,539fb48cec4f024bc1dbeaef,539fb48cec4f024bc1dbeaef,"Time of Use, General Service, Demand Metered, Critical Peak-Lite Option: TOU-GS-2 CPP-Lite, Single Phase (2kV-50kV)",2014-01-01 08:00:00+00:00,Commercial,,586d4ca75457a348111c9605,586d4ca75457a348111c9605,"Time of Use, General Service, Demand Metered, Option A: GS-2 TOU A, Three Phase (At 220kV)",2017-01-01 07:00:00+00:00,Commercial,,3.0,True,True,strong,,
GS-2,Southern California Edison Co,539fb48cec4f024bc1dbeaef,539fb48cec4f024bc1dbeaef,"Time of Use, General Service, Demand Metered, Critical Peak-Lite Option: TOU-GS-2 CPP-Lite, Single Phase (2kV-50kV)",2014-01-01 08:00:00+00:00,Commercial,,59c05cde5457a30837bbb280,59c05cde5457a30837bbb280,"TOU-GS-2, Option E",2017-12-01 08:00:00+00:00,Commercial,,3.92,True,True,strong,,
GS-2,Southern California Edison Co,539fb48cec4f024bc1dbeaef,539fb48cec4f024bc1dbeaef,"Time of Use, General Service, Demand Metered, Critical Peak-Lite Option: TOU-GS-2 CPP-Lite, Single Phase (2kV-50kV)",2014-01-01 08:00:00+00:00,Commercial,,5c9114ea5457a37e5307bc77,5c9114ea5457a37e5307bc77,"Time of Use, General Service, Demand Metered, Option D: GS-2 TOU D, Three Phase (Under 2 kV)",2015-02-28 08:00:00+00:00,Commercial,Bundled,1.16,True,False,weak,,
GS-2,Southern California Edison Co,539fb48cec4f024bc1dbeaef,539fb48cec4f024bc1dbeaef,"Time of Use, General Service, Demand Metered, Critical Peak-Lite Option: TOU-GS-2 CPP-Lite, Single Phase (2kV-50kV)",2014-01-01 08:00:00+00:00,Commercial,,5c9080fb5457a3102a07bc77,5c9080fb5457a3102a07bc77,"Time of Use, General Service, Demand Metered, Option E: GS-2 TOU E, Three Phase (Under 2 kV)",2015-02-28 08:00:00+00:00,Commercial,Bundled,1.16,True,False,weak,,
GS-2,Southern California Edison Co,539fb48cec4f024bc1dbeaef,539fb48cec4f024bc1dbeaef,"Time of Use, General Service, Demand Metered, Critical Peak-Lite Option: TOU-GS-2 CPP-Lite, Single Phase (2kV-50kV)",2014-01-01 08:00:00+00:00,Commercial,,59c05bc05457a30837bbb27f,59c05bc05457a30837bbb27f,"TOU-GS-2, Option D",2017-12-01 08:00:00+00:00,Commercial,Delivery with Standard Offer,3.92,True,False,weak,,
TOU-8,Southern California Edison Co,539fb49dec4f024bc1dbebb1,56bbde155457a39d078b4567,Time-Of-Use - General Service - Large: TOU-8 CPP (Greater than 50kV),2016-01-01 07:00:00+00:00,Commercial,,587014c55457a36f0d1c9606,587014c55457a36f0d1c9606,"Time-Of-Use - General Service - Large: TOU-8, Option A (Under 2 kV)",2017-01-01 07:00:00+00:00,Commercial,,1.0,True,True,strong,,
TOU-8,Southern California Edison Co,539fb49dec4f024bc1dbebb1,56bbde155457a39d078b4567,Time-Of-Use - General Service - Large: TOU-8 CPP (Greater than 50kV),2016-01-01 07:00:00+00:00,Commercial,,59c0608e5457a3c813bbb282,59c0608e5457a3c813bbb282,"TOU-8, Option D (BELOW 2 KV)",2017-12-01 08:00:00+00:00,Commercial,,1.92,True,True,strong,,
TOU-8,Southern California Edison Co,539fb49dec4f024bc1dbebb1,56bbde155457a39d078b4567,Time-Of-Use - General Service - Large: TOU-8 CPP (Greater than 50kV),2016-01-01 07:00:00+00:00,Commercial,,59c0616d5457a3d348bbb27c,59c0616d5457a3d348bbb27c,"TOU-8, Option E (BELOW 2 KV)",2017-12-01 08:00:00+00:00,Commercial,,1.92,True,True,strong,,
TOU-8,Southern California Edison Co,539fb49dec4f024bc1dbebb1,56bbde155457a39d078b4567,Time-Of-Use - General Service - Large: TOU-8 CPP (Greater than 50kV),2016-01-01 07:00:00+00:00,Commercial,,587016a85457a3d7241c9605,587016a85457a3d7241c9605,"Time-Of-Use - General Service - Large: TOU-8, Option B (Under 2 kV)",2017-01-01 08:00:00+00:00,Commercial,Bundled,1.0,True,False,weak,,
TOU-8,Southern California Edison Co,539fb49dec4f024bc1dbebb1,56bbde155457a39d078b4567,Time-Of-Use - General Service - Large: TOU-8 CPP (Greater than 50kV),2016-01-01 07:00:00+00:00,Commercial,,5b593df35457a3a33426b8f8,5b593df35457a3a33426b8f8,"Time-Of-Use - General Service - Large: TOU-8, Option A (Under 2 kV)",2017-01-01 07:00:00+00:00,Commercial,Bundled,1.0,True,False,weak,,
TOU-8,Southern California Edison Co,539fb49dec4f024bc1dbebb1,56bbde155457a39d078b4567,Time-Of-Use - General Service - Large: TOU-8 CPP (Greater than 50kV),2016-01-01 07:00:00+00:00,Commercial,,5b59413d5457a3f33726b8f8,5b59413d5457a3f33726b8f8,"Time-Of-Use - General Service - Large: TOU-8, Option R (under 2kV)",2017-01-01 07:00:00+00:00,Commercial,Bundled,1.0,True,False,weak,,
TOU-8,Southern California Edison Co,539fb49dec4f024bc1dbebb1,56bbde155457a39d078b4567,Time-Of-Use - General Service - Large: TOU-8 CPP (Greater than 50kV),2016-01-01 07:00:00+00:00,Commercial,,5b5943bc5457a3463a26b8f8,5b5943bc5457a3463a26b8f8,"Time-Of-Use - General Service - Large: TOU-8, Option CPP (Under 2 kV)",2017-01-01 08:00:00+00:00,Commercial,Bundled,1.0,True,False,weak,,
TOU-8,Southern California Edison Co,539fb49dec4f024bc1dbebb1,56bbde155457a39d078b4567,Time-Of-Use - General Service - Large: TOU-8 CPP (Greater than 50kV),2016-01-01 07:00:00+00:00,Commercial,,5b85d81a5457a34d068b4567,5b85d81a5457a34d068b4567,"Time-Of-Use - General Service - Large: TOU-8, Option A (2 kV - 50kV)",2017-01-01 07:00:00+00:00,Commercial,Bundled,1.0,True,False,weak,,
TOU-8,Southern California Edison Co,539fb49dec4f024bc1dbebb1,56bbde155457a39d078b4567,Time-Of-Use - General Service - Large: TOU-8 CPP (Greater than 50kV),2016-01-01 07:00:00+00:00,Commercial,,5bc7c2105457a32d493b43ee,5bc7c2105457a32d493b43ee,"TOU-8, Option A (BELOW 2 KV)",2018-10-01 06:00:00+00:00,Commercial,Bundled,2.75,True,False,weak,,
TOU-8,Southern California Edison Co,539fb49dec4f024bc1dbebb1,56bbde155457a39d078b4567,Time-Of-Use - General Service - Large: TOU-8 CPP (Greater than 50kV),2016-01-01 07:00:00+00:00,Commercial,,5bc7c3045457a3ee6b3b43f0,5bc7c3045457a3ee6b3b43f0,"TOU-8, Option B (BELOW 2 KV)",2018-10-01 06:00:00+00:00,Commercial,Bundled,2.75,True,False,weak,,
TOU-8,Southern California Edison Co,539fb49dec4f024bc1dbebb1,56bbde155457a39d078b4567,Time-Of-Use - General Service - Large: TOU-8 CPP (Greater than 50kV),2016-01-01 07:00:00+00:00,Commercial,,5bc7c4515457a333213b43ec,5bc7c4515457a333213b43ec,"TOU-8, Option R (BELOW 2 KV)",2018-10-01 06:00:00+00:00,Commercial,Bundled,2.75,True,False,weak,,
TOU-8,Southern California Edison Co,539fb49dec4f024bc1dbebb1,56bbde155457a39d078b4567,Time-Of-Use - General Service - Large: TOU-8 CPP (Greater than 50kV),2016-01-01 07:00:00+00:00,Commercial,,5cdbb2615457a3b72b40c5d4,5cdbb2615457a3b72b40c5d4,"Time-Of-Use - General Service - Large: TOU-8, Option E (Under 2 kV)",2019-04-12 07:00:00+00:00,Commercial,Bundled,3.28,True,False,weak,,
TOU-8,Southern California Edison Co,539fb49dec4f024bc1dbebb1,56bbde155457a39d078b4567,Time-Of-Use - General Service - Large: TOU-8 CPP (Greater than 50kV),2016-01-01 07:00:00+00:00,Commercial,,5cdbb4e05457a3616340c5d4,5cdbb4e05457a3616340c5d4,"Time-Of-Use - General Service - Large: TOU-8, Option D (Under 2 kV)",2019-04-12 07:00:00+00:00,Commercial,Bundled,3.28,True,False,weak,,
GS-1,Southern California Edison Co,539fb4beec4f024bc1dbecd1,539fb4beec4f024bc1dbecd1,GS-1:General Service Non-Demand Single Phase (2kV to 50kV); Closed Rate,2014-01-01 07:00:00+00:00,Commercial,,556ddf465457a36065db22a5,556ddf465457a36065db22a5,GS-1:General Service Non-Demand Single Phase; Closed Rate,2015-06-01 06:00:00+00:00,Commercial,,1.41,True,True,strong,,
GS-1,Southern California Edison Co,539fb4beec4f024bc1dbecd1,539fb4beec4f024bc1dbecd1,GS-1:General Service Non-Demand Single Phase (2kV to 50kV); Closed Rate,2014-01-01 07:00:00+00:00,Commercial,,55e759bf5457a33b288e8004,55e759bf5457a33b288e8004,"TOU General Service-1, Non Demand , Option CPP Lite: GS-1 TOU B, Single Phase",2015-06-01 07:00:00+00:00,Commercial,,1.41,True,True,strong,,
GS-1,Southern California Edison Co,539fb4beec4f024bc1dbecd1,539fb4beec4f024bc1dbecd1,GS-1:General Service Non-Demand Single Phase (2kV to 50kV); Closed Rate,2014-01-01 07:00:00+00:00,Commercial,,55e7593c5457a33c288e8006,55e7593c5457a33c288e8006,"Time of Use, General Service, Non Demand Metered, Option CPP: GS-1 TOU B, Three Phase",2015-06-01 07:00:00+00:00,Commercial,,1.41,True,True,strong,,
GS-1,Southern California Edison Co,539fb4beec4f024bc1dbecd1,539fb4beec4f024bc1dbecd1,GS-1:General Service Non-Demand Single Phase (2kV to 50kV); Closed Rate,2014-01-01 07:00:00+00:00,Commercial,,55e758485457a3f9058e8004,55e758485457a3f9058e8004,"TOU General Service-1, Non Demand , Option CPP: GS-1 TOU B, Single Phase",2015-06-01 07:00:00+00:00,Commercial,,1.41,True,True,strong,,
GS-1,Southern California Edison Co,539fb4beec4f024bc1dbecd1,539fb4beec4f024bc1dbecd1,GS-1:General Service Non-Demand Single Phase (2kV to 50kV); Closed Rate,2014-01-01 07:00:00+00:00,Commercial,,55e75a3d5457a3f9058e8005,55e75a3d5457a3f9058e8005,"Time of Use, General Service, Non Demand Metered, Option CPP-Lite: GS-1 TOU B, Three Phase",2015-06-01 07:00:00+00:00,Commercial,,1.41,True,True,strong,,
GS-1,Southern California Edison Co,539fb4beec4f024bc1dbecd1,539fb4beec4f024bc1dbecd1,GS-1:General Service Non-Demand Single Phase (2kV to 50kV); Closed Rate,2014-01-01 07:00:00+00:00,Commercial,,55e7454c5457a33a288e8004,55e7454c5457a33a288e8004,"TOU General Service-1, Non Demand , Option B: GS-1 TOU B, Single Phase",2015-06-01 07:00:00+00:00,Commercial,,1.41,True,True,strong,,
GS-1,Southern California Edison Co,539fb4beec4f024bc1dbecd1,539fb4beec4f024bc1dbecd1,GS-1:General Service Non-Demand Single Phase (2kV to 50kV); Closed Rate,2014-01-01 07:00:00+00:00,Commercial,,55e742675457a33c288e8004,55e742675457a33c288e8004,"Time of Use, General Service, Option A: GS-1 TOU A, Three Phase",2015-06-01 07:00:00+00:00,Commercial,,1.41,True,True,strong,,
GS-1,Southern California Edison Co,539fb4beec4f024bc1dbecd1,539fb4beec4f024bc1dbecd1,GS-1:General Service Non-Demand Single Phase (2kV to 50kV); Closed Rate,2014-01-01 07:00:00+00:00,Commercial,,55e731be5457a33d288e8004,55e731be5457a33d288e8004,"Time of Use, General Service, Option A: GS-1 TOU A, Single Phase",2015-06-01 07:00:00+00:00,Commercial,,1.41,True,True,strong,,
GS-1,Southern California Edison Co,539fb4beec4f024bc1dbecd1,539fb4beec4f024bc1dbecd1,GS-1:General Service Non-Demand Single Phase (2kV to 50kV); Closed Rate,2014-01-01 07:00:00+00:00,Commercial,,55e749995457a33c288e8005,55e749995457a33c288e8005,"Time of Use, General Service, Non Demand Metered, Option B: GS-1 TOU B, Three Phase",2015-06-01 07:00:00+00:00,Commercial,,1.41,True,True,strong,,
GS-1,Southern California Edison Co,539fb4beec4f024bc1dbecd1,539fb4beec4f024bc1dbecd1,GS-1:General Service Non-Demand Single Phase (2kV to 50kV); Closed Rate,2014-01-01 07:00:00+00:00,Commercial,,586d3d055457a34f211c9607,586d3d055457a34f211c9607,"TOU General Service, Non Demand, Option C: GS-1 TOU C, Three Phase (50 kV - 220 kV)",2017-01-01 07:00:00+00:00,Commercial,,3.0,True,True,strong,,
GS-1,Southern California Edison Co,539fb4beec4f024bc1dbecd1,539fb4beec4f024bc1dbecd1,GS-1:General Service Non-Demand Single Phase (2kV to 50kV); Closed Rate,2014-01-01 07:00:00+00:00,Commercial,,586d3f6c5457a31b1b1c9606,586d3f6c5457a31b1b1c9606,"TOU General Service, Non Demand, Option C: GS-1 TOU C, Three Phase (At 220 kV)",2017-01-01 07:00:00+00:00,Commercial,,3.0,True,True,strong,,
GS-1,Southern California Edison Co,539fb4beec4f024bc1dbecd1,539fb4beec4f024bc1dbecd1,GS-1:General Service Non-Demand Single Phase (2kV to 50kV); Closed Rate,2014-01-01 07:00:00+00:00,Commercial,,586d3e2e5457a3d8341c9606,586d3e2e5457a3d8341c9606,"TOU General Service, Non Demand, Option C: GS-1 TOU C, Single Phase (At 220 kV)",2017-01-01 07:00:00+00:00,Commercial,,3.0,True,True,strong,,
GS-1,Southern California Edison Co,539fb4beec4f024bc1dbecd1,539fb4beec4f024bc1dbecd1,GS-1:General Service Non-Demand Single Phase (2kV to 50kV); Closed Rate,2014-01-01 07:00:00+00:00,Commercial,,586d3c255457a37d7c1c9605,586d3c255457a37d7c1c9605,"TOU General Service, Non Demand, Option C: GS-1 TOU C, Single Phase (50 kV - 220 kV)",2017-01-01 07:00:00+00:00,Commercial,,3.0,True,True,strong,,
GS-1,Southern California Edison Co,539fb4beec4f024bc1dbecd1,539fb4beec4f024bc1dbecd1,GS-1:General Service Non-Demand Single Phase (2kV to 50kV); Closed Rate,2014-01-01 07:00:00+00:00,Commercial,,586d35c45457a31b1b1c9605,586d35c45457a31b1b1c9605,"Time of Use, General Service, Non Demand, Option B: GS-1 TOU B, Three Phase (At 220 kV)",2017-01-01 07:00:00+00:00,Commercial,,3.0,True,True,strong,,
GS-1,Southern California Edison Co,539fb4beec4f024bc1dbecd1,539fb4beec4f024bc1dbecd1,GS-1:General Service Non-Demand Single Phase (2kV to 50kV); Closed Rate,2014-01-01 07:00:00+00:00,Commercial,,586d399f5457a34d211c9605,586d399f5457a34d211c9605,"TOU General Service, Non Demand, Option C: GS-1 TOU C, Single Phase (2 kV - 50 kV)",2017-01-01 07:00:00+00:00,Commercial,,3.0,True,True,strong,,
GS-1,Southern California Edison Co,539fb4beec4f024bc1dbecd1,539fb4beec4f024bc1dbecd1,GS-1:General Service Non-Demand Single Phase (2kV to 50kV); Closed Rate,2014-01-01 07:00:00+00:00,Commercial,,586d35025457a34b211c9609,586d35025457a34b211c9609,"Time of Use, General Service, Non Demand, Option B: GS-1 TOU B, Single Phase (At 220 kV)",2017-01-01 07:00:00+00:00,Commercial,,3.0,True,True,strong,,
GS-1,Southern California Edison Co,539fb4beec4f024bc1dbecd1,539fb4beec4f024bc1dbecd1,GS-1:General Service Non-Demand Single Phase (2kV to 50kV); Closed Rate,2014-01-01 07:00:00+00:00,Commercial,,586d33f05457a34f211c9606,586d33f05457a34f211c9606,"Time of Use, General Service, Non Demand, Option B: GS-1 TOU B, Three Phase (50 kV - 220 kV)",2017-01-01 07:00:00+00:00,Commercial,,3.0,True,True,strong,,
GS-1,Southern California Edison Co,539fb4beec4f024bc1dbecd1,539fb4beec4f024bc1dbecd1,GS-1:General Service Non-Demand Single Phase (2kV to 50kV); Closed Rate,2014-01-01 07:00:00+00:00,Commercial,,586d32cf5457a34b211c9608,586d32cf5457a34b211c9608,"Time of Use, General Service, Non Demand, Option B: GS-1 TOU B, Single Phase (50 kV - 220 kV)",2017-01-01 07:00:00+00:00,Commercial,,3.0,True,True,strong,,
GS-1,Southern California Edison Co,539fb4beec4f024bc1dbecd1,539fb4beec4f024bc1dbecd1,GS-1:General Service Non-Demand Single Phase (2kV to 50kV); Closed Rate,2014-01-01 07:00:00+00:00,Commercial,,586d30c35457a3d8341c9605,586d30c35457a3d8341c9605,"Time of Use, General Service, Non Demand, Option B: GS-1 TOU B, Three Phase (2 kV - 50 kV)",2017-01-01 07:00:00+00:00,Commercial,,3.0,True,True,strong,,
GS-1,Southern California Edison Co,539fb4beec4f024bc1dbecd1,539fb4beec4f024bc1dbecd1,GS-1:General Service Non-Demand Single Phase (2kV to 50kV); Closed Rate,2014-01-01 07:00:00+00:00,Commercial,,586d2f4e5457a34b211c9607,586d2f4e5457a34b211c9607,"Time of Use, General Service, Non Demand, Option B: GS-1 TOU B, Single Phase (2 kV - 50 kV)",2017-01-01 07:00:00+00:00,Commercial,,3.0,True,True,strong,,
GS-1,Southern California Edison Co,539fb4beec4f024bc1dbecd1,539fb4beec4f024bc1dbecd1,GS-1:General Service Non-Demand Single Phase (2kV to 50kV); Closed Rate,2014-01-01 07:00:00+00:00,Commercial,,586d3a855457a3cb361c9605,586d3a855457a3cb361c9605,"TOU General Service, Non Demand, Option C: GS-1 TOU C, Three Phase (2 kV - 50 kV)",2017-01-01 07:00:00+00:00,Commercial,,3.0,True,True,strong,,
GS-1,Southern California Edison Co,539fb4beec4f024bc1dbecd1,539fb4beec4f024bc1dbecd1,GS-1:General Service Non-Demand Single Phase (2kV to 50kV); Closed Rate,2014-01-01 07:00:00+00:00,Commercial,,59c059345457a3b066bbb282,59c059345457a3b066bbb282,"TOU-GS-1, Option E",2017-12-01 08:00:00+00:00,Commercial,,3.92,True,True,strong,,
GS-1,Southern California Edison Co,539fb4beec4f024bc1dbecd1,539fb4beec4f024bc1dbecd1,GS-1:General Service Non-Demand Single Phase (2kV to 50kV); Closed Rate,2014-01-01 07:00:00+00:00,Commercial,,59c05a965457a30837bbb27e,59c05a965457a30837bbb27e,"TOU-GS-1, Option D",2017-12-01 08:00:00+00:00,Commercial,,3.92,True,True,strong,,
GS-1,Southern California Edison Co,539fb4beec4f024bc1dbecd1,539fb4beec4f024bc1dbecd1,GS-1:General Service Non-Demand Single Phase (2kV to 50kV); Closed Rate,2014-01-01 07:00:00+00:00,Commercial,,5dbb53085457a30e46dc72bb,5dbb53085457a30e46dc72bb,"ME GS-1 TOU B, Three Phase (Under 2 kV)",2017-01-01 07:00:00+00:00,Commercial,Bundled,3.0,True,False,weak,,
GS-1,Southern California Edison Co,539fb4beec4f024bc1dbecd1,539fb4beec4f024bc1dbecd1,GS-1:General Service Non-Demand Single Phase (2kV to 50kV); Closed Rate,2014-01-01 07:00:00+00:00,Commercial,,5b5f69855457a32f7a409a7c,5b5f69855457a32f7a409a7c,"TOU General Service, Option C: GS-1 TOU A, 3-Phase (Under 2 kV)",2017-01-01 08:00:00+00:00,Commercial,Bundled,3.0,True,False,weak,,
GS-1,Southern California Edison Co,539fb4beec4f024bc1dbecd1,539fb4beec4f024bc1dbecd1,GS-1:General Service Non-Demand Single Phase (2kV to 50kV); Closed Rate,2014-01-01 07:00:00+00:00,Commercial,,5b5f64835457a35667409a7c,5b5f64835457a35667409a7c,"TOU General Service, Option C: GS-1 TOU B, 3-Phase (Under 2 kV)",2017-01-01 08:00:00+00:00,Commercial,Bundled,3.0,True,False,weak,,
GS-1,Southern California Edison Co,539fb4beec4f024bc1dbecd1,539fb4beec4f024bc1dbecd1,GS-1:General Service Non-Demand Single Phase (2kV to 50kV); Closed Rate,2014-01-01 07:00:00+00:00,Commercial,,5b5f3ca85457a37b63409a7b,5b5f3ca85457a37b63409a7b,"TOU General Service, Option C: GS-1 TOU C, 3-Phase (Under 2 kV)",2017-01-01 08:00:00+00:00,Commercial,Bundled,3.0,True,False,weak,,
GS-1,Southern California Edison Co,539fb4beec4f024bc1dbecd1,539fb4beec4f024bc1dbecd1,GS-1:General Service Non-Demand Single Phase (2kV to 50kV); Closed Rate,2014-01-01 07:00:00+00:00,Commercial,,5df016d95457a3ab783fb277,5df016d95457a3ab783fb277,ME- GS-1 TOU A,2017-01-01 07:00:00+00:00,Commercial,Bundled,3.0,True,False,weak,,
GS-1,Southern California Edison Co,539fb4beec4f024bc1dbecd1,539fb4beec4f024bc1dbecd1,GS-1:General Service Non-Demand Single Phase (2kV to 50kV); Closed Rate,2014-01-01 07:00:00+00:00,Commercial,,5df047f45457a332513fb27a,5df047f45457a332513fb27a,ME- GS-1 TOU C,2017-01-01 07:00:00+00:00,Commercial,Bundled,3.0,True,False,weak,,
GS-2,Southern California Edison Co,539fb62dec4f024bc1dbfdb1,56b920015457a3642c48d235,"Time of Use, General Service, Demand Metered, Critical Peak Option: TOU-GS-2 CPP, Three Phase (2kV - 50kV)",2016-01-01 07:00:00+00:00,Commercial,,574f6b105457a3d8785e629e,574f6b105457a3d8785e629e,"Time of Use, General Service, Demand Metered, TOU-GS-2, Option B",2016-05-02 06:00:00+00:00,Commercial,,0.33,True,True,strong,,
GS-2,Southern California Edison Co,539fb62dec4f024bc1dbfdb1,56b920015457a3642c48d235,"Time of Use, General Service, Demand Metered, Critical Peak Option: TOU-GS-2 CPP, Three Phase (2kV - 50kV)",2016-01-01 07:00:00+00:00,Commercial,,586d4bf65457a366061c9606,586d4bf65457a366061c9606,"Time of Use, General Service, Demand Metered, Option GS-2 TOU A, Single Phase (At 220kV)",2017-01-01 07:00:00+00:00,Commercial,,1.0,True,True,strong,,
GS-2,Southern California Edison Co,539fb62dec4f024bc1dbfdb1,56b920015457a3642c48d235,"Time of Use, General Service, Demand Metered, Critical Peak Option: TOU-GS-2 CPP, Three Phase (2kV - 50kV)",2016-01-01 07:00:00+00:00,Commercial,,586d4ca75457a348111c9605,586d4ca75457a348111c9605,"Time of Use, General Service, Demand Metered, Option A: GS-2 TOU A, Three Phase (At 220kV)",2017-01-01 07:00:00+00:00,Commercial,,1.0,True,True,strong,,
GS-2,Southern California Edison Co,539fb62dec4f024bc1dbfdb1,56b920015457a3642c48d235,"Time of Use, General Service, Demand Metered, Critical Peak Option: TOU-GS-2 CPP, Three Phase (2kV - 50kV)",2016-01-01 07:00:00+00:00,Commercial,,59c05cde5457a30837bbb280,59c05cde5457a30837bbb280,"TOU-GS-2, Option E",2017-12-01 08:00:00+00:00,Commercial,,1.92,True,True,strong,,
GS-2,Southern California Edison Co,539fb62dec4f024bc1dbfdb1,56b920015457a3642c48d235,"Time of Use, General Service, Demand Metered, Critical Peak Option: TOU-GS-2 CPP, Three Phase (2kV - 50kV)",2016-01-01 07:00:00+00:00,Commercial,,59c05bc05457a30837bbb27f,59c05bc05457a30837bbb27f,"TOU-GS-2, Option D",2017-12-01 08:00:00+00:00,Commercial,Delivery with Standard Offer,1.92,True,False,weak,,
GS-2,Southern California Edison Co,539fb62dec4f024bc1dbfdb1,56b920015457a3642c48d235,"Time of Use, General Service, Demand Metered, Critical Peak Option: TOU-GS-2 CPP, Three Phase (2kV - 50kV)",2016-01-01 07:00:00+00:00,Commercial,,5bc7ba425457a3b5483b43ed,5bc7ba425457a3b5483b43ed,"TOU-GS-2, Option A",2018-10-01 06:00:00+00:00,Commercial,Bundled,2.75,True,False,weak,,
GS-2,Southern California Edison Co,539fb62dec4f024bc1dbfdb1,56b920015457a3642c48d235,"Time of Use, General Service, Demand Metered, Critical Peak Option: TOU-GS-2 CPP, Three Phase (2kV - 50kV)",2016-01-01 07:00:00+00:00,Commercial,,5bc7bc025457a32d493b43ed,5bc7bc025457a32d493b43ed,"TOU-GS-2, Option B",2018-10-01 06:00:00+00:00,Commercial,Bundled,2.75,True,False,weak,,
GS-2,Southern California Edison Co,539fb62dec4f024bc1dbfdb1,56b920015457a3642c48d235,"Time of Use, General Service, Demand Metered, Critical Peak Option: TOU-GS-2 CPP, Three Phase (2kV - 50kV)",2016-01-01 07:00:00+00:00,Commercial,,5bc7be2a5457a3a2783b43ed,5bc7be2a5457a3a2783b43ed,"TOU-GS-2, Option R",2018-10-01 06:00:00+00:00,Commercial,Bundled,2.75,True,False,weak,,
GS-2,Southern California Edison Co,539fb62dec4f024bc1dbfdb1,56b920015457a3642c48d235,"Time of Use, General Service, Demand Metered, Critical Peak Option: TOU-GS-2 CPP, Three Phase (2kV - 50kV)",2016-01-01 07:00:00+00:00,Commercial,,5cdb9d385457a3616340c5d2,5cdb9d385457a3616340c5d2,"Time of Use, General Service, Demand Metered, Option E: GS-2 TOU E, Three Phase (Under 2 kV)",2019-04-12 07:00:00+00:00,Commercial,Bundled,3.28,True,False,weak,,
GS-2,Southern California Edison Co,539fb62dec4f024bc1dbfdb1,56b920015457a3642c48d235,"Time of Use, General Service, Demand Metered, Critical Peak Option: TOU-GS-2 CPP, Three Phase (2kV - 50kV)",2016-01-01 07:00:00+00:00,Commercial,,5cdb9e605457a3b72b40c5d3,5cdb9e605457a3b72b40c5d3,"Time of Use, General Service, Demand Metered, Option D: GS-2 TOU D, Three Phase (Under 2 kV)",2019-04-12 07:00:00+00:00,Commercial,Bundled,3.28,True,False,weak,,
PA-2,Southern California Edison Co,539fb740ec4f024bc1dc09a9,539fb740ec4f024bc1dc09a9,"Time-Of-Use Agricutural and Pumping - Small to Medium: TOU-PA-2, Option A (Under 2kV)",2014-01-01 07:00:00+00:00,Commercial,,5571d6015457a32663db22a4,5571d6015457a32663db22a4,Power-Agricultural and Pumping Demand Metered: PA-2; REPEAT Rate,2015-06-01 06:00:00+00:00,Commercial,,1.41,True,True,strong,,
PA-2,Southern California Edison Co,539fb740ec4f024bc1dc09a9,539fb740ec4f024bc1dc09a9,"Time-Of-Use Agricutural and Pumping - Small to Medium: TOU-PA-2, Option A (Under 2kV)",2014-01-01 07:00:00+00:00,Commercial,,557206fa5457a38e37db22aa,557206fa5457a38e37db22aa,"Time-Of-Use Agricultural and Pumping-Small to Medium: TOU-PA-2, Option B",2015-06-01 06:00:00+00:00,Commercial,,1.41,True,True,strong,,
PA-2,Southern California Edison Co,539fb740ec4f024bc1dc09a9,539fb740ec4f024bc1dc09a9,"Time-Of-Use Agricutural and Pumping - Small to Medium: TOU-PA-2, Option A (Under 2kV)",2014-01-01 07:00:00+00:00,Commercial,,557208345457a38e37db22ab,557208345457a38e37db22ab,"Time-Of-Use Agricultural and Pumping-Small to Medium: TOU-PA-2, Option CPP",2015-06-01 06:00:00+00:00,Commercial,,1.41,True,True,strong,,
PA-2,Southern California Edison Co,539fb740ec4f024bc1dc09a9,539fb740ec4f024bc1dc09a9,"Time-Of-Use Agricutural and Pumping - Small to Medium: TOU-PA-2, Option A (Under 2kV)",2014-01-01 07:00:00+00:00,Commercial,,557205a15457a3956ddb22a2,557205a15457a3956ddb22a2,"Time-Of-Use Agricutural and Pumping - Small to Medium: TOU-PA-2, Option A",2015-06-01 07:00:00+00:00,Commercial,,1.41,True,True,strong,,
PA-2,Southern California Edison Co,539fb740ec4f024bc1dc09a9,539fb740ec4f024bc1dc09a9,"Time-Of-Use Agricutural and Pumping - Small to Medium: TOU-PA-2, Option A (Under 2kV)",2014-01-01 07:00:00+00:00,Commercial,,557209485457a3754bdb22a6,557209485457a3754bdb22a6,"Time-Of-Use Agricultural and Pumping-Small to Medium: TOU-PA-2, Option CPP-Lite",2015-06-01 07:00:00+00:00,Commercial,,1.41,True,True,strong,,
GS-2,Southern California Edison Co,539fb812ec4f024bc1dc133d,5c8180987bece2299eceb3d9,"Time of Use, General Service, Demand Metered, GS-2 TOU A, Single Phase (2kV - 50kV)",2018-10-01 07:00:00+00:00,Commercial,Bundled,5cdb9d385457a3616340c5d2,5cdb9d385457a3616340c5d2,"Time of Use, General Service, Demand Metered, Option E: GS-2 TOU E, Three Phase (Under 2 kV)",2019-04-12 07:00:00+00:00,Commercial,Bundled,0.53,True,True,strong,,
GS-2,Southern California Edison Co,539fb812ec4f024bc1dc133d,5c8180987bece2299eceb3d9,"Time of Use, General Service, Demand Metered, GS-2 TOU A, Single Phase (2kV - 50kV)",2018-10-01 07:00:00+00:00,Commercial,Bundled,5cdb9e605457a3b72b40c5d3,5cdb9e605457a3b72b40c5d3,"Time of Use, General Service, Demand Metered, Option D: GS-2 TOU D, Three Phase (Under 2 kV)",2019-04-12 07:00:00+00:00,Commercial,Bundled,0.53,True,True,strong,,
GS-3,Southern California Edison Co,539fb8f7ec4f024bc1dc1d53,539fb8f7ec4f024bc1dc1d53,"Time-of-use - General Service - Demand Metered: TOU-GS-3, Option A (2kV to 50kV)",2014-01-01 08:00:00+00:00,Commercial,,557086ae5457a3f449db22a6,557086ae5457a3f449db22a6,"Time-of-use - General Service - Demand Metered: TOU-GS-3, Option A; REPEAT Rate",2015-06-01 06:00:00+00:00,Commercial,,1.41,True,True,strong,,
GS-3,Southern California Edison Co,539fb8f7ec4f024bc1dc1d53,539fb8f7ec4f024bc1dc1d53,"Time-of-use - General Service - Demand Metered: TOU-GS-3, Option A (2kV to 50kV)",2014-01-01 08:00:00+00:00,Commercial,,55709cef5457a3b71fdb22a2,55709cef5457a3b71fdb22a2,"Time-of-use - General Service - Demand Metered: TOU-GS-3, Option R",2015-06-01 07:00:00+00:00,Commercial,,1.41,True,True,strong,,
GS-3,Southern California Edison Co,539fb8f7ec4f024bc1dc1d53,539fb8f7ec4f024bc1dc1d53,"Time-of-use - General Service - Demand Metered: TOU-GS-3, Option A (2kV to 50kV)",2014-01-01 08:00:00+00:00,Commercial,,5570a0385457a33467db22a3,5570a0385457a33467db22a3,Time-Of-Use - General Service - Demand Metered: TOU-GS-3 Option CPP,2015-06-01 07:00:00+00:00,Commercial,,1.41,True,True,strong,,
GS-3,Southern California Edison Co,539fb8f7ec4f024bc1dc1d53,539fb8f7ec4f024bc1dc1d53,"Time-of-use - General Service - Demand Metered: TOU-GS-3, Option A (2kV to 50kV)",2014-01-01 08:00:00+00:00,Commercial,,5570b8575457a37a19db22a6,5570b8575457a37a19db22a6,Time-of-use - General Service - Demand Metered-Super Off Peak: TOU-GS-3-SOP,2015-06-01 07:00:00+00:00,Commercial,,1.41,True,True,strong,,
GS-3,Southern California Edison Co,539fb8f7ec4f024bc1dc1d53,539fb8f7ec4f024bc1dc1d53,"Time-of-use - General Service - Demand Metered: TOU-GS-3, Option A (2kV to 50kV)",2014-01-01 08:00:00+00:00,Commercial,,55708b045457a33467db22a2,55708b045457a33467db22a2,"Time-of-use - General Service - Demand Metered: TOU-GS-3, Option B",2016-01-01 08:00:00+00:00,Commercial,,2.0,True,True,strong,,
GS-3,Southern California Edison Co,539fb8f7ec4f024bc1dc1d53,539fb8f7ec4f024bc1dc1d53,"Time-of-use - General Service - Demand Metered: TOU-GS-3, Option A (2kV to 50kV)",2014-01-01 08:00:00+00:00,Commercial,,586e87cc5457a3bc711c9606,586e87cc5457a3bc711c9606,"Time-of-use - General Service - Demand Metered: TOU-GS-3, Option R (50kV-220kV)",2017-01-01 07:00:00+00:00,Commercial,,3.0,True,True,strong,,
GS-3,Southern California Edison Co,539fb8f7ec4f024bc1dc1d53,539fb8f7ec4f024bc1dc1d53,"Time-of-use - General Service - Demand Metered: TOU-GS-3, Option A (2kV to 50kV)",2014-01-01 08:00:00+00:00,Commercial,,586e86b95457a3d3711c9605,586e86b95457a3d3711c9605,"Time-of-use - General Service - Demand Metered: TOU-GS-3, Option R (2kV to 50kV)",2017-01-01 07:00:00+00:00,Commercial,,3.0,True,True,strong,,
GS-3,Southern California Edison Co,539fb8f7ec4f024bc1dc1d53,539fb8f7ec4f024bc1dc1d53,"Time-of-use - General Service - Demand Metered: TOU-GS-3, Option A (2kV to 50kV)",2014-01-01 08:00:00+00:00,Commercial,,586e819e5457a37c711c9605,586e819e5457a37c711c9605,"Time-of-use - General Service - Demand Metered: TOU-GS-3, Option B (2kV-50kV)",2017-01-01 07:00:00+00:00,Commercial,,3.0,True,True,strong,,
GS-3,Southern California Edison Co,539fb8f7ec4f024bc1dc1d53,539fb8f7ec4f024bc1dc1d53,"Time-of-use - General Service - Demand Metered: TOU-GS-3, Option A (2kV to 50kV)",2014-01-01 08:00:00+00:00,Commercial,,586e82f95457a3c1711c9605,586e82f95457a3c1711c9605,"Time-of-use - General Service - Demand Metered: TOU-GS-3, Option B (50kV to 220kV)",2017-01-01 07:00:00+00:00,Commercial,,3.0,True,True,strong,,
GS-3,Southern California Edison Co,539fb8f7ec4f024bc1dc1d53,539fb8f7ec4f024bc1dc1d53,"Time-of-use - General Service - Demand Metered: TOU-GS-3, Option A (2kV to 50kV)",2014-01-01 08:00:00+00:00,Commercial,,586e7f305457a3dd711c9605,586e7f305457a3dd711c9605,"Time-of-use - General Service - Demand Metered: TOU-GS-3, Option A (at 220kV)",2017-01-01 07:00:00+00:00,Commercial,,3.0,True,True,strong,,
GS-3,Southern California Edison Co,539fb8f7ec4f024bc1dc1d53,539fb8f7ec4f024bc1dc1d53,"Time-of-use - General Service - Demand Metered: TOU-GS-3, Option A (2kV to 50kV)",2014-01-01 08:00:00+00:00,Commercial,,586e7f055457a3bc711c9605,586e7f055457a3bc711c9605,"Time-of-use - General Service - Demand Metered: TOU-GS-3, Option A (50kV to 220kV)",2017-01-01 07:00:00+00:00,Commercial,,3.0,True,True,strong,,
GS-3,Southern California Edison Co,539fb8f7ec4f024bc1dc1d53,539fb8f7ec4f024bc1dc1d53,"Time-of-use - General Service - Demand Metered: TOU-GS-3, Option A (2kV to 50kV)",2014-01-01 08:00:00+00:00,Commercial,,586e7ee45457a3c6711c9605,586e7ee45457a3c6711c9605,"Time-of-use - General Service - Demand Metered: TOU-GS-3, Option A (2kV to 50kV)",2017-01-01 07:00:00+00:00,Commercial,,3.0,True,True,strong,,
GS-3,Southern California Edison Co,539fb8f7ec4f024bc1dc1d53,539fb8f7ec4f024bc1dc1d53,"Time-of-use - General Service - Demand Metered: TOU-GS-3, Option A (2kV to 50kV)",2014-01-01 08:00:00+00:00,Commercial,,59c05e4b5457a37206bbb281,59c05e4b5457a37206bbb281,"TOU-GS-3, Option D",2017-12-01 08:00:00+00:00,Commercial,,3.92,True,True,strong,,
GS-3,Southern California Edison Co,539fb8f7ec4f024bc1dc1d53,539fb8f7ec4f024bc1dc1d53,"Time-of-use - General Service - Demand Metered: TOU-GS-3, Option A (2kV to 50kV)",2014-01-01 08:00:00+00:00,Commercial,,59c05f655457a3814ebbb27c,59c05f655457a3814ebbb27c,"TOU-GS-3, Option E",2017-12-01 08:00:00+00:00,Commercial,,3.92,True,True,strong,,
GS-3,Southern California Edison Co,539fb8f7ec4f024bc1dc1d53,539fb8f7ec4f024bc1dc1d53,"Time-of-use - General Service - Demand Metered: TOU-GS-3, Option A (2kV to 50kV)",2014-01-01 08:00:00+00:00,Commercial,,586e81155457a31a7a1c9605,586e81155457a31a7a1c9605,"Time of Use, General Service, Demand Metered, Option B: GS-3 TOU B (Under 2kV)",2017-01-01 07:00:00+00:00,Commercial,Bundled,3.0,True,False,weak,,
GS-3,Southern California Edison Co,539fb8f7ec4f024bc1dc1d53,539fb8f7ec4f024bc1dc1d53,"Time-of-use - General Service - Demand Metered: TOU-GS-3, Option A (2kV to 50kV)",2014-01-01 08:00:00+00:00,Commercial,,5b5f2c815457a39779409a7d,5b5f2c815457a39779409a7d,Time-of-use - General Service - Super Off Peak - Demand Metered: TOU-GS-3-SOP (under 2 kv),2017-01-01 08:00:00+00:00,Commercial,Bundled,3.0,True,False,weak,,
GS-3,Southern California Edison Co,539fb8f7ec4f024bc1dc1d53,539fb8f7ec4f024bc1dc1d53,"Time-of-use - General Service - Demand Metered: TOU-GS-3, Option A (2kV to 50kV)",2014-01-01 08:00:00+00:00,Commercial,,5b5ef3155457a39879409a7b,5b5ef3155457a39879409a7b,"Time-of-use - General Service - Demand Metered: TOU-GS-3, Option CPP (Under 2kV)",2017-01-01 08:00:00+00:00,Commercial,Bundled,3.0,True,False,weak,,
GS-3,Southern California Edison Co,539fb8f7ec4f024bc1dc1d53,539fb8f7ec4f024bc1dc1d53,"Time-of-use - General Service - Demand Metered: TOU-GS-3, Option A (2kV to 50kV)",2014-01-01 08:00:00+00:00,Commercial,,5b5f1f965457a39579409a7c,5b5f1f965457a39579409a7c,"Time-of-use - General Service - Demand Metered: TOU-GS-3, Option A (Under 2kV)",2017-01-01 08:00:00+00:00,Commercial,Bundled,3.0,True,False,weak,,
GS-3,Southern California Edison Co,539fb8f7ec4f024bc1dc1d53,539fb8f7ec4f024bc1dc1d53,"Time-of-use - General Service - Demand Metered: TOU-GS-3, Option A (2kV to 50kV)",2014-01-01 08:00:00+00:00,Commercial,,5b5f24005457a39779409a7b,5b5f24005457a39779409a7b,"Time-of-use - General Service - Demand Metered: TOU-GS-3, Option B (Under 2kV)",2017-01-01 08:00:00+00:00,Commercial,Bundled,3.0,True,False,weak,,
GS-3,Southern California Edison Co,539fb8f7ec4f024bc1dc1d53,539fb8f7ec4f024bc1dc1d53,"Time-of-use - General Service - Demand Metered: TOU-GS-3, Option A (2kV to 50kV)",2014-01-01 08:00:00+00:00,Commercial,,5b5f27b45457a34051409a7c,5b5f27b45457a34051409a7c,"Time-of-use - General Service - Demand Metered: TOU-GS-3, Option R (Under 2kV)",2017-01-01 08:00:00+00:00,Commercial,Bundled,3.0,True,False,weak,,
GS-3,Southern California Edison Co,539fb8f7ec4f024bc1dc1d53,539fb8f7ec4f024bc1dc1d53,"Time-of-use - General Service - Demand Metered: TOU-GS-3, Option A (2kV to 50kV)",2014-01-01 08:00:00+00:00,Commercial,,5b5f384f5457a39779409a7e,5b5f384f5457a39779409a7e,Time-of-use - General Service - Demand Metered - NonTOU - GS-3 - (under 2 kv),2017-01-01 08:00:00+00:00,Commercial,Bundled,3.0,True,False,weak,,
GS-2,Southern California Edison Co,539fb960ec4f024bc1dc2203,56b926e15457a3a07f48d234,"Time of Use, General Service, Demand Metered, Critical Peak Option: TOU-GS-2 CPP, Three Phase (Under 2kV)",2016-01-01 07:00:00+00:00,Commercial,,574f6b105457a3d8785e629e,574f6b105457a3d8785e629e,"Time of Use, General Service, Demand Metered, TOU-GS-2, Option B",2016-05-02 06:00:00+00:00,Commercial,,0.33,True,True,strong,,
GS-2,Southern California Edison Co,539fb960ec4f024bc1dc2203,56b926e15457a3a07f48d234,"Time of Use, General Service, Demand Metered, Critical Peak Option: TOU-GS-2 CPP, Three Phase (Under 2kV)",2016-01-01 07:00:00+00:00,Commercial,,586d4bf65457a366061c9606,586d4bf65457a366061c9606,"Time of Use, General Service, Demand Metered, Option GS-2 TOU A, Single Phase (At 220kV)",2017-01-01 07:00:00+00:00,Commercial,,1.0,True,True,strong,,
GS-2,Southern California Edison Co,539fb960ec4f024bc1dc2203,56b926e15457a3a07f48d234,"Time of Use, General Service, Demand Metered, Critical Peak Option: TOU-GS-2 CPP, Three Phase (Under 2kV)",2016-01-01 07:00:00+00:00,Commercial,,586d4ca75457a348111c9605,586d4ca75457a348111c9605,"Time of Use, General Service, Demand Metered, Option A: GS-2 TOU A, Three Phase (At 220kV)",2017-01-01 07:00:00+00:00,Commercial,,1.0,True,True,strong,,
GS-2,Southern California Edison Co,539fb960ec4f024bc1dc2203,56b926e15457a3a07f48d234,"Time of Use, General Service, Demand Metered, Critical Peak Option: TOU-GS-2 CPP, Three Phase (Under 2kV)",2016-01-01 07:00:00+00:00,Commercial,,59c05cde5457a30837bbb280,59c05cde5457a30837bbb280,"TOU-GS-2, Option E",2017-12-01 08:00:00+00:00,Commercial,,1.92,True,True,strong,,
GS-2,Southern California Edison Co,539fb960ec4f024bc1dc2203,56b926e15457a3a07f48d234,"Time of Use, General Service, Demand Metered, Critical Peak Option: TOU-GS-2 CPP, Three Phase (Under 2kV)",2016-01-01 07:00:00+00:00,Commercial,,59c05bc05457a30837bbb27f,59c05bc05457a30837bbb27f,"TOU-GS-2, Option D",2017-12-01 08:00:00+00:00,Commercial,Delivery with Standard Offer,1.92,True,False,weak,,
GS-2,Southern California Edison Co,539fb960ec4f024bc1dc2203,56b926e15457a3a07f48d234,"Time of Use, General Service, Demand Metered, Critical Peak Option: TOU-GS-2 CPP, Three Phase (Under 2kV)",2016-01-01 07:00:00+00:00,Commercial,,5bc7ba425457a3b5483b43ed,5bc7ba425457a3b5483b43ed,"TOU-GS-2, Option A",2018-10-01 06:00:00+00:00,Commercial,Bundled,2.75,True,False,weak,,
GS-2,Southern California Edison Co,539fb960ec4f024bc1dc2203,56b926e15457a3a07f48d234,"Time of Use, General Service, Demand Metered, Critical Peak Option: TOU-GS-2 CPP, Three Phase (Under 2kV)",2016-01-01 07:00:00+00:00,Commercial,,5bc7bc025457a32d493b43ed,5bc7bc025457a32d493b43ed,"TOU-GS-2, Option B",2018-10-01 06:00:00+00:00,Commercial,Bundled,2.75,True,False,weak,,
GS-2,Southern California Edison Co,539fb960ec4f024bc1dc2203,56b926e15457a3a07f48d234,"Time of Use, General Service, Demand Metered, Critical Peak Option: TOU-GS-2 CPP, Three Phase (Under 2kV)",2016-01-01 07:00:00+00:00,Commercial,,5bc7be2a5457a3a2783b43ed,5bc7be2a5457a3a2783b43ed,"TOU-GS-2, Option R",2018-10-01 06:00:00+00:00,Commercial,Bundled,2.75,True,False,weak,,
GS-2,Southern California Edison Co,539fb960ec4f024bc1dc2203,56b926e15457a3a07f48d234,"Time of Use, General Service, Demand Metered, Critical Peak Option: TOU-GS-2 CPP, Three Phase (Under 2kV)",2016-01-01 07:00:00+00:00,Commercial,,5cdb9d385457a3616340c5d2,5cdb9d385457a3616340c5d2,"Time of Use, General Service, Demand Metered, Option E: GS-2 TOU E, Three Phase (Under 2 kV)",2019-04-12 07:00:00+00:00,Commercial,Bundled,3.28,True,False,weak,,
GS-2,Southern California Edison Co,539fb960ec4f024bc1dc2203,56b926e15457a3a07f48d234,"Time of Use, General Service, Demand Metered, Critical Peak Option: TOU-GS-2 CPP, Three Phase (Under 2kV)",2016-01-01 07:00:00+00:00,Commercial,,5cdb9e605457a3b72b40c5d3,5cdb9e605457a3b72b40c5d3,"Time of Use, General Service, Demand Metered, Option D: GS-2 TOU D, Three Phase (Under 2 kV)",2019-04-12 07:00:00+00:00,Commercial,Bundled,3.28,True,False,weak,,
GS-2,Southern California Edison Co,539fb9d8ec4f024bc1dc2761,539fb9d8ec4f024bc1dc2761,"GS-2, Single Phase Service(at 220 kV)",2014-01-29 13:00:00+00:00,Commercial,,557083bc5457a37a19db22a3,557083bc5457a37a19db22a3,"Time of Use, General Service, Demand Metered, Critical Peak-Lite Option: TOU-GS-2 CPP-Lite, Three Phase; REPEAT rate",2015-06-01 06:00:00+00:00,Commercial,,1.33,True,True,strong,,
GS-2,Southern California Edison Co,539fb9d8ec4f024bc1dc2761,539fb9d8ec4f024bc1dc2761,"GS-2, Single Phase Service(at 220 kV)",2014-01-29 13:00:00+00:00,Commercial,,55707e995457a37354db22a5,55707e995457a37354db22a5,"Time of Use, General Service, Demand Metered, Critical Peak-Lite Option: TOU-GS-2 CPP-Lite, Single Phase; REPEAT rate",2015-06-01 06:00:00+00:00,Commercial,,1.33,True,True,strong,,
GS-2,Southern California Edison Co,539fb9d8ec4f024bc1dc2761,539fb9d8ec4f024bc1dc2761,"GS-2, Single Phase Service(at 220 kV)",2014-01-29 13:00:00+00:00,Commercial,,55707a575457a37354db22a4,55707a575457a37354db22a4,"Time of Use, General Service, Demand Metered, Critical Peak Option: TOU-GS-2 CPP, Single Phase",2015-06-01 07:00:00+00:00,Commercial,,1.33,True,True,strong,,
GS-2,Southern California Edison Co,539fb9d8ec4f024bc1dc2761,539fb9d8ec4f024bc1dc2761,"GS-2, Single Phase Service(at 220 kV)",2014-01-29 13:00:00+00:00,Commercial,,557076bc5457a3a23cdb22a6,557076bc5457a3a23cdb22a6,"Time of Use, General Service, Demand Metered, Option R: GS-2 TOU R - Three phase",2015-06-01 07:00:00+00:00,Commercial,,1.33,True,True,strong,,
GS-2,Southern California Edison Co,539fb9d8ec4f024bc1dc2761,539fb9d8ec4f024bc1dc2761,"GS-2, Single Phase Service(at 220 kV)",2014-01-29 13:00:00+00:00,Commercial,,55705ad65457a3f449db22a3,55705ad65457a3f449db22a3,"General Service - Demand: GS-2, Single Phase Service; Closed Rate",2015-06-01 06:00:00+00:00,Commercial,,1.33,True,True,strong,,
GS-2,Southern California Edison Co,539fb9d8ec4f024bc1dc2761,539fb9d8ec4f024bc1dc2761,"GS-2, Single Phase Service(at 220 kV)",2014-01-29 13:00:00+00:00,Commercial,,55706d4c5457a31422db22a3,55706d4c5457a31422db22a3,"Time of Use, General Service, Demand Metered, Option B: GS-2 TOU B, Three Phase",2015-06-01 07:00:00+00:00,Commercial,,1.33,True,True,strong,,
GS-2,Southern California Edison Co,539fb9d8ec4f024bc1dc2761,539fb9d8ec4f024bc1dc2761,"GS-2, Single Phase Service(at 220 kV)",2014-01-29 13:00:00+00:00,Commercial,,557069245457a37354db22a2,557069245457a37354db22a2,"Time of Use, General Service, Demand Metered, Option B: GS-2 TOU B, Single Phase",2015-06-01 07:00:00+00:00,Commercial,,1.33,True,True,strong,,
GS-2,Southern California Edison Co,539fb9d8ec4f024bc1dc2761,539fb9d8ec4f024bc1dc2761,"GS-2, Single Phase Service(at 220 kV)",2014-01-29 13:00:00+00:00,Commercial,,557067a65457a3b602db22a3,557067a65457a3b602db22a3,"Time of Use, General Service, Demand Metered, Option A: GS-2 TOU A, Three Phase",2015-06-01 07:00:00+00:00,Commercial,,1.33,True,True,strong,,
GS-2,Southern California Edison Co,539fb9d8ec4f024bc1dc2761,539fb9d8ec4f024bc1dc2761,"GS-2, Single Phase Service(at 220 kV)",2014-01-29 13:00:00+00:00,Commercial,,557063955457a3fb54db22a2,557063955457a3fb54db22a2,"Time of Use, General Service, Demand Metered, Option A: GS-2 TOU A, Single Phase",2015-06-01 07:00:00+00:00,Commercial,,1.33,True,True,strong,,
GS-2,Southern California Edison Co,539fb9d8ec4f024bc1dc2761,539fb9d8ec4f024bc1dc2761,"GS-2, Single Phase Service(at 220 kV)",2014-01-29 13:00:00+00:00,Commercial,,55705f695457a3a23cdb22a3,55705f695457a3a23cdb22a3,General Service - Demand: GS-2 - Three Phase; Closed Rate,2015-06-01 06:00:00+00:00,Commercial,,1.33,True,True,strong,,
GS-2,Southern California Edison Co,539fb9d8ec4f024bc1dc2761,539fb9d8ec4f024bc1dc2761,"GS-2, Single Phase Service(at 220 kV)",2014-01-29 13:00:00+00:00,Commercial,,55706f305457a31422db22a4,55706f305457a31422db22a4,"Time of Use, General Service, Demand Metered, Option R: GS-2 TOU R - Single phase",2015-06-01 07:00:00+00:00,Commercial,,1.33,True,True,strong,,
GS-2,Southern California Edison Co,539fb9d8ec4f024bc1dc2761,539fb9d8ec4f024bc1dc2761,"GS-2, Single Phase Service(at 220 kV)",2014-01-29 13:00:00+00:00,Commercial,,55707d1c5457a3f449db22a4,55707d1c5457a3f449db22a4,"Time of Use, General Service, Demand Metered, Critical Peak Option: TOU-GS-2 CPP, Three Phase",2015-06-01 07:00:00+00:00,Commercial,,1.33,True,True,strong,,
GS-2,Southern California Edison Co,539fb9d8ec4f024bc1dc2761,539fb9d8ec4f024bc1dc2761,"GS-2, Single Phase Service(at 220 kV)",2014-01-29 13:00:00+00:00,Commercial,,574f6b105457a3d8785e629e,574f6b105457a3d8785e629e,"Time of Use, General Service, Demand Metered, TOU-GS-2, Option B",2016-05-02 06:00:00+00:00,Commercial,,2.25,True,True,strong,,
GS-2,Southern California Edison Co,539fb9d8ec4f024bc1dc2761,539fb9d8ec4f024bc1dc2761,"GS-2, Single Phase Service(at 220 kV)",2014-01-29 13:00:00+00:00,Commercial,,586d4bf65457a366061c9606,586d4bf65457a366061c9606,"Time of Use, General Service, Demand Metered, Option GS-2 TOU A, Single Phase (At 220kV)",2017-01-01 07:00:00+00:00,Commercial,,2.92,True,True,strong,,
GS-2,Southern California Edison Co,539fb9d8ec4f024bc1dc2761,539fb9d8ec4f024bc1dc2761,"GS-2, Single Phase Service(at 220 kV)",2014-01-29 13:00:00+00:00,Commercial,,586d4ca75457a348111c9605,586d4ca75457a348111c9605,"Time of Use, General Service, Demand Metered, Option A: GS-2 TOU A, Three Phase (At 220kV)",2017-01-01 07:00:00+00:00,Commercial,,2.92,True,True,strong,,
GS-2,Southern California Edison Co,539fb9d8ec4f024bc1dc2761,539fb9d8ec4f024bc1dc2761,"GS-2, Single Phase Service(at 220 kV)",2014-01-29 13:00:00+00:00,Commercial,,59c05cde5457a30837bbb280,59c05cde5457a30837bbb280,"TOU-GS-2, Option E",2017-12-01 08:00:00+00:00,Commercial,,3.84,True,True,strong,,
GS-2,Southern California Edison Co,539fb9d8ec4f024bc1dc2761,539fb9d8ec4f024bc1dc2761,"GS-2, Single Phase Service(at 220 kV)",2014-01-29 13:00:00+00:00,Commercial,,5c9114ea5457a37e5307bc77,5c9114ea5457a37e5307bc77,"Time of Use, General Service, Demand Metered, Option D: GS-2 TOU D, Three Phase (Under 2 kV)",2015-02-28 08:00:00+00:00,Commercial,Bundled,1.08,True,False,weak,,
GS-2,Southern California Edison Co,539fb9d8ec4f024bc1dc2761,539fb9d8ec4f024bc1dc2761,"GS-2, Single Phase Service(at 220 kV)",2014-01-29 13:00:00+00:00,Commercial,,5c9080fb5457a3102a07bc77,5c9080fb5457a3102a07bc77,"Time of Use, General Service, Demand Metered, Option E: GS-2 TOU E, Three Phase (Under 2 kV)",2015-02-28 08:00:00+00:00,Commercial,Bundled,1.08,True,False,weak,,
GS-2,Southern California Edison Co,539fb9d8ec4f024bc1dc2761,539fb9d8ec4f024bc1dc2761,"GS-2, Single Phase Service(at 220 kV)",2014-01-29 13:00:00+00:00,Commercial,,59c05bc05457a30837bbb27f,59c05bc05457a30837bbb27f,"TOU-GS-2, Option D",2017-12-01 08:00:00+00:00,Commercial,Delivery with Standard Offer,3.84,True,False,weak,,
TOU-8,Southern California Edison Co,539fb9feec4f024bc1dc2917,539fb9feec4f024bc1dc2917,"Time-Of-Use - General Service - Large: TOU-8, Option B (at 220kV); Closed Rate",2014-01-01 07:00:00+00:00,Commercial,,5571b8695457a38e37db22a5,5571b8695457a38e37db22a5,"Time-Of-Use - General Service - Large: TOU-8, Option R (above 50kV)",2015-06-01 07:00:00+00:00,Commercial,,1.41,True,True,strong,,
TOU-8,Southern California Edison Co,539fb9feec4f024bc1dc2917,539fb9feec4f024bc1dc2917,"Time-Of-Use - General Service - Large: TOU-8, Option B (at 220kV); Closed Rate",2014-01-01 07:00:00+00:00,Commercial,,587014c55457a36f0d1c9606,587014c55457a36f0d1c9606,"Time-Of-Use - General Service - Large: TOU-8, Option A (Under 2 kV)",2017-01-01 07:00:00+00:00,Commercial,,3.0,True,True,strong,,
TOU-8,Southern California Edison Co,539fb9feec4f024bc1dc2917,539fb9feec4f024bc1dc2917,"Time-Of-Use - General Service - Large: TOU-8, Option B (at 220kV); Closed Rate",2014-01-01 07:00:00+00:00,Commercial,,59c0608e5457a3c813bbb282,59c0608e5457a3c813bbb282,"TOU-8, Option D (BELOW 2 KV)",2017-12-01 08:00:00+00:00,Commercial,,3.92,True,True,strong,,
TOU-8,Southern California Edison Co,539fb9feec4f024bc1dc2917,539fb9feec4f024bc1dc2917,"Time-Of-Use - General Service - Large: TOU-8, Option B (at 220kV); Closed Rate",2014-01-01 07:00:00+00:00,Commercial,,59c0616d5457a3d348bbb27c,59c0616d5457a3d348bbb27c,"TOU-8, Option E (BELOW 2 KV)",2017-12-01 08:00:00+00:00,Commercial,,3.92,True,True,strong,,
TOU-8,Southern California Edison Co,539fb9feec4f024bc1dc2917,539fb9feec4f024bc1dc2917,"Time-Of-Use - General Service - Large: TOU-8, Option B (at 220kV); Closed Rate",2014-01-01 07:00:00+00:00,Commercial,,5c8028985457a3d93c4b0dbc,5c8028985457a3d93c4b0dbc,"Time-Of-Use - General Service - Large: TOU-8, Option D (Under 2 kV)",2015-03-01 08:00:00+00:00,Commercial,Bundled,1.16,True,False,weak,,
TOU-8,Southern California Edison Co,539fb9feec4f024bc1dc2917,539fb9feec4f024bc1dc2917,"Time-Of-Use - General Service - Large: TOU-8, Option B (at 220kV); Closed Rate",2014-01-01 07:00:00+00:00,Commercial,,5c802c755457a3773e4b0dbc,5c802c755457a3773e4b0dbc,"Time-Of-Use - General Service - Large: TOU-8, Option E (Under 2 kV)",2015-03-01 08:00:00+00:00,Commercial,Bundled,1.16,True,False,weak,,
TOU-8,Southern California Edison Co,539fb9feec4f024bc1dc2917,539fb9feec4f024bc1dc2917,"Time-Of-Use - General Service - Large: TOU-8, Option B (at 220kV); Closed Rate",2014-01-01 07:00:00+00:00,Commercial,,587016a85457a3d7241c9605,587016a85457a3d7241c9605,"Time-Of-Use - General Service - Large: TOU-8, Option B (Under 2 kV)",2017-01-01 08:00:00+00:00,Commercial,Bundled,3.0,True,False,weak,,
TOU-8,Southern California Edison Co,539fb9feec4f024bc1dc2917,539fb9feec4f024bc1dc2917,"Time-Of-Use - General Service - Large: TOU-8, Option B (at 220kV); Closed Rate",2014-01-01 07:00:00+00:00,Commercial,,5b593df35457a3a33426b8f8,5b593df35457a3a33426b8f8,"Time-Of-Use - General Service - Large: TOU-8, Option A (Under 2 kV)",2017-01-01 07:00:00+00:00,Commercial,Bundled,3.0,True,False,weak,,
TOU-8,Southern California Edison Co,539fb9feec4f024bc1dc2917,539fb9feec4f024bc1dc2917,"Time-Of-Use - General Service - Large: TOU-8, Option B (at 220kV); Closed Rate",2014-01-01 07:00:00+00:00,Commercial,,5b59413d5457a3f33726b8f8,5b59413d5457a3f33726b8f8,"Time-Of-Use - General Service - Large: TOU-8, Option R (under 2kV)",2017-01-01 07:00:00+00:00,Commercial,Bundled,3.0,True,False,weak,,
TOU-8,Southern California Edison Co,539fb9feec4f024bc1dc2917,539fb9feec4f024bc1dc2917,"Time-Of-Use - General Service - Large: TOU-8, Option B (at 220kV); Closed Rate",2014-01-01 07:00:00+00:00,Commercial,,5b5943bc5457a3463a26b8f8,5b5943bc5457a3463a26b8f8,"Time-Of-Use - General Service - Large: TOU-8, Option CPP (Under 2 kV)",2017-01-01 08:00:00+00:00,Commercial,Bundled,3.0,True,False,weak,,
TOU-8,Southern California Edison Co,539fb9feec4f024bc1dc2917,539fb9feec4f024bc1dc2917,"Time-Of-Use - General Service - Large: TOU-8, Option B (at 220kV); Closed Rate",2014-01-01 07:00:00+00:00,Commercial,,5b85d81a5457a34d068b4567,5b85d81a5457a34d068b4567,"Time-Of-Use - General Service - Large: TOU-8, Option A (2 kV - 50kV)",2017-01-01 07:00:00+00:00,Commercial,Bundled,3.0,True,False,weak,,
GS-3,Southern California Edison Co,539fba57ec4f024bc1dc2d1d,539fba57ec4f024bc1dc2d1d,"Time-of-use - General Service - Demand Metered-Super Off Peak: TOU-GS-3-SOP,(50kV to 220kV)",2014-01-01 13:00:00+00:00,Commercial,,557086ae5457a3f449db22a6,557086ae5457a3f449db22a6,"Time-of-use - General Service - Demand Metered: TOU-GS-3, Option A; REPEAT Rate",2015-06-01 06:00:00+00:00,Commercial,,1.41,True,True,strong,,
GS-3,Southern California Edison Co,539fba57ec4f024bc1dc2d1d,539fba57ec4f024bc1dc2d1d,"Time-of-use - General Service - Demand Metered-Super Off Peak: TOU-GS-3-SOP,(50kV to 220kV)",2014-01-01 13:00:00+00:00,Commercial,,55709cef5457a3b71fdb22a2,55709cef5457a3b71fdb22a2,"Time-of-use - General Service - Demand Metered: TOU-GS-3, Option R",2015-06-01 07:00:00+00:00,Commercial,,1.41,True,True,strong,,
GS-3,Southern California Edison Co,539fba57ec4f024bc1dc2d1d,539fba57ec4f024bc1dc2d1d,"Time-of-use - General Service - Demand Metered-Super Off Peak: TOU-GS-3-SOP,(50kV to 220kV)",2014-01-01 13:00:00+00:00,Commercial,,5570a0385457a33467db22a3,5570a0385457a33467db22a3,Time-Of-Use - General Service - Demand Metered: TOU-GS-3 Option CPP,2015-06-01 07:00:00+00:00,Commercial,,1.41,True,True,strong,,
GS-3,Southern California Edison Co,539fba57ec4f024bc1dc2d1d,539fba57ec4f024bc1dc2d1d,"Time-of-use - General Service - Demand Metered-Super Off Peak: TOU-GS-3-SOP,(50kV to 220kV)",2014-01-01 13:00:00+00:00,Commercial,,5570b8575457a37a19db22a6,5570b8575457a37a19db22a6,Time-of-use - General Service - Demand Metered-Super Off Peak: TOU-GS-3-SOP,2015-06-01 07:00:00+00:00,Commercial,,1.41,True,True,strong,,
GS-3,Southern California Edison Co,539fba57ec4f024bc1dc2d1d,539fba57ec4f024bc1dc2d1d,"Time-of-use - General Service - Demand Metered-Super Off Peak: TOU-GS-3-SOP,(50kV to 220kV)",2014-01-01 13:00:00+00:00,Commercial,,55708b045457a33467db22a2,55708b045457a33467db22a2,"Time-of-use - General Service - Demand Metered: TOU-GS-3, Option B",2016-01-01 08:00:00+00:00,Commercial,,2.0,True,True,strong,,
GS-3,Southern California Edison Co,539fba57ec4f024bc1dc2d1d,539fba57ec4f024bc1dc2d1d,"Time-of-use - General Service - Demand Metered-Super Off Peak: TOU-GS-3-SOP,(50kV to 220kV)",2014-01-01 13:00:00+00:00,Commercial,,586e87cc5457a3bc711c9606,586e87cc5457a3bc711c9606,"Time-of-use - General Service - Demand Metered: TOU-GS-3, Option R (50kV-220kV)",2017-01-01 07:00:00+00:00,Commercial,,3.0,True,True,strong,,
GS-3,Southern California Edison Co,539fba57ec4f024bc1dc2d1d,539fba57ec4f024bc1dc2d1d,"Time-of-use - General Service - Demand Metered-Super Off Peak: TOU-GS-3-SOP,(50kV to 220kV)",2014-01-01 13:00:00+00:00,Commercial,,586e86b95457a3d3711c9605,586e86b95457a3d3711c9605,"Time-of-use - General Service - Demand Metered: TOU-GS-3, Option R (2kV to 50kV)",2017-01-01 07:00:00+00:00,Commercial,,3.0,True,True,strong,,
GS-3,Southern California Edison Co,539fba57ec4f024bc1dc2d1d,539fba57ec4f024bc1dc2d1d,"Time-of-use - General Service - Demand Metered-Super Off Peak: TOU-GS-3-SOP,(50kV to 220kV)",2014-01-01 13:00:00+00:00,Commercial,,586e82f95457a3c1711c9605,586e82f95457a3c1711c9605,"Time-of-use - General Service - Demand Metered: TOU-GS-3, Option B (50kV to 220kV)",2017-01-01 07:00:00+00:00,Commercial,,3.0,True,True,strong,,
GS-3,Southern California Edison Co,539fba57ec4f024bc1dc2d1d,539fba57ec4f024bc1dc2d1d,"Time-of-use - General Service - Demand Metered-Super Off Peak: TOU-GS-3-SOP,(50kV to 220kV)",2014-01-01 13:00:00+00:00,Commercial,,586e819e5457a37c711c9605,586e819e5457a37c711c9605,"Time-of-use - General Service - Demand Metered: TOU-GS-3, Option B (2kV-50kV)",2017-01-01 07:00:00+00:00,Commercial,,3.0,True,True,strong,,
GS-3,Southern California Edison Co,539fba57ec4f024bc1dc2d1d,539fba57ec4f024bc1dc2d1d,"Time-of-use - General Service - Demand Metered-Super Off Peak: TOU-GS-3-SOP,(50kV to 220kV)",2014-01-01 13:00:00+00:00,Commercial,,586e7f305457a3dd711c9605,586e7f305457a3dd711c9605,"Time-of-use - General Service - Demand Metered: TOU-GS-3, Option A (at 220kV)",2017-01-01 07:00:00+00:00,Commercial,,3.0,True,True,strong,,
GS-3,Southern California Edison Co,539fba57ec4f024bc1dc2d1d,539fba57ec4f024bc1dc2d1d,"Time-of-use - General Service - Demand Metered-Super Off Peak: TOU-GS-3-SOP,(50kV to 220kV)",2014-01-01 13:00:00+00:00,Commercial,,586e7f055457a3bc711c9605,586e7f055457a3bc711c9605,"Time-of-use - General Service - Demand Metered: TOU-GS-3, Option A (50kV to 220kV)",2017-01-01 07:00:00+00:00,Commercial,,3.0,True,True,strong,,
GS-3,Southern California Edison Co,539fba57ec4f024bc1dc2d1d,539fba57ec4f024bc1dc2d1d,"Time-of-use - General Service - Demand Metered-Super Off Peak: TOU-GS-3-SOP,(50kV to 220kV)",2014-01-01 13:00:00+00:00,Commercial,,586e7ee45457a3c6711c9605,586e7ee45457a3c6711c9605,"Time-of-use - General Service - Demand Metered: TOU-GS-3, Option A (2kV to 50kV)",2017-01-01 07:00:00+00:00,Commercial,,3.0,True,True,strong,,
GS-3,Southern California Edison Co,539fba57ec4f024bc1dc2d1d,539fba57ec4f024bc1dc2d1d,"Time-of-use - General Service - Demand Metered-Super Off Peak: TOU-GS-3-SOP,(50kV to 220kV)",2014-01-01 13:00:00+00:00,Commercial,,59c05e4b5457a37206bbb281,59c05e4b5457a37206bbb281,"TOU-GS-3, Option D",2017-12-01 08:00:00+00:00,Commercial,,3.91,True,True,strong,,
GS-3,Southern California Edison Co,539fba57ec4f024bc1dc2d1d,539fba57ec4f024bc1dc2d1d,"Time-of-use - General Service - Demand Metered-Super Off Peak: TOU-GS-3-SOP,(50kV to 220kV)",2014-01-01 13:00:00+00:00,Commercial,,59c05f655457a3814ebbb27c,59c05f655457a3814ebbb27c,"TOU-GS-3, Option E",2017-12-01 08:00:00+00:00,Commercial,,3.91,True,True,strong,,
GS-3,Southern California Edison Co,539fba57ec4f024bc1dc2d1d,539fba57ec4f024bc1dc2d1d,"Time-of-use - General Service - Demand Metered-Super Off Peak: TOU-GS-3-SOP,(50kV to 220kV)",2014-01-01 13:00:00+00:00,Commercial,,5b5f27b45457a34051409a7c,5b5f27b45457a34051409a7c,"Time-of-use - General Service - Demand Metered: TOU-GS-3, Option R (Under 2kV)",2017-01-01 08:00:00+00:00,Commercial,Bundled,3.0,True,False,weak,,
GS-3,Southern California Edison Co,539fba57ec4f024bc1dc2d1d,539fba57ec4f024bc1dc2d1d,"Time-of-use - General Service - Demand Metered-Super Off Peak: TOU-GS-3-SOP,(50kV to 220kV)",2014-01-01 13:00:00+00:00,Commercial,,5b5f24005457a39779409a7b,5b5f24005457a39779409a7b,"Time-of-use - General Service - Demand Metered: TOU-GS-3, Option B (Under 2kV)",2017-01-01 08:00:00+00:00,Commercial,Bundled,3.0,True,False,weak,,
GS-3,Southern California Edison Co,539fba57ec4f024bc1dc2d1d,539fba57ec4f024bc1dc2d1d,"Time-of-use - General Service - Demand Metered-Super Off Peak: TOU-GS-3-SOP,(50kV to 220kV)",2014-01-01 13:00:00+00:00,Commercial,,5b5f1f965457a39579409a7c,5b5f1f965457a39579409a7c,"Time-of-use - General Service - Demand Metered: TOU-GS-3, Option A (Under 2kV)",2017-01-01 08:00:00+00:00,Commercial,Bundled,3.0,True,False,weak,,
GS-3,Southern California Edison Co,539fba57ec4f024bc1dc2d1d,539fba57ec4f024bc1dc2d1d,"Time-of-use - General Service - Demand Metered-Super Off Peak: TOU-GS-3-SOP,(50kV to 220kV)",2014-01-01 13:00:00+00:00,Commercial,,5b5ef3155457a39879409a7b,5b5ef3155457a39879409a7b,"Time-of-use - General Service - Demand Metered: TOU-GS-3, Option CPP (Under 2kV)",2017-01-01 08:00:00+00:00,Commercial,Bundled,3.0,True,False,weak,,
GS-3,Southern California Edison Co,539fba57ec4f024bc1dc2d1d,539fba57ec4f024bc1dc2d1d,"Time-of-use - General Service - Demand Metered-Super Off Peak: TOU-GS-3-SOP,(50kV to 220kV)",2014-01-01 13:00:00+00:00,Commercial,,586e81155457a31a7a1c9605,586e81155457a31a7a1c9605,"Time of Use, General Service, Demand Metered, Option B: GS-3 TOU B (Under 2kV)",2017-01-01 07:00:00+00:00,Commercial,Bundled,3.0,True,False,weak,,
GS-3,Southern California Edison Co,539fba57ec4f024bc1dc2d1d,539fba57ec4f024bc1dc2d1d,"Time-of-use - General Service - Demand Metered-Super Off Peak: TOU-GS-3-SOP,(50kV to 220kV)",2014-01-01 13:00:00+00:00,Commercial,,5b5f2c815457a39779409a7d,5b5f2c815457a39779409a7d,Time-of-use - General Service - Super Off Peak - Demand Metered: TOU-GS-3-SOP (under 2 kv),2017-01-01 08:00:00+00:00,Commercial,Bundled,3.0,True,False,weak,,
GS-3,Southern California Edison Co,539fba57ec4f024bc1dc2d1d,539fba57ec4f024bc1dc2d1d,"Time-of-use - General Service - Demand Metered-Super Off Peak: TOU-GS-3-SOP,(50kV to 220kV)",2014-01-01 13:00:00+00:00,Commercial,,5b5f384f5457a39779409a7e,5b5f384f5457a39779409a7e,Time-of-use - General Service - Demand Metered - NonTOU - GS-3 - (under 2 kv),2017-01-01 08:00:00+00:00,Commercial,Bundled,3.0,True,False,weak,,
GS-2,Southern California Edison Co,539fbcd1ec4f024c27d874ad,539fbcd1ec4f024c27d874ad,"General Service - Demand: GS-2, Three Phase Service(at 220 kV)",2014-01-29 08:00:00+00:00,Commercial,,557083bc5457a37a19db22a3,557083bc5457a37a19db22a3,"Time of Use, General Service, Demand Metered, Critical Peak-Lite Option: TOU-GS-2 CPP-Lite, Three Phase; REPEAT rate",2015-06-01 06:00:00+00:00,Commercial,,1.33,True,True,strong,,
GS-2,Southern California Edison Co,539fbcd1ec4f024c27d874ad,539fbcd1ec4f024c27d874ad,"General Service - Demand: GS-2, Three Phase Service(at 220 kV)",2014-01-29 08:00:00+00:00,Commercial,,55707e995457a37354db22a5,55707e995457a37354db22a5,"Time of Use, General Service, Demand Metered, Critical Peak-Lite Option: TOU-GS-2 CPP-Lite, Single Phase; REPEAT rate",2015-06-01 06:00:00+00:00,Commercial,,1.33,True,True,strong,,
GS-2,Southern California Edison Co,539fbcd1ec4f024c27d874ad,539fbcd1ec4f024c27d874ad,"General Service - Demand: GS-2, Three Phase Service(at 220 kV)",2014-01-29 08:00:00+00:00,Commercial,,55707a575457a37354db22a4,55707a575457a37354db22a4,"Time of Use, General Service, Demand Metered, Critical Peak Option: TOU-GS-2 CPP, Single Phase",2015-06-01 07:00:00+00:00,Commercial,,1.33,True,True,strong,,
GS-2,Southern California Edison Co,539fbcd1ec4f024c27d874ad,539fbcd1ec4f024c27d874ad,"General Service - Demand: GS-2, Three Phase Service(at 220 kV)",2014-01-29 08:00:00+00:00,Commercial,,557076bc5457a3a23cdb22a6,557076bc5457a3a23cdb22a6,"Time of Use, General Service, Demand Metered, Option R: GS-2 TOU R - Three phase",2015-06-01 07:00:00+00:00,Commercial,,1.33,True,True,strong,,
GS-2,Southern California Edison Co,539fbcd1ec4f024c27d874ad,539fbcd1ec4f024c27d874ad,"General Service - Demand: GS-2, Three Phase Service(at 220 kV)",2014-01-29 08:00:00+00:00,Commercial,,55705ad65457a3f449db22a3,55705ad65457a3f449db22a3,"General Service - Demand: GS-2, Single Phase Service; Closed Rate",2015-06-01 06:00:00+00:00,Commercial,,1.33,True,True,strong,,
GS-2,Southern California Edison Co,539fbcd1ec4f024c27d874ad,539fbcd1ec4f024c27d874ad,"General Service - Demand: GS-2, Three Phase Service(at 220 kV)",2014-01-29 08:00:00+00:00,Commercial,,55706d4c5457a31422db22a3,55706d4c5457a31422db22a3,"Time of Use, General Service, Demand Metered, Option B: GS-2 TOU B, Three Phase",2015-06-01 07:00:00+00:00,Commercial,,1.33,True,True,strong,,
GS-2,Southern California Edison Co,539fbcd1ec4f024c27d874ad,539fbcd1ec4f024c27d874ad,"General Service - Demand: GS-2, Three Phase Service(at 220 kV)",2014-01-29 08:00:00+00:00,Commercial,,557069245457a37354db22a2,557069245457a37354db22a2,"Time of Use, General Service, Demand Metered, Option B: GS-2 TOU B, Single Phase",2015-06-01 07:00:00+00:00,Commercial,,1.33,True,True,strong,,
GS-2,Southern California Edison Co,539fbcd1ec4f024c27d874ad,539fbcd1ec4f024c27d874ad,"General Service - Demand: GS-2, Three Phase Service(at 220 kV)",2014-01-29 08:00:00+00:00,Commercial,,557067a65457a3b602db22a3,557067a65457a3b602db22a3,"Time of Use, General Service, Demand Metered, Option A: GS-2 TOU A, Three Phase",2015-06-01 07:00:00+00:00,Commercial,,1.33,True,True,strong,,
GS-2,Southern California Edison Co,539fbcd1ec4f024c27d874ad,539fbcd1ec4f024c27d874ad,"General Service - Demand: GS-2, Three Phase Service(at 220 kV)",2014-01-29 08:00:00+00:00,Commercial,,557063955457a3fb54db22a2,557063955457a3fb54db22a2,"Time of Use, General Service, Demand Metered, Option A: GS-2 TOU A, Single Phase",2015-06-01 07:00:00+00:00,Commercial,,1.33,True,True,strong,,
GS-2,Southern California Edison Co,539fbcd1ec4f024c27d874ad,539fbcd1ec4f024c27d874ad,"General Service - Demand: GS-2, Three Phase Service(at 220 kV)",2014-01-29 08:00:00+00:00,Commercial,,55705f695457a3a23cdb22a3,55705f695457a3a23cdb22a3,General Service - Demand: GS-2 - Three Phase; Closed Rate,2015-06-01 06:00:00+00:00,Commercial,,1.33,True,True,strong,,
GS-2,Southern California Edison Co,539fbcd1ec4f024c27d874ad,539fbcd1ec4f024c27d874ad,"General Service - Demand: GS-2, Three Phase Service(at 220 kV)",2014-01-29 08:00:00+00:00,Commercial,,55706f305457a31422db22a4,55706f305457a31422db22a4,"Time of Use, General Service, Demand Metered, Option R: GS-2 TOU R - Single phase",2015-06-01 07:00:00+00:00,Commercial,,1.33,True,True,strong,,
GS-2,Southern California Edison Co,539fbcd1ec4f024c27d874ad,539fbcd1ec4f024c27d874ad,"General Service - Demand: GS-2, Three Phase Service(at 220 kV)",2014-01-29 08:00:00+00:00,Commercial,,55707d1c5457a3f449db22a4,55707d1c5457a3f449db22a4,"Time of Use, General Service, Demand Metered, Critical Peak Option: TOU-GS-2 CPP, Three Phase",2015-06-01 07:00:00+00:00,Commercial,,1.33,True,True,strong,,
GS-2,Southern California Edison Co,539fbcd1ec4f024c27d874ad,539fbcd1ec4f024c27d874ad,"General Service - Demand: GS-2, Three Phase Service(at 220 kV)",2014-01-29 08:00:00+00:00,Commercial,,574f6b105457a3d8785e629e,574f6b105457a3d8785e629e,"Time of Use, General Service, Demand Metered, TOU-GS-2, Option B",2016-05-02 06:00:00+00:00,Commercial,,2.25,True,True,strong,,
GS-2,Southern California Edison Co,539fbcd1ec4f024c27d874ad,539fbcd1ec4f024c27d874ad,"General Service - Demand: GS-2, Three Phase Service(at 220 kV)",2014-01-29 08:00:00+00:00,Commercial,,586d4bf65457a366061c9606,586d4bf65457a366061c9606,"Time of Use, General Service, Demand Metered, Option GS-2 TOU A, Single Phase (At 220kV)",2017-01-01 07:00:00+00:00,Commercial,,2.92,True,True,strong,,
GS-2,Southern California Edison Co,539fbcd1ec4f024c27d874ad,539fbcd1ec4f024c27d874ad,"General Service - Demand: GS-2, Three Phase Service(at 220 kV)",2014-01-29 08:00:00+00:00,Commercial,,586d4ca75457a348111c9605,586d4ca75457a348111c9605,"Time of Use, General Service, Demand Metered, Option A: GS-2 TOU A, Three Phase (At 220kV)",2017-01-01 07:00:00+00:00,Commercial,,2.92,True,True,strong,,
GS-2,Southern California Edison Co,539fbcd1ec4f024c27d874ad,539fbcd1ec4f024c27d874ad,"General Service - Demand: GS-2, Three Phase Service(at 220 kV)",2014-01-29 08:00:00+00:00,Commercial,,59c05cde5457a30837bbb280,59c05cde5457a30837bbb280,"TOU-GS-2, Option E",2017-12-01 08:00:00+00:00,Commercial,,3.84,True,True,strong,,
GS-2,Southern California Edison Co,539fbcd1ec4f024c27d874ad,539fbcd1ec4f024c27d874ad,"General Service - Demand: GS-2, Three Phase Service(at 220 kV)",2014-01-29 08:00:00+00:00,Commercial,,5c9114ea5457a37e5307bc77,5c9114ea5457a37e5307bc77,"Time of Use, General Service, Demand Metered, Option D: GS-2 TOU D, Three Phase (Under 2 kV)",2015-02-28 08:00:00+00:00,Commercial,Bundled,1.08,True,False,weak,,
GS-2,Southern California Edison Co,539fbcd1ec4f024c27d874ad,539fbcd1ec4f024c27d874ad,"General Service - Demand: GS-2, Three Phase Service(at 220 kV)",2014-01-29 08:00:00+00:00,Commercial,,5c9080fb5457a3102a07bc77,5c9080fb5457a3102a07bc77,"Time of Use, General Service, Demand Metered, Option E: GS-2 TOU E, Three Phase (Under 2 kV)",2015-02-28 08:00:00+00:00,Commercial,Bundled,1.08,True,False,weak,,
GS-2,Southern California Edison Co,539fbcd1ec4f024c27d874ad,539fbcd1ec4f024c27d874ad,"General Service - Demand: GS-2, Three Phase Service(at 220 kV)",2014-01-29 08:00:00+00:00,Commercial,,59c05bc05457a30837bbb27f,59c05bc05457a30837bbb27f,"TOU-GS-2, Option D",2017-12-01 08:00:00+00:00,Commercial,Delivery with Standard Offer,3.84,True,False,weak,,
GS-2,Southern California Edison Co,539fbd26ec4f024c27d87885,56b291785457a3c65fc2db59,"Time of Use, General Service, Demand Metered, Option A: GS-2 TOU A, Single Phase (Under 2kV)",2016-01-01 07:00:00+00:00,Commercial,,574f6b105457a3d8785e629e,574f6b105457a3d8785e629e,"Time of Use, General Service, Demand Metered, TOU-GS-2, Option B",2016-05-02 06:00:00+00:00,Commercial,,0.33,True,True,strong,,
GS-2,Southern California Edison Co,539fbd26ec4f024c27d87885,56b291785457a3c65fc2db59,"Time of Use, General Service, Demand Metered, Option A: GS-2 TOU A, Single Phase (Under 2kV)",2016-01-01 07:00:00+00:00,Commercial,,586d4bf65457a366061c9606,586d4bf65457a366061c9606,"Time of Use, General Service, Demand Metered, Option GS-2 TOU A, Single Phase (At 220kV)",2017-01-01 07:00:00+00:00,Commercial,,1.0,True,True,strong,,
GS-2,Southern California Edison Co,539fbd26ec4f024c27d87885,56b291785457a3c65fc2db59,"Time of Use, General Service, Demand Metered, Option A: GS-2 TOU A, Single Phase (Under 2kV)",2016-01-01 07:00:00+00:00,Commercial,,586d4ca75457a348111c9605,586d4ca75457a348111c9605,"Time of Use, General Service, Demand Metered, Option A: GS-2 TOU A, Three Phase (At 220kV)",2017-01-01 07:00:00+00:00,Commercial,,1.0,True,True,strong,,
GS-2,Southern California Edison Co,539fbd26ec4f024c27d87885,56b291785457a3c65fc2db59,"Time of Use, General Service, Demand Metered, Option A: GS-2 TOU A, Single Phase (Under 2kV)",2016-01-01 07:00:00+00:00,Commercial,,59c05cde5457a30837bbb280,59c05cde5457a30837bbb280,"TOU-GS-2, Option E",2017-12-01 08:00:00+00:00,Commercial,,1.92,True,True,strong,,
GS-2,Southern California Edison Co,539fbd26ec4f024c27d87885,56b291785457a3c65fc2db59,"Time of Use, General Service, Demand Metered, Option A: GS-2 TOU A, Single Phase (Under 2kV)",2016-01-01 07:00:00+00:00,Commercial,,59c05bc05457a30837bbb27f,59c05bc05457a30837bbb27f,"TOU-GS-2, Option D",2017-12-01 08:00:00+00:00,Commercial,Delivery with Standard Offer,1.92,True,False,weak,,
GS-2,Southern California Edison Co,539fbd26ec4f024c27d87885,56b291785457a3c65fc2db59,"Time of Use, General Service, Demand Metered, Option A: GS-2 TOU A, Single Phase (Under 2kV)",2016-01-01 07:00:00+00:00,Commercial,,5bc7ba425457a3b5483b43ed,5bc7ba425457a3b5483b43ed,"TOU-GS-2, Option A",2018-10-01 06:00:00+00:00,Commercial,Bundled,2.75,True,False,weak,,
GS-2,Southern California Edison Co,539fbd26ec4f024c27d87885,56b291785457a3c65fc2db59,"Time of Use, General Service, Demand Metered, Option A: GS-2 TOU A, Single Phase (Under 2kV)",2016-01-01 07:00:00+00:00,Commercial,,5bc7bc025457a32d493b43ed,5bc7bc025457a32d493b43ed,"TOU-GS-2, Option B",2018-10-01 06:00:00+00:00,Commercial,Bundled,2.75,True,False,weak,,
GS-2,Southern California Edison Co,539fbd26ec4f024c27d87885,56b291785457a3c65fc2db59,"Time of Use, General Service, Demand Metered, Option A: GS-2 TOU A, Single Phase (Under 2kV)",2016-01-01 07:00:00+00:00,Commercial,,5bc7be2a5457a3a2783b43ed,5bc7be2a5457a3a2783b43ed,"TOU-GS-2, Option R",2018-10-01 06:00:00+00:00,Commercial,Bundled,2.75,True,False,weak,,
GS-2,Southern California Edison Co,539fbd26ec4f024c27d87885,56b291785457a3c65fc2db59,"Time of Use, General Service, Demand Metered, Option A: GS-2 TOU A, Single Phase (Under 2kV)",2016-01-01 07:00:00+00:00,Commercial,,5cdb9d385457a3616340c5d2,5cdb9d385457a3616340c5d2,"Time of Use, General Service, Demand Metered, Option E: GS-2 TOU E, Three Phase (Under 2 kV)",2019-04-12 07:00:00+00:00,Commercial,Bundled,3.28,True,False,weak,,
GS-2,Southern California Edison Co,539fbd26ec4f024c27d87885,56b291785457a3c65fc2db59,"Time of Use, General Service, Demand Metered, Option A: GS-2 TOU A, Single Phase (Under 2kV)",2016-01-01 07:00:00+00:00,Commercial,,5cdb9e605457a3b72b40c5d3,5cdb9e605457a3b72b40c5d3,"Time of Use, General Service, Demand Metered, Option D: GS-2 TOU D, Three Phase (Under 2 kV)",2019-04-12 07:00:00+00:00,Commercial,Bundled,3.28,True,False,weak,,
GS-2,Southern California Edison Co,539fbd37ec4f024c27d87969,539fbd37ec4f024c27d87969,"Time of Use, General Service, Demand Metered, Critical Peak-Lite Option: TOU-GS-2 CPP-Lite, Three Phase (2kV-50kV)",2014-01-01 08:00:00+00:00,Commercial,,557083bc5457a37a19db22a3,557083bc5457a37a19db22a3,"Time of Use, General Service, Demand Metered, Critical Peak-Lite Option: TOU-GS-2 CPP-Lite, Three Phase; REPEAT rate",2015-06-01 06:00:00+00:00,Commercial,,1.41,True,True,strong,,
GS-2,Southern California Edison Co,539fbd37ec4f024c27d87969,539fbd37ec4f024c27d87969,"Time of Use, General Service, Demand Metered, Critical Peak-Lite Option: TOU-GS-2 CPP-Lite, Three Phase (2kV-50kV)",2014-01-01 08:00:00+00:00,Commercial,,55707e995457a37354db22a5,55707e995457a37354db22a5,"Time of Use, General Service, Demand Metered, Critical Peak-Lite Option: TOU-GS-2 CPP-Lite, Single Phase; REPEAT rate",2015-06-01 06:00:00+00:00,Commercial,,1.41,True,True,strong,,
GS-2,Southern California Edison Co,539fbd37ec4f024c27d87969,539fbd37ec4f024c27d87969,"Time of Use, General Service, Demand Metered, Critical Peak-Lite Option: TOU-GS-2 CPP-Lite, Three Phase (2kV-50kV)",2014-01-01 08:00:00+00:00,Commercial,,55707a575457a37354db22a4,55707a575457a37354db22a4,"Time of Use, General Service, Demand Metered, Critical Peak Option: TOU-GS-2 CPP, Single Phase",2015-06-01 07:00:00+00:00,Commercial,,1.41,True,True,strong,,
GS-2,Southern California Edison Co,539fbd37ec4f024c27d87969,539fbd37ec4f024c27d87969,"Time of Use, General Service, Demand Metered, Critical Peak-Lite Option: TOU-GS-2 CPP-Lite, Three Phase (2kV-50kV)",2014-01-01 08:00:00+00:00,Commercial,,557076bc5457a3a23cdb22a6,557076bc5457a3a23cdb22a6,"Time of Use, General Service, Demand Metered, Option R: GS-2 TOU R - Three phase",2015-06-01 07:00:00+00:00,Commercial,,1.41,True,True,strong,,
GS-2,Southern California Edison Co,539fbd37ec4f024c27d87969,539fbd37ec4f024c27d87969,"Time of Use, General Service, Demand Metered, Critical Peak-Lite Option: TOU-GS-2 CPP-Lite, Three Phase (2kV-50kV)",2014-01-01 08:00:00+00:00,Commercial,,55705ad65457a3f449db22a3,55705ad65457a3f449db22a3,"General Service - Demand: GS-2, Single Phase Service; Closed Rate",2015-06-01 06:00:00+00:00,Commercial,,1.41,True,True,strong,,
GS-2,Southern California Edison Co,539fbd37ec4f024c27d87969,539fbd37ec4f024c27d87969,"Time of Use, General Service, Demand Metered, Critical Peak-Lite Option: TOU-GS-2 CPP-Lite, Three Phase (2kV-50kV)",2014-01-01 08:00:00+00:00,Commercial,,55706d4c5457a31422db22a3,55706d4c5457a31422db22a3,"Time of Use, General Service, Demand Metered, Option B: GS-2 TOU B, Three Phase",2015-06-01 07:00:00+00:00,Commercial,,1.41,True,True,strong,,
GS-2,Southern California Edison Co,539fbd37ec4f024c27d87969,539fbd37ec4f024c27d87969,"Time of Use, General Service, Demand Metered, Critical Peak-Lite Option: TOU-GS-2 CPP-Lite, Three Phase (2kV-50kV)",2014-01-01 08:00:00+00:00,Commercial,,557069245457a37354db22a2,557069245457a37354db22a2,"Time of Use, General Service, Demand Metered, Option B: GS-2 TOU B, Single Phase",2015-06-01 07:00:00+00:00,Commercial,,1.41,True,True,strong,,
GS-2,Southern California Edison Co,539fbd37ec4f024c27d87969,539fbd37ec4f024c27d87969,"Time of Use, General Service, Demand Metered, Critical Peak-Lite Option: TOU-GS-2 CPP-Lite, Three Phase (2kV-50kV)",2014-01-01 08:00:00+00:00,Commercial,,557067a65457a3b602db22a3,557067a65457a3b602db22a3,"Time of Use, General Service, Demand Metered, Option A: GS-2 TOU A, Three Phase",2015-06-01 07:00:00+00:00,Commercial,,1.41,True,True,strong,,
GS-2,Southern California Edison Co,539fbd37ec4f024c27d87969,539fbd37ec4f024c27d87969,"Time of Use, General Service, Demand Metered, Critical Peak-Lite Option: TOU-GS-2 CPP-Lite, Three Phase (2kV-50kV)",2014-01-01 08:00:00+00:00,Commercial,,557063955457a3fb54db22a2,557063955457a3fb54db22a2,"Time of Use, General Service, Demand Metered, Option A: GS-2 TOU A, Single Phase",2015-06-01 07:00:00+00:00,Commercial,,1.41,True,True,strong,,
GS-2,Southern California Edison Co,539fbd37ec4f024c27d87969,539fbd37ec4f024c27d87969,"Time of Use, General Service, Demand Metered, Critical Peak-Lite Option: TOU-GS-2 CPP-Lite, Three Phase (2kV-50kV)",2014-01-01 08:00:00+00:00,Commercial,,55705f695457a3a23cdb22a3,55705f695457a3a23cdb22a3,General Service - Demand: GS-2 - Three Phase; Closed Rate,2015-06-01 06:00:00+00:00,Commercial,,1.41,True,True,strong,,
GS-2,Southern California Edison Co,539fbd37ec4f024c27d87969,539fbd37ec4f024c27d87969,"Time of Use, General Service, Demand Metered, Critical Peak-Lite Option: TOU-GS-2 CPP-Lite, Three Phase (2kV-50kV)",2014-01-01 08:00:00+00:00,Commercial,,55706f305457a31422db22a4,55706f305457a31422db22a4,"Time of Use, General Service, Demand Metered, Option R: GS-2 TOU R - Single phase",2015-06-01 07:00:00+00:00,Commercial,,1.41,True,True,strong,,
GS-2,Southern California Edison Co,539fbd37ec4f024c27d87969,539fbd37ec4f024c27d87969,"Time of Use, General Service, Demand Metered, Critical Peak-Lite Option: TOU-GS-2 CPP-Lite, Three Phase (2kV-50kV)",2014-01-01 08:00:00+00:00,Commercial,,55707d1c5457a3f449db22a4,55707d1c5457a3f449db22a4,"Time of Use, General Service, Demand Metered, Critical Peak Option: TOU-GS-2 CPP, Three Phase",2015-06-01 07:00:00+00:00,Commercial,,1.41,True,True,strong,,
GS-2,Southern California Edison Co,539fbd37ec4f024c27d87969,539fbd37ec4f024c27d87969,"Time of Use, General Service, Demand Metered, Critical Peak-Lite Option: TOU-GS-2 CPP-Lite, Three Phase (2kV-50kV)",2014-01-01 08:00:00+00:00,Commercial,,574f6b105457a3d8785e629e,574f6b105457a3d8785e629e,"Time of Use, General Service, Demand Metered, TOU-GS-2, Option B",2016-05-02 06:00:00+00:00,Commercial,,2.33,True,True,strong,,
GS-2,Southern California Edison Co,539fbd37ec4f024c27d87969,539fbd37ec4f024c27d87969,"Time of Use, General Service, Demand Metered, Critical Peak-Lite Option: TOU-GS-2 CPP-Lite, Three Phase (2kV-50kV)",2014-01-01 08:00:00+00:00,Commercial,,586d4bf65457a366061c9606,586d4bf65457a366061c9606,"Time of Use, General Service, Demand Metered, Option GS-2 TOU A, Single Phase (At 220kV)",2017-01-01 07:00:00+00:00,Commercial,,3.0,True,True,strong,,
GS-2,Southern California Edison Co,539fbd37ec4f024c27d87969,539fbd37ec4f024c27d87969,"Time of Use, General Service, Demand Metered, Critical Peak-Lite Option: TOU-GS-2 CPP-Lite, Three Phase (2kV-50kV)",2014-01-01 08:00:00+00:00,Commercial,,586d4ca75457a348111c9605,586d4ca75457a348111c9605,"Time of Use, General Service, Demand Metered, Option A: GS-2 TOU A, Three Phase (At 220kV)",2017-01-01 07:00:00+00:00,Commercial,,3.0,True,True,strong,,
GS-2,Southern California Edison Co,539fbd37ec4f024c27d87969,539fbd37ec4f024c27d87969,"Time of Use, General Service, Demand Metered, Critical Peak-Lite Option: TOU-GS-2 CPP-Lite, Three Phase (2kV-50kV)",2014-01-01 08:00:00+00:00,Commercial,,59c05cde5457a30837bbb280,59c05cde5457a30837bbb280,"TOU-GS-2, Option E",2017-12-01 08:00:00+00:00,Commercial,,3.92,True,True,strong,,
GS-2,Southern California Edison Co,539fbd37ec4f024c27d87969,539fbd37ec4f024c27d87969,"Time of Use, General Service, Demand Metered, Critical Peak-Lite Option: TOU-GS-2 CPP-Lite, Three Phase (2kV-50kV)",2014-01-01 08:00:00+00:00,Commercial,,5c9114ea5457a37e5307bc77,5c9114ea5457a37e5307bc77,"Time of Use, General Service, Demand Metered, Option D: GS-2 TOU D, Three Phase (Under 2 kV)",2015-02-28 08:00:00+00:00,Commercial,Bundled,1.16,True,False,weak,,
GS-2,Southern California Edison Co,539fbd37ec4f024c27d87969,539fbd37ec4f024c27d87969,"Time of Use, General Service, Demand Metered, Critical Peak-Lite Option: TOU-GS-2 CPP-Lite, Three Phase (2kV-50kV)",2014-01-01 08:00:00+00:00,Commercial,,5c9080fb5457a3102a07bc77,5c9080fb5457a3102a07bc77,"Time of Use, General Service, Demand Metered, Option E: GS-2 TOU E, Three Phase (Under 2 kV)",2015-02-28 08:00:00+00:00,Commercial,Bundled,1.16,True,False,weak,,
GS-2,Southern California Edison Co,539fbd37ec4f024c27d87969,539fbd37ec4f024c27d87969,"Time of Use, General Service, Demand Metered, Critical Peak-Lite Option: TOU-GS-2 CPP-Lite, Three Phase (2kV-50kV)",2014-01-01 08:00:00+00:00,Commercial,,59c05bc05457a30837bbb27f,59c05bc05457a30837bbb27f,"TOU-GS-2, Option D",2017-12-01 08:00:00+00:00,Commercial,Delivery with Standard Offer,3.92,True,False,weak,,
GS-2,Southern California Edison Co,539fbd7fec4f024c27d87c87,539fbd7fec4f024c27d87c87,General Service - Demand: GS-2 - Three Phase (2kV to 50kV),2014-01-29 13:00:00+00:00,Commercial,,557083bc5457a37a19db22a3,557083bc5457a37a19db22a3,"Time of Use, General Service, Demand Metered, Critical Peak-Lite Option: TOU-GS-2 CPP-Lite, Three Phase; REPEAT rate",2015-06-01 06:00:00+00:00,Commercial,,1.33,True,True,strong,,
GS-2,Southern California Edison Co,539fbd7fec4f024c27d87c87,539fbd7fec4f024c27d87c87,General Service - Demand: GS-2 - Three Phase (2kV to 50kV),2014-01-29 13:00:00+00:00,Commercial,,55707e995457a37354db22a5,55707e995457a37354db22a5,"Time of Use, General Service, Demand Metered, Critical Peak-Lite Option: TOU-GS-2 CPP-Lite, Single Phase; REPEAT rate",2015-06-01 06:00:00+00:00,Commercial,,1.33,True,True,strong,,
GS-2,Southern California Edison Co,539fbd7fec4f024c27d87c87,539fbd7fec4f024c27d87c87,General Service - Demand: GS-2 - Three Phase (2kV to 50kV),2014-01-29 13:00:00+00:00,Commercial,,55707a575457a37354db22a4,55707a575457a37354db22a4,"Time of Use, General Service, Demand Metered, Critical Peak Option: TOU-GS-2 CPP, Single Phase",2015-06-01 07:00:00+00:00,Commercial,,1.33,True,True,strong,,
GS-2,Southern California Edison Co,539fbd7fec4f024c27d87c87,539fbd7fec4f024c27d87c87,General Service - Demand: GS-2 - Three Phase (2kV to 50kV),2014-01-29 13:00:00+00:00,Commercial,,557076bc5457a3a23cdb22a6,557076bc5457a3a23cdb22a6,"Time of Use, General Service, Demand Metered, Option R: GS-2 TOU R - Three phase",2015-06-01 07:00:00+00:00,Commercial,,1.33,True,True,strong,,
GS-2,Southern California Edison Co,539fbd7fec4f024c27d87c87,539fbd7fec4f024c27d87c87,General Service - Demand: GS-2 - Three Phase (2kV to 50kV),2014-01-29 13:00:00+00:00,Commercial,,55705ad65457a3f449db22a3,55705ad65457a3f449db22a3,"General Service - Demand: GS-2, Single Phase Service; Closed Rate",2015-06-01 06:00:00+00:00,Commercial,,1.33,True,True,strong,,
GS-2,Southern California Edison Co,539fbd7fec4f024c27d87c87,539fbd7fec4f024c27d87c87,General Service - Demand: GS-2 - Three Phase (2kV to 50kV),2014-01-29 13:00:00+00:00,Commercial,,55706d4c5457a31422db22a3,55706d4c5457a31422db22a3,"Time of Use, General Service, Demand Metered, Option B: GS-2 TOU B, Three Phase",2015-06-01 07:00:00+00:00,Commercial,,1.33,True,True,strong,,
GS-2,Southern California Edison Co,539fbd7fec4f024c27d87c87,539fbd7fec4f024c27d87c87,General Service - Demand: GS-2 - Three Phase (2kV to 50kV),2014-01-29 13:00:00+00:00,Commercial,,557069245457a37354db22a2,557069245457a37354db22a2,"Time of Use, General Service, Demand Metered, Option B: GS-2 TOU B, Single Phase",2015-06-01 07:00:00+00:00,Commercial,,1.33,True,True,strong,,
GS-2,Southern California Edison Co,539fbd7fec4f024c27d87c87,539fbd7fec4f024c27d87c87,General Service - Demand: GS-2 - Three Phase (2kV to 50kV),2014-01-29 13:00:00+00:00,Commercial,,557067a65457a3b602db22a3,557067a65457a3b602db22a3,"Time of Use, General Service, Demand Metered, Option A: GS-2 TOU A, Three Phase",2015-06-01 07:00:00+00:00,Commercial,,1.33,True,True,strong,,
GS-2,Southern California Edison Co,539fbd7fec4f024c27d87c87,539fbd7fec4f024c27d87c87,General Service - Demand: GS-2 - Three Phase (2kV to 50kV),2014-01-29 13:00:00+00:00,Commercial,,557063955457a3fb54db22a2,557063955457a3fb54db22a2,"Time of Use, General Service, Demand Metered, Option A: GS-2 TOU A, Single Phase",2015-06-01 07:00:00+00:00,Commercial,,1.33,True,True,strong,,
GS-2,Southern California Edison Co,539fbd7fec4f024c27d87c87,539fbd7fec4f024c27d87c87,General Service - Demand: GS-2 - Three Phase (2kV to 50kV),2014-01-29 13:00:00+00:00,Commercial,,55705f695457a3a23cdb22a3,55705f695457a3a23cdb22a3,General Service - Demand: GS-2 - Three Phase; Closed Rate,2015-06-01 06:00:00+00:00,Commercial,,1.33,True,True,strong,,
GS-2,Southern California Edison Co,539fbd7fec4f024c27d87c87,539fbd7fec4f024c27d87c87,General Service - Demand: GS-2 - Three Phase (2kV to 50kV),2014-01-29 13:00:00+00:00,Commercial,,55706f305457a31422db22a4,55706f305457a31422db22a4,"Time of Use, General Service, Demand Metered, Option R: GS-2 TOU R - Single phase",2015-06-01 07:00:00+00:00,Commercial,,1.33,True,True,strong,,
GS-2,Southern California Edison Co,539fbd7fec4f024c27d87c87,539fbd7fec4f024c27d87c87,General Service - Demand: GS-2 - Three Phase (2kV to 50kV),2014-01-29 13:00:00+00:00,Commercial,,55707d1c5457a3f449db22a4,55707d1c5457a3f449db22a4,"Time of Use, General Service, Demand Metered, Critical Peak Option: TOU-GS-2 CPP, Three Phase",2015-06-01 07:00:00+00:00,Commercial,,1.33,True,True,strong,,
GS-2,Southern California Edison Co,539fbd7fec4f024c27d87c87,539fbd7fec4f024c27d87c87,General Service - Demand: GS-2 - Three Phase (2kV to 50kV),2014-01-29 13:00:00+00:00,Commercial,,574f6b105457a3d8785e629e,574f6b105457a3d8785e629e,"Time of Use, General Service, Demand Metered, TOU-GS-2, Option B",2016-05-02 06:00:00+00:00,Commercial,,2.25,True,True,strong,,
GS-2,Southern California Edison Co,539fbd7fec4f024c27d87c87,539fbd7fec4f024c27d87c87,General Service - Demand: GS-2 - Three Phase (2kV to 50kV),2014-01-29 13:00:00+00:00,Commercial,,586d4bf65457a366061c9606,586d4bf65457a366061c9606,"Time of Use, General Service, Demand Metered, Option GS-2 TOU A, Single Phase (At 220kV)",2017-01-01 07:00:00+00:00,Commercial,,2.92,True,True,strong,,
GS-2,Southern California Edison Co,539fbd7fec4f024c27d87c87,539fbd7fec4f024c27d87c87,General Service - Demand: GS-2 - Three Phase (2kV to 50kV),2014-01-29 13:00:00+00:00,Commercial,,586d4ca75457a348111c9605,586d4ca75457a348111c9605,"Time of Use, General Service, Demand Metered, Option A: GS-2 TOU A, Three Phase (At 220kV)",2017-01-01 07:00:00+00:00,Commercial,,2.92,True,True,strong,,
GS-2,Southern California Edison Co,539fbd7fec4f024c27d87c87,539fbd7fec4f024c27d87c87,General Service - Demand: GS-2 - Three Phase (2kV to 50kV),2014-01-29 13:00:00+00:00,Commercial,,59c05cde5457a30837bbb280,59c05cde5457a30837bbb280,"TOU-GS-2, Option E",2017-12-01 08:00:00+00:00,Commercial,,3.84,True,True,strong,,
GS-2,Southern California Edison Co,539fbd7fec4f024c27d87c87,539fbd7fec4f024c27d87c87,General Service - Demand: GS-2 - Three Phase (2kV to 50kV),2014-01-29 13:00:00+00:00,Commercial,,5c9114ea5457a37e5307bc77,5c9114ea5457a37e5307bc77,"Time of Use, General Service, Demand Metered, Option D: GS-2 TOU D, Three Phase (Under 2 kV)",2015-02-28 08:00:00+00:00,Commercial,Bundled,1.08,True,False,weak,,
GS-2,Southern California Edison Co,539fbd7fec4f024c27d87c87,539fbd7fec4f024c27d87c87,General Service - Demand: GS-2 - Three Phase (2kV to 50kV),2014-01-29 13:00:00+00:00,Commercial,,5c9080fb5457a3102a07bc77,5c9080fb5457a3102a07bc77,"Time of Use, General Service, Demand Metered, Option E: GS-2 TOU E, Three Phase (Under 2 kV)",2015-02-28 08:00:00+00:00,Commercial,Bundled,1.08,True,False,weak,,
GS-2,Southern California Edison Co,539fbd7fec4f024c27d87c87,539fbd7fec4f024c27d87c87,General Service - Demand: GS-2 - Three Phase (2kV to 50kV),2014-01-29 13:00:00+00:00,Commercial,,59c05bc05457a30837bbb27f,59c05bc05457a30837bbb27f,"TOU-GS-2, Option D",2017-12-01 08:00:00+00:00,Commercial,Delivery with Standard Offer,3.84,True,False,weak,,
TOU-8,Southern California Edison Co,539fbd90ec4f024c27d87cf5,5c81803d7bece2299eceb3bb,"Time-Of-Use - General Service - Large: TOU-8, Option A (2 kV - 50kV)",2018-10-01 07:00:00+00:00,Commercial,Bundled,5cdbb2615457a3b72b40c5d4,5cdbb2615457a3b72b40c5d4,"Time-Of-Use - General Service - Large: TOU-8, Option E (Under 2 kV)",2019-04-12 07:00:00+00:00,Commercial,Bundled,0.53,True,True,strong,,
TOU-8,Southern California Edison Co,539fbd90ec4f024c27d87cf5,5c81803d7bece2299eceb3bb,"Time-Of-Use - General Service - Large: TOU-8, Option A (2 kV - 50kV)",2018-10-01 07:00:00+00:00,Commercial,Bundled,5cdbb4e05457a3616340c5d4,5cdbb4e05457a3616340c5d4,"Time-Of-Use - General Service - Large: TOU-8, Option D (Under 2 kV)",2019-04-12 07:00:00+00:00,Commercial,Bundled,0.53,True,True,strong,,
GS-2,Southern California Edison Co,539fbe32ec4f024c27d883db,539fbe32ec4f024c27d883db,"Time of Use, General Service, Demand Metered, Option A: GS-2 TOU A, Three Phase (Under 2kV)",2014-01-01 08:00:00+00:00,Commercial,,557083bc5457a37a19db22a3,557083bc5457a37a19db22a3,"Time of Use, General Service, Demand Metered, Critical Peak-Lite Option: TOU-GS-2 CPP-Lite, Three Phase; REPEAT rate",2015-06-01 06:00:00+00:00,Commercial,,1.41,True,True,strong,,
GS-2,Southern California Edison Co,539fbe32ec4f024c27d883db,539fbe32ec4f024c27d883db,"Time of Use, General Service, Demand Metered, Option A: GS-2 TOU A, Three Phase (Under 2kV)",2014-01-01 08:00:00+00:00,Commercial,,55707e995457a37354db22a5,55707e995457a37354db22a5,"Time of Use, General Service, Demand Metered, Critical Peak-Lite Option: TOU-GS-2 CPP-Lite, Single Phase; REPEAT rate",2015-06-01 06:00:00+00:00,Commercial,,1.41,True,True,strong,,
GS-2,Southern California Edison Co,539fbe32ec4f024c27d883db,539fbe32ec4f024c27d883db,"Time of Use, General Service, Demand Metered, Option A: GS-2 TOU A, Three Phase (Under 2kV)",2014-01-01 08:00:00+00:00,Commercial,,55707a575457a37354db22a4,55707a575457a37354db22a4,"Time of Use, General Service, Demand Metered, Critical Peak Option: TOU-GS-2 CPP, Single Phase",2015-06-01 07:00:00+00:00,Commercial,,1.41,True,True,strong,,
GS-2,Southern California Edison Co,539fbe32ec4f024c27d883db,539fbe32ec4f024c27d883db,"Time of Use, General Service, Demand Metered, Option A: GS-2 TOU A, Three Phase (Under 2kV)",2014-01-01 08:00:00+00:00,Commercial,,557076bc5457a3a23cdb22a6,557076bc5457a3a23cdb22a6,"Time of Use, General Service, Demand Metered, Option R: GS-2 TOU R - Three phase",2015-06-01 07:00:00+00:00,Commercial,,1.41,True,True,strong,,
GS-2,Southern California Edison Co,539fbe32ec4f024c27d883db,539fbe32ec4f024c27d883db,"Time of Use, General Service, Demand Metered, Option A: GS-2 TOU A, Three Phase (Under 2kV)",2014-01-01 08:00:00+00:00,Commercial,,55705ad65457a3f449db22a3,55705ad65457a3f449db22a3,"General Service - Demand: GS-2, Single Phase Service; Closed Rate",2015-06-01 06:00:00+00:00,Commercial,,1.41,True,True,strong,,
GS-2,Southern California Edison Co,539fbe32ec4f024c27d883db,539fbe32ec4f024c27d883db,"Time of Use, General Service, Demand Metered, Option A: GS-2 TOU A, Three Phase (Under 2kV)",2014-01-01 08:00:00+00:00,Commercial,,55706d4c5457a31422db22a3,55706d4c5457a31422db22a3,"Time of Use, General Service, Demand Metered, Option B: GS-2 TOU B, Three Phase",2015-06-01 07:00:00+00:00,Commercial,,1.41,True,True,strong,,
GS-2,Southern California Edison Co,539fbe32ec4f024c27d883db,539fbe32ec4f024c27d883db,"Time of Use, General Service, Demand Metered, Option A: GS-2 TOU A, Three Phase (Under 2kV)",2014-01-01 08:00:00+00:00,Commercial,,557069245457a37354db22a2,557069245457a37354db22a2,"Time of Use, General Service, Demand Metered, Option B: GS-2 TOU B, Single Phase",2015-06-01 07:00:00+00:00,Commercial,,1.41,True,True,strong,,
GS-2,Southern California Edison Co,539fbe32ec4f024c27d883db,539fbe32ec4f024c27d883db,"Time of Use, General Service, Demand Metered, Option A: GS-2 TOU A, Three Phase (Under 2kV)",2014-01-01 08:00:00+00:00,Commercial,,557067a65457a3b602db22a3,557067a65457a3b602db22a3,"Time of Use, General Service, Demand Metered, Option A: GS-2 TOU A, Three Phase",2015-06-01 07:00:00+00:00,Commercial,,1.41,True,True,strong,,
GS-2,Southern California Edison Co,539fbe32ec4f024c27d883db,539fbe32ec4f024c27d883db,"Time of Use, General Service, Demand Metered, Option A: GS-2 TOU A, Three Phase (Under 2kV)",2014-01-01 08:00:00+00:00,Commercial,,557063955457a3fb54db22a2,557063955457a3fb54db22a2,"Time of Use, General Service, Demand Metered, Option A: GS-2 TOU A, Single Phase",2015-06-01 07:00:00+00:00,Commercial,,1.41,True,True,strong,,
GS-2,Southern California Edison Co,539fbe32ec4f024c27d883db,539fbe32ec4f024c27d883db,"Time of Use, General Service, Demand Metered, Option A: GS-2 TOU A, Three Phase (Under 2kV)",2014-01-01 08:00:00+00:00,Commercial,,55705f695457a3a23cdb22a3,55705f695457a3a23cdb22a3,General Service - Demand: GS-2 - Three Phase; Closed Rate,2015-06-01 06:00:00+00:00,Commercial,,1.41,True,True,strong,,
GS-2,Southern California Edison Co,539fbe32ec4f024c27d883db,539fbe32ec4f024c27d883db,"Time of Use, General Service, Demand Metered, Option A: GS-2 TOU A, Three Phase (Under 2kV)",2014-01-01 08:00:00+00:00,Commercial,,55706f305457a31422db22a4,55706f305457a31422db22a4,"Time of Use, General Service, Demand Metered, Option R: GS-2 TOU R - Single phase",2015-06-01 07:00:00+00:00,Commercial,,1.41,True,True,strong,,
GS-2,Southern California Edison Co,539fbe32ec4f024c27d883db,539fbe32ec4f024c27d883db,"Time of Use, General Service, Demand Metered, Option A: GS-2 TOU A, Three Phase (Under 2kV)",2014-01-01 08:00:00+00:00,Commercial,,55707d1c5457a3f449db22a4,55707d1c5457a3f449db22a4,"Time of Use, General Service, Demand Metered, Critical Peak Option: TOU-GS-2 CPP, Three Phase",2015-06-01 07:00:00+00:00,Commercial,,1.41,True,True,strong,,
GS-2,Southern California Edison Co,539fbe32ec4f024c27d883db,539fbe32ec4f024c27d883db,"Time of Use, General Service, Demand Metered, Option A: GS-2 TOU A, Three Phase (Under 2kV)",2014-01-01 08:00:00+00:00,Commercial,,574f6b105457a3d8785e629e,574f6b105457a3d8785e629e,"Time of Use, General Service, Demand Metered, TOU-GS-2, Option B",2016-05-02 06:00:00+00:00,Commercial,,2.33,True,True,strong,,
GS-2,Southern California Edison Co,539fbe32ec4f024c27d883db,539fbe32ec4f024c27d883db,"Time of Use, General Service, Demand Metered, Option A: GS-2 TOU A, Three Phase (Under 2kV)",2014-01-01 08:00:00+00:00,Commercial,,586d4bf65457a366061c9606,586d4bf65457a366061c9606,"Time of Use, General Service, Demand Metered, Option GS-2 TOU A, Single Phase (At 220kV)",2017-01-01 07:00:00+00:00,Commercial,,3.0,True,True,strong,,
GS-2,Southern California Edison Co,539fbe32ec4f024c27d883db,539fbe32ec4f024c27d883db,"Time of Use, General Service, Demand Metered, Option A: GS-2 TOU A, Three Phase (Under 2kV)",2014-01-01 08:00:00+00:00,Commercial,,586d4ca75457a348111c9605,586d4ca75457a348111c9605,"Time of Use, General Service, Demand Metered, Option A: GS-2 TOU A, Three Phase (At 220kV)",2017-01-01 07:00:00+00:00,Commercial,,3.0,True,True,strong,,
GS-2,Southern California Edison Co,539fbe32ec4f024c27d883db,539fbe32ec4f024c27d883db,"Time of Use, General Service, Demand Metered, Option A: GS-2 TOU A, Three Phase (Under 2kV)",2014-01-01 08:00:00+00:00,Commercial,,59c05cde5457a30837bbb280,59c05cde5457a30837bbb280,"TOU-GS-2, Option E",2017-12-01 08:00:00+00:00,Commercial,,3.92,True,True,strong,,
GS-2,Southern California Edison Co,539fbe32ec4f024c27d883db,539fbe32ec4f024c27d883db,"Time of Use, General Service, Demand Metered, Option A: GS-2 TOU A, Three Phase (Under 2kV)",2014-01-01 08:00:00+00:00,Commercial,,5c9114ea5457a37e5307bc77,5c9114ea5457a37e5307bc77,"Time of Use, General Service, Demand Metered, Option D: GS-2 TOU D, Three Phase (Under 2 kV)",2015-02-28 08:00:00+00:00,Commercial,Bundled,1.16,True,False,weak,,
GS-2,Southern California Edison Co,539fbe32ec4f024c27d883db,539fbe32ec4f024c27d883db,"Time of Use, General Service, Demand Metered, Option A: GS-2 TOU A, Three Phase (Under 2kV)",2014-01-01 08:00:00+00:00,Commercial,,5c9080fb5457a3102a07bc77,5c9080fb5457a3102a07bc77,"Time of Use, General Service, Demand Metered, Option E: GS-2 TOU E, Three Phase (Under 2 kV)",2015-02-28 08:00:00+00:00,Commercial,Bundled,1.16,True,False,weak,,
GS-2,Southern California Edison Co,539fbe32ec4f024c27d883db,539fbe32ec4f024c27d883db,"Time of Use, General Service, Demand Metered, Option A: GS-2 TOU A, Three Phase (Under 2kV)",2014-01-01 08:00:00+00:00,Commercial,,59c05bc05457a30837bbb27f,59c05bc05457a30837bbb27f,"TOU-GS-2, Option D",2017-12-01 08:00:00+00:00,Commercial,Delivery with Standard Offer,3.92,True,False,weak,,
GS-2,Southern California Edison Co,539fbe46ec4f024c27d884f5,56b92cb45457a38b0348d233,"Time of Use, General Service, Demand Metered, Critical Peak-Lite Option: TOU-GS-2 CPP-Lite, Single Phase (At 220kV)",2016-01-01 07:00:00+00:00,Commercial,,574f6b105457a3d8785e629e,574f6b105457a3d8785e629e,"Time of Use, General Service, Demand Metered, TOU-GS-2, Option B",2016-05-02 06:00:00+00:00,Commercial,,0.33,True,True,strong,,
GS-2,Southern California Edison Co,539fbe46ec4f024c27d884f5,56b92cb45457a38b0348d233,"Time of Use, General Service, Demand Metered, Critical Peak-Lite Option: TOU-GS-2 CPP-Lite, Single Phase (At 220kV)",2016-01-01 07:00:00+00:00,Commercial,,586d4bf65457a366061c9606,586d4bf65457a366061c9606,"Time of Use, General Service, Demand Metered, Option GS-2 TOU A, Single Phase (At 220kV)",2017-01-01 07:00:00+00:00,Commercial,,1.0,True,True,strong,,
GS-2,Southern California Edison Co,539fbe46ec4f024c27d884f5,56b92cb45457a38b0348d233,"Time of Use, General Service, Demand Metered, Critical Peak-Lite Option: TOU-GS-2 CPP-Lite, Single Phase (At 220kV)",2016-01-01 07:00:00+00:00,Commercial,,586d4ca75457a348111c9605,586d4ca75457a348111c9605,"Time of Use, General Service, Demand Metered, Option A: GS-2 TOU A, Three Phase (At 220kV)",2017-01-01 07:00:00+00:00,Commercial,,1.0,True,True,strong,,
GS-2,Southern California Edison Co,539fbe46ec4f024c27d884f5,56b92cb45457a38b0348d233,"Time of Use, General Service, Demand Metered, Critical Peak-Lite Option: TOU-GS-2 CPP-Lite, Single Phase (At 220kV)",2016-01-01 07:00:00+00:00,Commercial,,59c05cde5457a30837bbb280,59c05cde5457a30837bbb280,"TOU-GS-2, Option E",2017-12-01 08:00:00+00:00,Commercial,,1.92,True,True,strong,,
GS-2,Southern California Edison Co,539fbe46ec4f024c27d884f5,56b92cb45457a38b0348d233,"Time of Use, General Service, Demand Metered, Critical Peak-Lite Option: TOU-GS-2 CPP-Lite, Single Phase (At 220kV)",2016-01-01 07:00:00+00:00,Commercial,,59c05bc05457a30837bbb27f,59c05bc05457a30837bbb27f,"TOU-GS-2, Option D",2017-12-01 08:00:00+00:00,Commercial,Delivery with Standard Offer,1.92,True,False,weak,,
GS-2,Southern California Edison Co,539fbe46ec4f024c27d884f5,56b92cb45457a38b0348d233,"Time of Use, General Service, Demand Metered, Critical Peak-Lite Option: TOU-GS-2 CPP-Lite, Single Phase (At 220kV)",2016-01-01 07:00:00+00:00,Commercial,,5bc7ba425457a3b5483b43ed,5bc7ba425457a3b5483b43ed,"TOU-GS-2, Option A",2018-10-01 06:00:00+00:00,Commercial,Bundled,2.75,True,False,weak,,
GS-2,Southern California Edison Co,539fbe46ec4f024c27d884f5,56b92cb45457a38b0348d233,"Time of Use, General Service, Demand Metered, Critical Peak-Lite Option: TOU-GS-2 CPP-Lite, Single Phase (At 220kV)",2016-01-01 07:00:00+00:00,Commercial,,5bc7bc025457a32d493b43ed,5bc7bc025457a32d493b43ed,"TOU-GS-2, Option B",2018-10-01 06:00:00+00:00,Commercial,Bundled,2.75,True,False,weak,,
GS-2,Southern California Edison Co,539fbe46ec4f024c27d884f5,56b92cb45457a38b0348d233,"Time of Use, General Service, Demand Metered, Critical Peak-Lite Option: TOU-GS-2 CPP-Lite, Single Phase (At 220kV)",2016-01-01 07:00:00+00:00,Commercial,,5bc7be2a5457a3a2783b43ed,5bc7be2a5457a3a2783b43ed,"TOU-GS-2, Option R",2018-10-01 06:00:00+00:00,Commercial,Bundled,2.75,True,False,weak,,
GS-2,Southern California Edison Co,539fbe46ec4f024c27d884f5,56b92cb45457a38b0348d233,"Time of Use, General Service, Demand Metered, Critical Peak-Lite Option: TOU-GS-2 CPP-Lite, Single Phase (At 220kV)",2016-01-01 07:00:00+00:00,Commercial,,5cdb9d385457a3616340c5d2,5cdb9d385457a3616340c5d2,"Time of Use, General Service, Demand Metered, Option E: GS-2 TOU E, Three Phase (Under 2 kV)",2019-04-12 07:00:00+00:00,Commercial,Bundled,3.28,True,False,weak,,
GS-2,Southern California Edison Co,539fbe46ec4f024c27d884f5,56b92cb45457a38b0348d233,"Time of Use, General Service, Demand Metered, Critical Peak-Lite Option: TOU-GS-2 CPP-Lite, Single Phase (At 220kV)",2016-01-01 07:00:00+00:00,Commercial,,5cdb9e605457a3b72b40c5d3,5cdb9e605457a3b72b40c5d3,"Time of Use, General Service, Demand Metered, Option D: GS-2 TOU D, Three Phase (Under 2 kV)",2019-04-12 07:00:00+00:00,Commercial,Bundled,3.28,True,False,weak,,
GS-3,Southern California Edison Co,539fbefdec4f024c27d88c81,539fbefdec4f024c27d88c81,"Time-of-use - General Service - Demand Metered: TOU-GS-3, Option B (50kV to 220kV)",2014-01-01 08:00:00+00:00,Commercial,,557086ae5457a3f449db22a6,557086ae5457a3f449db22a6,"Time-of-use - General Service - Demand Metered: TOU-GS-3, Option A; REPEAT Rate",2015-06-01 06:00:00+00:00,Commercial,,1.41,True,True,strong,,
GS-3,Southern California Edison Co,539fbefdec4f024c27d88c81,539fbefdec4f024c27d88c81,"Time-of-use - General Service - Demand Metered: TOU-GS-3, Option B (50kV to 220kV)",2014-01-01 08:00:00+00:00,Commercial,,55709cef5457a3b71fdb22a2,55709cef5457a3b71fdb22a2,"Time-of-use - General Service - Demand Metered: TOU-GS-3, Option R",2015-06-01 07:00:00+00:00,Commercial,,1.41,True,True,strong,,
GS-3,Southern California Edison Co,539fbefdec4f024c27d88c81,539fbefdec4f024c27d88c81,"Time-of-use - General Service - Demand Metered: TOU-GS-3, Option B (50kV to 220kV)",2014-01-01 08:00:00+00:00,Commercial,,5570a0385457a33467db22a3,5570a0385457a33467db22a3,Time-Of-Use - General Service - Demand Metered: TOU-GS-3 Option CPP,2015-06-01 07:00:00+00:00,Commercial,,1.41,True,True,strong,,
GS-3,Southern California Edison Co,539fbefdec4f024c27d88c81,539fbefdec4f024c27d88c81,"Time-of-use - General Service - Demand Metered: TOU-GS-3, Option B (50kV to 220kV)",2014-01-01 08:00:00+00:00,Commercial,,5570b8575457a37a19db22a6,5570b8575457a37a19db22a6,Time-of-use - General Service - Demand Metered-Super Off Peak: TOU-GS-3-SOP,2015-06-01 07:00:00+00:00,Commercial,,1.41,True,True,strong,,
GS-3,Southern California Edison Co,539fbefdec4f024c27d88c81,539fbefdec4f024c27d88c81,"Time-of-use - General Service - Demand Metered: TOU-GS-3, Option B (50kV to 220kV)",2014-01-01 08:00:00+00:00,Commercial,,55708b045457a33467db22a2,55708b045457a33467db22a2,"Time-of-use - General Service - Demand Metered: TOU-GS-3, Option B",2016-01-01 08:00:00+00:00,Commercial,,2.0,True,True,strong,,
GS-3,Southern California Edison Co,539fbefdec4f024c27d88c81,539fbefdec4f024c27d88c81,"Time-of-use - General Service - Demand Metered: TOU-GS-3, Option B (50kV to 220kV)",2014-01-01 08:00:00+00:00,Commercial,,586e87cc5457a3bc711c9606,586e87cc5457a3bc711c9606,"Time-of-use - General Service - Demand Metered: TOU-GS-3, Option R (50kV-220kV)",2017-01-01 07:00:00+00:00,Commercial,,3.0,True,True,strong,,
GS-3,Southern California Edison Co,539fbefdec4f024c27d88c81,539fbefdec4f024c27d88c81,"Time-of-use - General Service - Demand Metered: TOU-GS-3, Option B (50kV to 220kV)",2014-01-01 08:00:00+00:00,Commercial,,586e86b95457a3d3711c9605,586e86b95457a3d3711c9605,"Time-of-use - General Service - Demand Metered: TOU-GS-3, Option R (2kV to 50kV)",2017-01-01 07:00:00+00:00,Commercial,,3.0,True,True,strong,,
GS-3,Southern California Edison Co,539fbefdec4f024c27d88c81,539fbefdec4f024c27d88c81,"Time-of-use - General Service - Demand Metered: TOU-GS-3, Option B (50kV to 220kV)",2014-01-01 08:00:00+00:00,Commercial,,586e819e5457a37c711c9605,586e819e5457a37c711c9605,"Time-of-use - General Service - Demand Metered: TOU-GS-3, Option B (2kV-50kV)",2017-01-01 07:00:00+00:00,Commercial,,3.0,True,True,strong,,
GS-3,Southern California Edison Co,539fbefdec4f024c27d88c81,539fbefdec4f024c27d88c81,"Time-of-use - General Service - Demand Metered: TOU-GS-3, Option B (50kV to 220kV)",2014-01-01 08:00:00+00:00,Commercial,,586e82f95457a3c1711c9605,586e82f95457a3c1711c9605,"Time-of-use - General Service - Demand Metered: TOU-GS-3, Option B (50kV to 220kV)",2017-01-01 07:00:00+00:00,Commercial,,3.0,True,True,strong,,
GS-3,Southern California Edison Co,539fbefdec4f024c27d88c81,539fbefdec4f024c27d88c81,"Time-of-use - General Service - Demand Metered: TOU-GS-3, Option B (50kV to 220kV)",2014-01-01 08:00:00+00:00,Commercial,,586e7f305457a3dd711c9605,586e7f305457a3dd711c9605,"Time-of-use - General Service - Demand Metered: TOU-GS-3, Option A (at 220kV)",2017-01-01 07:00:00+00:00,Commercial,,3.0,True,True,strong,,
GS-3,Southern California Edison Co,539fbefdec4f024c27d88c81,539fbefdec4f024c27d88c81,"Time-of-use - General Service - Demand Metered: TOU-GS-3, Option B (50kV to 220kV)",2014-01-01 08:00:00+00:00,Commercial,,586e7f055457a3bc711c9605,586e7f055457a3bc711c9605,"Time-of-use - General Service - Demand Metered: TOU-GS-3, Option A (50kV to 220kV)",2017-01-01 07:00:00+00:00,Commercial,,3.0,True,True,strong,,
GS-3,Southern California Edison Co,539fbefdec4f024c27d88c81,539fbefdec4f024c27d88c81,"Time-of-use - General Service - Demand Metered: TOU-GS-3, Option B (50kV to 220kV)",2014-01-01 08:00:00+00:00,Commercial,,586e7ee45457a3c6711c9605,586e7ee45457a3c6711c9605,"Time-of-use - General Service - Demand Metered: TOU-GS-3, Option A (2kV to 50kV)",2017-01-01 07:00:00+00:00,Commercial,,3.0,True,True,strong,,
GS-3,Southern California Edison Co,539fbefdec4f024c27d88c81,539fbefdec4f024c27d88c81,"Time-of-use - General Service - Demand Metered: TOU-GS-3, Option B (50kV to 220kV)",2014-01-01 08:00:00+00:00,Commercial,,59c05e4b5457a37206bbb281,59c05e4b5457a37206bbb281,"TOU-GS-3, Option D",2017-12-01 08:00:00+00:00,Commercial,,3.92,True,True,strong,,
GS-3,Southern California Edison Co,539fbefdec4f024c27d88c81,539fbefdec4f024c27d88c81,"Time-of-use - General Service - Demand Metered: TOU-GS-3, Option B (50kV to 220kV)",2014-01-01 08:00:00+00:00,Commercial,,59c05f655457a3814ebbb27c,59c05f655457a3814ebbb27c,"TOU-GS-3, Option E",2017-12-01 08:00:00+00:00,Commercial,,3.92,True,True,strong,,
GS-3,Southern California Edison Co,539fbefdec4f024c27d88c81,539fbefdec4f024c27d88c81,"Time-of-use - General Service - Demand Metered: TOU-GS-3, Option B (50kV to 220kV)",2014-01-01 08:00:00+00:00,Commercial,,586e81155457a31a7a1c9605,586e81155457a31a7a1c9605,"Time of Use, General Service, Demand Metered, Option B: GS-3 TOU B (Under 2kV)",2017-01-01 07:00:00+00:00,Commercial,Bundled,3.0,True,False,weak,,
GS-3,Southern California Edison Co,539fbefdec4f024c27d88c81,539fbefdec4f024c27d88c81,"Time-of-use - General Service - Demand Metered: TOU-GS-3, Option B (50kV to 220kV)",2014-01-01 08:00:00+00:00,Commercial,,5b5f2c815457a39779409a7d,5b5f2c815457a39779409a7d,Time-of-use - General Service - Super Off Peak - Demand Metered: TOU-GS-3-SOP (under 2 kv),2017-01-01 08:00:00+00:00,Commercial,Bundled,3.0,True,False,weak,,
GS-3,Southern California Edison Co,539fbefdec4f024c27d88c81,539fbefdec4f024c27d88c81,"Time-of-use - General Service - Demand Metered: TOU-GS-3, Option B (50kV to 220kV)",2014-01-01 08:00:00+00:00,Commercial,,5b5ef3155457a39879409a7b,5b5ef3155457a39879409a7b,"Time-of-use - General Service - Demand Metered: TOU-GS-3, Option CPP (Under 2kV)",2017-01-01 08:00:00+00:00,Commercial,Bundled,3.0,True,False,weak,,
GS-3,Southern California Edison Co,539fbefdec4f024c27d88c81,539fbefdec4f024c27d88c81,"Time-of-use - General Service - Demand Metered: TOU-GS-3, Option B (50kV to 220kV)",2014-01-01 08:00:00+00:00,Commercial,,5b5f1f965457a39579409a7c,5b5f1f965457a39579409a7c,"Time-of-use - General Service - Demand Metered: TOU-GS-3, Option A (Under 2kV)",2017-01-01 08:00:00+00:00,Commercial,Bundled,3.0,True,False,weak,,
GS-3,Southern California Edison Co,539fbefdec4f024c27d88c81,539fbefdec4f024c27d88c81,"Time-of-use - General Service - Demand Metered: TOU-GS-3, Option B (50kV to 220kV)",2014-01-01 08:00:00+00:00,Commercial,,5b5f24005457a39779409a7b,5b5f24005457a39779409a7b,"Time-of-use - General Service - Demand Metered: TOU-GS-3, Option B (Under 2kV)",2017-01-01 08:00:00+00:00,Commercial,Bundled,3.0,True,False,weak,,
GS-3,Southern California Edison Co,539fbefdec4f024c27d88c81,539fbefdec4f024c27d88c81,"Time-of-use - General Service - Demand Metered: TOU-GS-3, Option B (50kV to 220kV)",2014-01-01 08:00:00+00:00,Commercial,,5b5f27b45457a34051409a7c,5b5f27b45457a34051409a7c,"Time-of-use - General Service - Demand Metered: TOU-GS-3, Option R (Under 2kV)",2017-01-01 08:00:00+00:00,Commercial,Bundled,3.0,True,False,weak,,
GS-3,Southern California Edison Co,539fbefdec4f024c27d88c81,539fbefdec4f024c27d88c81,"Time-of-use - General Service - Demand Metered: TOU-GS-3, Option B (50kV to 220kV)",2014-01-01 08:00:00+00:00,Commercial,,5b5f384f5457a39779409a7e,5b5f384f5457a39779409a7e,Time-of-use - General Service - Demand Metered - NonTOU - GS-3 - (under 2 kv),2017-01-01 08:00:00+00:00,Commercial,Bundled,3.0,True,False,weak,,
GS-2,Southern California Edison Co,539fbf20ec4f024c27d88dcd,56b525ac5457a39550c2db58,"Time of Use, General Service, Demand Metered, Option B: GS-2 TOU B, Single Phase (Under 2kV)",2016-01-01 07:00:00+00:00,Commercial,,574f6b105457a3d8785e629e,574f6b105457a3d8785e629e,"Time of Use, General Service, Demand Metered, TOU-GS-2, Option B",2016-05-02 06:00:00+00:00,Commercial,,0.33,True,True,strong,,
GS-2,Southern California Edison Co,539fbf20ec4f024c27d88dcd,56b525ac5457a39550c2db58,"Time of Use, General Service, Demand Metered, Option B: GS-2 TOU B, Single Phase (Under 2kV)",2016-01-01 07:00:00+00:00,Commercial,,586d4bf65457a366061c9606,586d4bf65457a366061c9606,"Time of Use, General Service, Demand Metered, Option GS-2 TOU A, Single Phase (At 220kV)",2017-01-01 07:00:00+00:00,Commercial,,1.0,True,True,strong,,
GS-2,Southern California Edison Co,539fbf20ec4f024c27d88dcd,56b525ac5457a39550c2db58,"Time of Use, General Service, Demand Metered, Option B: GS-2 TOU B, Single Phase (Under 2kV)",2016-01-01 07:00:00+00:00,Commercial,,586d4ca75457a348111c9605,586d4ca75457a348111c9605,"Time of Use, General Service, Demand Metered, Option A: GS-2 TOU A, Three Phase (At 220kV)",2017-01-01 07:00:00+00:00,Commercial,,1.0,True,True,strong,,
GS-2,Southern California Edison Co,539fbf20ec4f024c27d88dcd,56b525ac5457a39550c2db58,"Time of Use, General Service, Demand Metered, Option B: GS-2 TOU B, Single Phase (Under 2kV)",2016-01-01 07:00:00+00:00,Commercial,,59c05cde5457a30837bbb280,59c05cde5457a30837bbb280,"TOU-GS-2, Option E",2017-12-01 08:00:00+00:00,Commercial,,1.92,True,True,strong,,
GS-2,Southern California Edison Co,539fbf20ec4f024c27d88dcd,56b525ac5457a39550c2db58,"Time of Use, General Service, Demand Metered, Option B: GS-2 TOU B, Single Phase (Under 2kV)",2016-01-01 07:00:00+00:00,Commercial,,59c05bc05457a30837bbb27f,59c05bc05457a30837bbb27f,"TOU-GS-2, Option D",2017-12-01 08:00:00+00:00,Commercial,Delivery with Standard Offer,1.92,True,False,weak,,
GS-2,Southern California Edison Co,539fbf20ec4f024c27d88dcd,56b525ac5457a39550c2db58,"Time of Use, General Service, Demand Metered, Option B: GS-2 TOU B, Single Phase (Under 2kV)",2016-01-01 07:00:00+00:00,Commercial,,5bc7ba425457a3b5483b43ed,5bc7ba425457a3b5483b43ed,"TOU-GS-2, Option A",2018-10-01 06:00:00+00:00,Commercial,Bundled,2.75,True,False,weak,,
GS-2,Southern California Edison Co,539fbf20ec4f024c27d88dcd,56b525ac5457a39550c2db58,"Time of Use, General Service, Demand Metered, Option B: GS-2 TOU B, Single Phase (Under 2kV)",2016-01-01 07:00:00+00:00,Commercial,,5bc7bc025457a32d493b43ed,5bc7bc025457a32d493b43ed,"TOU-GS-2, Option B",2018-10-01 06:00:00+00:00,Commercial,Bundled,2.75,True,False,weak,,
GS-2,Southern California Edison Co,539fbf20ec4f024c27d88dcd,56b525ac5457a39550c2db58,"Time of Use, General Service, Demand Metered, Option B: GS-2 TOU B, Single Phase (Under 2kV)",2016-01-01 07:00:00+00:00,Commercial,,5bc7be2a5457a3a2783b43ed,5bc7be2a5457a3a2783b43ed,"TOU-GS-2, Option R",2018-10-01 06:00:00+00:00,Commercial,Bundled,2.75,True,False,weak,,
GS-2,Southern California Edison Co,539fbf20ec4f024c27d88dcd,56b525ac5457a39550c2db58,"Time of Use, General Service, Demand Metered, Option B: GS-2 TOU B, Single Phase (Under 2kV)",2016-01-01 07:00:00+00:00,Commercial,,5cdb9d385457a3616340c5d2,5cdb9d385457a3616340c5d2,"Time of Use, General Service, Demand Metered, Option E: GS-2 TOU E, Three Phase (Under 2 kV)",2019-04-12 07:00:00+00:00,Commercial,Bundled,3.28,True,False,weak,,
GS-2,Southern California Edison Co,539fbf20ec4f024c27d88dcd,56b525ac5457a39550c2db58,"Time of Use, General Service, Demand Metered, Option B: GS-2 TOU B, Single Phase (Under 2kV)",2016-01-01 07:00:00+00:00,Commercial,,5cdb9e605457a3b72b40c5d3,5cdb9e605457a3b72b40c5d3,"Time of Use, General Service, Demand Metered, Option D: GS-2 TOU D, Three Phase (Under 2 kV)",2019-04-12 07:00:00+00:00,Commercial,Bundled,3.28,True,False,weak,,
GS-3,Southern California Edison Co,539fc0ffec4f024c27d8a1f3,539fc0ffec4f024c27d8a1f3,"Time-of-use - General Service - Demand Metered: TOU-GS-3, Option A (50kV to 220kV)",2014-01-01 13:00:00+00:00,Commercial,,557086ae5457a3f449db22a6,557086ae5457a3f449db22a6,"Time-of-use - General Service - Demand Metered: TOU-GS-3, Option A; REPEAT Rate",2015-06-01 06:00:00+00:00,Commercial,,1.41,True,True,strong,,
GS-3,Southern California Edison Co,539fc0ffec4f024c27d8a1f3,539fc0ffec4f024c27d8a1f3,"Time-of-use - General Service - Demand Metered: TOU-GS-3, Option A (50kV to 220kV)",2014-01-01 13:00:00+00:00,Commercial,,55709cef5457a3b71fdb22a2,55709cef5457a3b71fdb22a2,"Time-of-use - General Service - Demand Metered: TOU-GS-3, Option R",2015-06-01 07:00:00+00:00,Commercial,,1.41,True,True,strong,,
GS-3,Southern California Edison Co,539fc0ffec4f024c27d8a1f3,539fc0ffec4f024c27d8a1f3,"Time-of-use - General Service - Demand Metered: TOU-GS-3, Option A (50kV to 220kV)",2014-01-01 13:00:00+00:00,Commercial,,5570a0385457a33467db22a3,5570a0385457a33467db22a3,Time-Of-Use - General Service - Demand Metered: TOU-GS-3 Option CPP,2015-06-01 07:00:00+00:00,Commercial,,1.41,True,True,strong,,
GS-3,Southern California Edison Co,539fc0ffec4f024c27d8a1f3,539fc0ffec4f024c27d8a1f3,"Time-of-use - General Service - Demand Metered: TOU-GS-3, Option A (50kV to 220kV)",2014-01-01 13:00:00+00:00,Commercial,,5570b8575457a37a19db22a6,5570b8575457a37a19db22a6,Time-of-use - General Service - Demand Metered-Super Off Peak: TOU-GS-3-SOP,2015-06-01 07:00:00+00:00,Commercial,,1.41,True,True,strong,,
GS-3,Southern California Edison Co,539fc0ffec4f024c27d8a1f3,539fc0ffec4f024c27d8a1f3,"Time-of-use - General Service - Demand Metered: TOU-GS-3, Option A (50kV to 220kV)",2014-01-01 13:00:00+00:00,Commercial,,55708b045457a33467db22a2,55708b045457a33467db22a2,"Time-of-use - General Service - Demand Metered: TOU-GS-3, Option B",2016-01-01 08:00:00+00:00,Commercial,,2.0,True,True,strong,,
GS-3,Southern California Edison Co,539fc0ffec4f024c27d8a1f3,539fc0ffec4f024c27d8a1f3,"Time-of-use - General Service - Demand Metered: TOU-GS-3, Option A (50kV to 220kV)",2014-01-01 13:00:00+00:00,Commercial,,586e87cc5457a3bc711c9606,586e87cc5457a3bc711c9606,"Time-of-use - General Service - Demand Metered: TOU-GS-3, Option R (50kV-220kV)",2017-01-01 07:00:00+00:00,Commercial,,3.0,True,True,strong,,
GS-3,Southern California Edison Co,539fc0ffec4f024c27d8a1f3,539fc0ffec4f024c27d8a1f3,"Time-of-use - General Service - Demand Metered: TOU-GS-3, Option A (50kV to 220kV)",2014-01-01 13:00:00+00:00,Commercial,,586e86b95457a3d3711c9605,586e86b95457a3d3711c9605,"Time-of-use - General Service - Demand Metered: TOU-GS-3, Option R (2kV to 50kV)",2017-01-01 07:00:00+00:00,Commercial,,3.0,True,True,strong,,
GS-3,Southern California Edison Co,539fc0ffec4f024c27d8a1f3,539fc0ffec4f024c27d8a1f3,"Time-of-use - General Service - Demand Metered: TOU-GS-3, Option A (50kV to 220kV)",2014-01-01 13:00:00+00:00,Commercial,,586e82f95457a3c1711c9605,586e82f95457a3c1711c9605,"Time-of-use - General Service - Demand Metered: TOU-GS-3, Option B (50kV to 220kV)",2017-01-01 07:00:00+00:00,Commercial,,3.0,True,True,strong,,
GS-3,Southern California Edison Co,539fc0ffec4f024c27d8a1f3,539fc0ffec4f024c27d8a1f3,"Time-of-use - General Service - Demand Metered: TOU-GS-3, Option A (50kV to 220kV)",2014-01-01 13:00:00+00:00,Commercial,,586e819e5457a37c711c9605,586e819e5457a37c711c9605,"Time-of-use - General Service - Demand Metered: TOU-GS-3, Option B (2kV-50kV)",2017-01-01 07:00:00+00:00,Commercial,,3.0,True,True,strong,,
GS-3,Southern California Edison Co,539fc0ffec4f024c27d8a1f3,539fc0ffec4f024c27d8a1f3,"Time-of-use - General Service - Demand Metered: TOU-GS-3, Option A (50kV to 220kV)",2014-01-01 13:00:00+00:00,Commercial,,586e7f305457a3dd711c9605,586e7f305457a3dd711c9605,"Time-of-use - General Service - Demand Metered: TOU-GS-3, Option A (at 220kV)",2017-01-01 07:00:00+00:00,Commercial,,3.0,True,True,strong,,
GS-3,Southern California Edison Co,539fc0ffec4f024c27d8a1f3,539fc0ffec4f024c27d8a1f3,"Time-of-use - General Service - Demand Metered: TOU-GS-3, Option A (50kV to 220kV)",2014-01-01 13:00:00+00:00,Commercial,,586e7f055457a3bc711c9605,586e7f055457a3bc711c9605,"Time-of-use - General Service - Demand Metered: TOU-GS-3, Option A (50kV to 220kV)",2017-01-01 07:00:00+00:00,Commercial,,3.0,True,True,strong,,
GS-3,Southern California Edison Co,539fc0ffec4f024c27d8a1f3,539fc0ffec4f024c27d8a1f3,"Time-of-use - General Service - Demand Metered: TOU-GS-3, Option A (50kV to 220kV)",2014-01-01 13:00:00+00:00,Commercial,,586e7ee45457a3c6711c9605,586e7ee45457a3c6711c9605,"Time-of-use - General Service - Demand Metered: TOU-GS-3, Option A (2kV to 50kV)",2017-01-01 07:00:00+00:00,Commercial,,3.0,True,True,strong,,
GS-3,Southern California Edison Co,539fc0ffec4f024c27d8a1f3,539fc0ffec4f024c27d8a1f3,"Time-of-use - General Service - Demand Metered: TOU-GS-3, Option A (50kV to 220kV)",2014-01-01 13:00:00+00:00,Commercial,,59c05e4b5457a37206bbb281,59c05e4b5457a37206bbb281,"TOU-GS-3, Option D",2017-12-01 08:00:00+00:00,Commercial,,3.91,True,True,strong,,
GS-3,Southern California Edison Co,539fc0ffec4f024c27d8a1f3,539fc0ffec4f024c27d8a1f3,"Time-of-use - General Service - Demand Metered: TOU-GS-3, Option A (50kV to 220kV)",2014-01-01 13:00:00+00:00,Commercial,,59c05f655457a3814ebbb27c,59c05f655457a3814ebbb27c,"TOU-GS-3, Option E",2017-12-01 08:00:00+00:00,Commercial,,3.91,True,True,strong,,
GS-3,Southern California Edison Co,539fc0ffec4f024c27d8a1f3,539fc0ffec4f024c27d8a1f3,"Time-of-use - General Service - Demand Metered: TOU-GS-3, Option A (50kV to 220kV)",2014-01-01 13:00:00+00:00,Commercial,,5b5f27b45457a34051409a7c,5b5f27b45457a34051409a7c,"Time-of-use - General Service - Demand Metered: TOU-GS-3, Option R (Under 2kV)",2017-01-01 08:00:00+00:00,Commercial,Bundled,3.0,True,False,weak,,
GS-3,Southern California Edison Co,539fc0ffec4f024c27d8a1f3,539fc0ffec4f024c27d8a1f3,"Time-of-use - General Service - Demand Metered: TOU-GS-3, Option A (50kV to 220kV)",2014-01-01 13:00:00+00:00,Commercial,,5b5f24005457a39779409a7b,5b5f24005457a39779409a7b,"Time-of-use - General Service - Demand Metered: TOU-GS-3, Option B (Under 2kV)",2017-01-01 08:00:00+00:00,Commercial,Bundled,3.0,True,False,weak,,
GS-3,Southern California Edison Co,539fc0ffec4f024c27d8a1f3,539fc0ffec4f024c27d8a1f3,"Time-of-use - General Service - Demand Metered: TOU-GS-3, Option A (50kV to 220kV)",2014-01-01 13:00:00+00:00,Commercial,,5b5f1f965457a39579409a7c,5b5f1f965457a39579409a7c,"Time-of-use - General Service - Demand Metered: TOU-GS-3, Option A (Under 2kV)",2017-01-01 08:00:00+00:00,Commercial,Bundled,3.0,True,False,weak,,
GS-3,Southern California Edison Co,539fc0ffec4f024c27d8a1f3,539fc0ffec4f024c27d8a1f3,"Time-of-use - General Service - Demand Metered: TOU-GS-3, Option A (50kV to 220kV)",2014-01-01 13:00:00+00:00,Commercial,,5b5ef3155457a39879409a7b,5b5ef3155457a39879409a7b,"Time-of-use - General Service - Demand Metered: TOU-GS-3, Option CPP (Under 2kV)",2017-01-01 08:00:00+00:00,Commercial,Bundled,3.0,True,False,weak,,
GS-3,Southern California Edison Co,539fc0ffec4f024c27d8a1f3,539fc0ffec4f024c27d8a1f3,"Time-of-use - General Service - Demand Metered: TOU-GS-3, Option A (50kV to 220kV)",2014-01-01 13:00:00+00:00,Commercial,,586e81155457a31a7a1c9605,586e81155457a31a7a1c9605,"Time of Use, General Service, Demand Metered, Option B: GS-3 TOU B (Under 2kV)",2017-01-01 07:00:00+00:00,Commercial,Bundled,3.0,True,False,weak,,
GS-3,Southern California Edison Co,539fc0ffec4f024c27d8a1f3,539fc0ffec4f024c27d8a1f3,"Time-of-use - General Service - Demand Metered: TOU-GS-3, Option A (50kV to 220kV)",2014-01-01 13:00:00+00:00,Commercial,,5b5f2c815457a39779409a7d,5b5f2c815457a39779409a7d,Time-of-use - General Service - Super Off Peak - Demand Metered: TOU-GS-3-SOP (under 2 kv),2017-01-01 08:00:00+00:00,Commercial,Bundled,3.0,True,False,weak,,
GS-3,Southern California Edison Co,539fc0ffec4f024c27d8a1f3,539fc0ffec4f024c27d8a1f3,"Time-of-use - General Service - Demand Metered: TOU-GS-3, Option A (50kV to 220kV)",2014-01-01 13:00:00+00:00,Commercial,,5b5f384f5457a39779409a7e,5b5f384f5457a39779409a7e,Time-of-use - General Service - Demand Metered - NonTOU - GS-3 - (under 2 kv),2017-01-01 08:00:00+00:00,Commercial,Bundled,3.0,True,False,weak,,
GS-2,Southern California Edison Co,539fc136ec4f024c27d8a485,539fc136ec4f024c27d8a485,"General Service - Demand: GS-2, Three Phase Service(50kV - 220 kV)",2014-01-29 13:00:00+00:00,Commercial,,557083bc5457a37a19db22a3,557083bc5457a37a19db22a3,"Time of Use, General Service, Demand Metered, Critical Peak-Lite Option: TOU-GS-2 CPP-Lite, Three Phase; REPEAT rate",2015-06-01 06:00:00+00:00,Commercial,,1.33,True,True,strong,,
GS-2,Southern California Edison Co,539fc136ec4f024c27d8a485,539fc136ec4f024c27d8a485,"General Service - Demand: GS-2, Three Phase Service(50kV - 220 kV)",2014-01-29 13:00:00+00:00,Commercial,,55707e995457a37354db22a5,55707e995457a37354db22a5,"Time of Use, General Service, Demand Metered, Critical Peak-Lite Option: TOU-GS-2 CPP-Lite, Single Phase; REPEAT rate",2015-06-01 06:00:00+00:00,Commercial,,1.33,True,True,strong,,
GS-2,Southern California Edison Co,539fc136ec4f024c27d8a485,539fc136ec4f024c27d8a485,"General Service - Demand: GS-2, Three Phase Service(50kV - 220 kV)",2014-01-29 13:00:00+00:00,Commercial,,55707a575457a37354db22a4,55707a575457a37354db22a4,"Time of Use, General Service, Demand Metered, Critical Peak Option: TOU-GS-2 CPP, Single Phase",2015-06-01 07:00:00+00:00,Commercial,,1.33,True,True,strong,,
GS-2,Southern California Edison Co,539fc136ec4f024c27d8a485,539fc136ec4f024c27d8a485,"General Service - Demand: GS-2, Three Phase Service(50kV - 220 kV)",2014-01-29 13:00:00+00:00,Commercial,,557076bc5457a3a23cdb22a6,557076bc5457a3a23cdb22a6,"Time of Use, General Service, Demand Metered, Option R: GS-2 TOU R - Three phase",2015-06-01 07:00:00+00:00,Commercial,,1.33,True,True,strong,,
GS-2,Southern California Edison Co,539fc136ec4f024c27d8a485,539fc136ec4f024c27d8a485,"General Service - Demand: GS-2, Three Phase Service(50kV - 220 kV)",2014-01-29 13:00:00+00:00,Commercial,,55705ad65457a3f449db22a3,55705ad65457a3f449db22a3,"General Service - Demand: GS-2, Single Phase Service; Closed Rate",2015-06-01 06:00:00+00:00,Commercial,,1.33,True,True,strong,,
GS-2,Southern California Edison Co,539fc136ec4f024c27d8a485,539fc136ec4f024c27d8a485,"General Service - Demand: GS-2, Three Phase Service(50kV - 220 kV)",2014-01-29 13:00:00+00:00,Commercial,,55706d4c5457a31422db22a3,55706d4c5457a31422db22a3,"Time of Use, General Service, Demand Metered, Option B: GS-2 TOU B, Three Phase",2015-06-01 07:00:00+00:00,Commercial,,1.33,True,True,strong,,
GS-2,Southern California Edison Co,539fc136ec4f024c27d8a485,539fc136ec4f024c27d8a485,"General Service - Demand: GS-2, Three Phase Service(50kV - 220 kV)",2014-01-29 13:00:00+00:00,Commercial,,557069245457a37354db22a2,557069245457a37354db22a2,"Time of Use, General Service, Demand Metered, Option B: GS-2 TOU B, Single Phase",2015-06-01 07:00:00+00:00,Commercial,,1.33,True,True,strong,,
GS-2,Southern California Edison Co,539fc136ec4f024c27d8a485,539fc136ec4f024c27d8a485,"General Service - Demand: GS-2, Three Phase Service(50kV - 220 kV)",2014-01-29 13:00:00+00:00,Commercial,,557067a65457a3b602db22a3,557067a65457a3b602db22a3,"Time of Use, General Service, Demand Metered, Option A: GS-2 TOU A, Three Phase",2015-06-01 07:00:00+00:00,Commercial,,1.33,True,True,strong,,
GS-2,Southern California Edison Co,539fc136ec4f024c27d8a485,539fc136ec4f024c27d8a485,"General Service - Demand: GS-2, Three Phase Service(50kV - 220 kV)",2014-01-29 13:00:00+00:00,Commercial,,557063955457a3fb54db22a2,557063955457a3fb54db22a2,"Time of Use, General Service, Demand Metered, Option A: GS-2 TOU A, Single Phase",2015-06-01 07:00:00+00:00,Commercial,,1.33,True,True,strong,,
GS-2,Southern California Edison Co,539fc136ec4f024c27d8a485,539fc136ec4f024c27d8a485,"General Service - Demand: GS-2, Three Phase Service(50kV - 220 kV)",2014-01-29 13:00:00+00:00,Commercial,,55705f695457a3a23cdb22a3,55705f695457a3a23cdb22a3,General Service - Demand: GS-2 - Three Phase; Closed Rate,2015-06-01 06:00:00+00:00,Commercial,,1.33,True,True,strong,,
GS-2,Southern California Edison Co,539fc136ec4f024c27d8a485,539fc136ec4f024c27d8a485,"General Service - Demand: GS-2, Three Phase Service(50kV - 220 kV)",2014-01-29 13:00:00+00:00,Commercial,,55706f305457a31422db22a4,55706f305457a31422db22a4,"Time of Use, General Service, Demand Metered, Option R: GS-2 TOU R - Single phase",2015-06-01 07:00:00+00:00,Commercial,,1.33,True,True,strong,,
GS-2,Southern California Edison Co,539fc136ec4f024c27d8a485,539fc136ec4f024c27d8a485,"General Service - Demand: GS-2, Three Phase Service(50kV - 220 kV)",2014-01-29 13:00:00+00:00,Commercial,,55707d1c5457a3f449db22a4,55707d1c5457a3f449db22a4,"Time of Use, General Service, Demand Metered, Critical Peak Option: TOU-GS-2 CPP, Three Phase",2015-06-01 07:00:00+00:00,Commercial,,1.33,True,True,strong,,
GS-2,Southern California Edison Co,539fc136ec4f024c27d8a485,539fc136ec4f024c27d8a485,"General Service - Demand: GS-2, Three Phase Service(50kV - 220 kV)",2014-01-29 13:00:00+00:00,Commercial,,574f6b105457a3d8785e629e,574f6b105457a3d8785e629e,"Time of Use, General Service, Demand Metered, TOU-GS-2, Option B",2016-05-02 06:00:00+00:00,Commercial,,2.25,True,True,strong,,
GS-2,Southern California Edison Co,539fc136ec4f024c27d8a485,539fc136ec4f024c27d8a485,"General Service - Demand: GS-2, Three Phase Service(50kV - 220 kV)",2014-01-29 13:00:00+00:00,Commercial,,586d4bf65457a366061c9606,586d4bf65457a366061c9606,"Time of Use, General Service, Demand Metered, Option GS-2 TOU A, Single Phase (At 220kV)",2017-01-01 07:00:00+00:00,Commercial,,2.92,True,True,strong,,
GS-2,Southern California Edison Co,539fc136ec4f024c27d8a485,539fc136ec4f024c27d8a485,"General Service - Demand: GS-2, Three Phase Service(50kV - 220 kV)",2014-01-29 13:00:00+00:00,Commercial,,586d4ca75457a348111c9605,586d4ca75457a348111c9605,"Time of Use, General Service, Demand Metered, Option A: GS-2 TOU A, Three Phase (At 220kV)",2017-01-01 07:00:00+00:00,Commercial,,2.92,True,True,strong,,
GS-2,Southern California Edison Co,539fc136ec4f024c27d8a485,539fc136ec4f024c27d8a485,"General Service - Demand: GS-2, Three Phase Service(50kV - 220 kV)",2014-01-29 13:00:00+00:00,Commercial,,59c05cde5457a30837bbb280,59c05cde5457a30837bbb280,"TOU-GS-2, Option E",2017-12-01 08:00:00+00:00,Commercial,,3.84,True,True,strong,,
GS-2,Southern California Edison Co,539fc136ec4f024c27d8a485,539fc136ec4f024c27d8a485,"General Service - Demand: GS-2, Three Phase Service(50kV - 220 kV)",2014-01-29 13:00:00+00:00,Commercial,,5c9114ea5457a37e5307bc77,5c9114ea5457a37e5307bc77,"Time of Use, General Service, Demand Metered, Option D: GS-2 TOU D, Three Phase (Under 2 kV)",2015-02-28 08:00:00+00:00,Commercial,Bundled,1.08,True,False,weak,,
GS-2,Southern California Edison Co,539fc136ec4f024c27d8a485,539fc136ec4f024c27d8a485,"General Service - Demand: GS-2, Three Phase Service(50kV - 220 kV)",2014-01-29 13:00:00+00:00,Commercial,,5c9080fb5457a3102a07bc77,5c9080fb5457a3102a07bc77,"Time of Use, General Service, Demand Metered, Option E: GS-2 TOU E, Three Phase (Under 2 kV)",2015-02-28 08:00:00+00:00,Commercial,Bundled,1.08,True,False,weak,,
GS-2,Southern California Edison Co,539fc136ec4f024c27d8a485,539fc136ec4f024c27d8a485,"General Service - Demand: GS-2, Three Phase Service(50kV - 220 kV)",2014-01-29 13:00:00+00:00,Commercial,,59c05bc05457a30837bbb27f,59c05bc05457a30837bbb27f,"TOU-GS-2, Option D",2017-12-01 08:00:00+00:00,Commercial,Delivery with Standard Offer,3.84,True,False,weak,,
TOU-8,Southern California Edison Co,539fc183ec4f024c27d8a7c1,5c8180397bece2299eceb3ba,"Time-Of-Use - General Service - Large: TOU-8, Option A (above 50kV)",2018-10-01 07:00:00+00:00,Commercial,Bundled,5cdbb2615457a3b72b40c5d4,5cdbb2615457a3b72b40c5d4,"Time-Of-Use - General Service - Large: TOU-8, Option E (Under 2 kV)",2019-04-12 07:00:00+00:00,Commercial,Bundled,0.53,True,True,strong,,
TOU-8,Southern California Edison Co,539fc183ec4f024c27d8a7c1,5c8180397bece2299eceb3ba,"Time-Of-Use - General Service - Large: TOU-8, Option A (above 50kV)",2018-10-01 07:00:00+00:00,Commercial,Bundled,5cdbb4e05457a3616340c5d4,5cdbb4e05457a3616340c5d4,"Time-Of-Use - General Service - Large: TOU-8, Option D (Under 2 kV)",2019-04-12 07:00:00+00:00,Commercial,Bundled,0.53,True,True,strong,,
GS-3,Southern California Edison Co,539fc25dec4f024c27d8b0d1,539fc25dec4f024c27d8b0d1,Time-Of-Use - General Service - Demand Metered: TOU-GS-3 Option CPP (At 220kV),2014-01-01 13:00:00+00:00,Commercial,,557086ae5457a3f449db22a6,557086ae5457a3f449db22a6,"Time-of-use - General Service - Demand Metered: TOU-GS-3, Option A; REPEAT Rate",2015-06-01 06:00:00+00:00,Commercial,,1.41,True,True,strong,,
GS-3,Southern California Edison Co,539fc25dec4f024c27d8b0d1,539fc25dec4f024c27d8b0d1,Time-Of-Use - General Service - Demand Metered: TOU-GS-3 Option CPP (At 220kV),2014-01-01 13:00:00+00:00,Commercial,,55709cef5457a3b71fdb22a2,55709cef5457a3b71fdb22a2,"Time-of-use - General Service - Demand Metered: TOU-GS-3, Option R",2015-06-01 07:00:00+00:00,Commercial,,1.41,True,True,strong,,
GS-3,Southern California Edison Co,539fc25dec4f024c27d8b0d1,539fc25dec4f024c27d8b0d1,Time-Of-Use - General Service - Demand Metered: TOU-GS-3 Option CPP (At 220kV),2014-01-01 13:00:00+00:00,Commercial,,5570a0385457a33467db22a3,5570a0385457a33467db22a3,Time-Of-Use - General Service - Demand Metered: TOU-GS-3 Option CPP,2015-06-01 07:00:00+00:00,Commercial,,1.41,True,True,strong,,
GS-3,Southern California Edison Co,539fc25dec4f024c27d8b0d1,539fc25dec4f024c27d8b0d1,Time-Of-Use - General Service - Demand Metered: TOU-GS-3 Option CPP (At 220kV),2014-01-01 13:00:00+00:00,Commercial,,5570b8575457a37a19db22a6,5570b8575457a37a19db22a6,Time-of-use - General Service - Demand Metered-Super Off Peak: TOU-GS-3-SOP,2015-06-01 07:00:00+00:00,Commercial,,1.41,True,True,strong,,
GS-3,Southern California Edison Co,539fc25dec4f024c27d8b0d1,539fc25dec4f024c27d8b0d1,Time-Of-Use - General Service - Demand Metered: TOU-GS-3 Option CPP (At 220kV),2014-01-01 13:00:00+00:00,Commercial,,55708b045457a33467db22a2,55708b045457a33467db22a2,"Time-of-use - General Service - Demand Metered: TOU-GS-3, Option B",2016-01-01 08:00:00+00:00,Commercial,,2.0,True,True,strong,,
GS-3,Southern California Edison Co,539fc25dec4f024c27d8b0d1,539fc25dec4f024c27d8b0d1,Time-Of-Use - General Service - Demand Metered: TOU-GS-3 Option CPP (At 220kV),2014-01-01 13:00:00+00:00,Commercial,,586e87cc5457a3bc711c9606,586e87cc5457a3bc711c9606,"Time-of-use - General Service - Demand Metered: TOU-GS-3, Option R (50kV-220kV)",2017-01-01 07:00:00+00:00,Commercial,,3.0,True,True,strong,,
GS-3,Southern California Edison Co,539fc25dec4f024c27d8b0d1,539fc25dec4f024c27d8b0d1,Time-Of-Use - General Service - Demand Metered: TOU-GS-3 Option CPP (At 220kV),2014-01-01 13:00:00+00:00,Commercial,,586e86b95457a3d3711c9605,586e86b95457a3d3711c9605,"Time-of-use - General Service - Demand Metered: TOU-GS-3, Option R (2kV to 50kV)",2017-01-01 07:00:00+00:00,Commercial,,3.0,True,True,strong,,
GS-3,Southern California Edison Co,539fc25dec4f024c27d8b0d1,539fc25dec4f024c27d8b0d1,Time-Of-Use - General Service - Demand Metered: TOU-GS-3 Option CPP (At 220kV),2014-01-01 13:00:00+00:00,Commercial,,586e82f95457a3c1711c9605,586e82f95457a3c1711c9605,"Time-of-use - General Service - Demand Metered: TOU-GS-3, Option B (50kV to 220kV)",2017-01-01 07:00:00+00:00,Commercial,,3.0,True,True,strong,,
GS-3,Southern California Edison Co,539fc25dec4f024c27d8b0d1,539fc25dec4f024c27d8b0d1,Time-Of-Use - General Service - Demand Metered: TOU-GS-3 Option CPP (At 220kV),2014-01-01 13:00:00+00:00,Commercial,,586e819e5457a37c711c9605,586e819e5457a37c711c9605,"Time-of-use - General Service - Demand Metered: TOU-GS-3, Option B (2kV-50kV)",2017-01-01 07:00:00+00:00,Commercial,,3.0,True,True,strong,,
GS-3,Southern California Edison Co,539fc25dec4f024c27d8b0d1,539fc25dec4f024c27d8b0d1,Time-Of-Use - General Service - Demand Metered: TOU-GS-3 Option CPP (At 220kV),2014-01-01 13:00:00+00:00,Commercial,,586e7f305457a3dd711c9605,586e7f305457a3dd711c9605,"Time-of-use - General Service - Demand Metered: TOU-GS-3, Option A (at 220kV)",2017-01-01 07:00:00+00:00,Commercial,,3.0,True,True,strong,,
GS-3,Southern California Edison Co,539fc25dec4f024c27d8b0d1,539fc25dec4f024c27d8b0d1,Time-Of-Use - General Service - Demand Metered: TOU-GS-3 Option CPP (At 220kV),2014-01-01 13:00:00+00:00,Commercial,,586e7f055457a3bc711c9605,586e7f055457a3bc711c9605,"Time-of-use - General Service - Demand Metered: TOU-GS-3, Option A (50kV to 220kV)",2017-01-01 07:00:00+00:00,Commercial,,3.0,True,True,strong,,
GS-3,Southern California Edison Co,539fc25dec4f024c27d8b0d1,539fc25dec4f024c27d8b0d1,Time-Of-Use - General Service - Demand Metered: TOU-GS-3 Option CPP (At 220kV),2014-01-01 13:00:00+00:00,Commercial,,586e7ee45457a3c6711c9605,586e7ee45457a3c6711c9605,"Time-of-use - General Service - Demand Metered: TOU-GS-3, Option A (2kV to 50kV)",2017-01-01 07:00:00+00:00,Commercial,,3.0,True,True,strong,,
GS-3,Southern California Edison Co,539fc25dec4f024c27d8b0d1,539fc25dec4f024c27d8b0d1,Time-Of-Use - General Service - Demand Metered: TOU-GS-3 Option CPP (At 220kV),2014-01-01 13:00:00+00:00,Commercial,,59c05e4b5457a37206bbb281,59c05e4b5457a37206bbb281,"TOU-GS-3, Option D",2017-12-01 08:00:00+00:00,Commercial,,3.91,True,True,strong,,
GS-3,Southern California Edison Co,539fc25dec4f024c27d8b0d1,539fc25dec4f024c27d8b0d1,Time-Of-Use - General Service - Demand Metered: TOU-GS-3 Option CPP (At 220kV),2014-01-01 13:00:00+00:00,Commercial,,59c05f655457a3814ebbb27c,59c05f655457a3814ebbb27c,"TOU-GS-3, Option E",2017-12-01 08:00:00+00:00,Commercial,,3.91,True,True,strong,,
GS-3,Southern California Edison Co,539fc25dec4f024c27d8b0d1,539fc25dec4f024c27d8b0d1,Time-Of-Use - General Service - Demand Metered: TOU-GS-3 Option CPP (At 220kV),2014-01-01 13:00:00+00:00,Commercial,,5b5f27b45457a34051409a7c,5b5f27b45457a34051409a7c,"Time-of-use - General Service - Demand Metered: TOU-GS-3, Option R (Under 2kV)",2017-01-01 08:00:00+00:00,Commercial,Bundled,3.0,True,False,weak,,
GS-3,Southern California Edison Co,539fc25dec4f024c27d8b0d1,539fc25dec4f024c27d8b0d1,Time-Of-Use - General Service - Demand Metered: TOU-GS-3 Option CPP (At 220kV),2014-01-01 13:00:00+00:00,Commercial,,5b5f24005457a39779409a7b,5b5f24005457a39779409a7b,"Time-of-use - General Service - Demand Metered: TOU-GS-3, Option B (Under 2kV)",2017-01-01 08:00:00+00:00,Commercial,Bundled,3.0,True,False,weak,,
GS-3,Southern California Edison Co,539fc25dec4f024c27d8b0d1,539fc25dec4f024c27d8b0d1,Time-Of-Use - General Service - Demand Metered: TOU-GS-3 Option CPP (At 220kV),2014-01-01 13:00:00+00:00,Commercial,,5b5f1f965457a39579409a7c,5b5f1f965457a39579409a7c,"Time-of-use - General Service - Demand Metered: TOU-GS-3, Option A (Under 2kV)",2017-01-01 08:00:00+00:00,Commercial,Bundled,3.0,True,False,weak,,
GS-3,Southern California Edison Co,539fc25dec4f024c27d8b0d1,539fc25dec4f024c27d8b0d1,Time-Of-Use - General Service - Demand Metered: TOU-GS-3 Option CPP (At 220kV),2014-01-01 13:00:00+00:00,Commercial,,5b5ef3155457a39879409a7b,5b5ef3155457a39879409a7b,"Time-of-use - General Service - Demand Metered: TOU-GS-3, Option CPP (Under 2kV)",2017-01-01 08:00:00+00:00,Commercial,Bundled,3.0,True,False,weak,,
GS-3,Southern California Edison Co,539fc25dec4f024c27d8b0d1,539fc25dec4f024c27d8b0d1,Time-Of-Use - General Service - Demand Metered: TOU-GS-3 Option CPP (At 220kV),2014-01-01 13:00:00+00:00,Commercial,,586e81155457a31a7a1c9605,586e81155457a31a7a1c9605,"Time of Use, General Service, Demand Metered, Option B: GS-3 TOU B (Under 2kV)",2017-01-01 07:00:00+00:00,Commercial,Bundled,3.0,True,False,weak,,
GS-3,Southern California Edison Co,539fc25dec4f024c27d8b0d1,539fc25dec4f024c27d8b0d1,Time-Of-Use - General Service - Demand Metered: TOU-GS-3 Option CPP (At 220kV),2014-01-01 13:00:00+00:00,Commercial,,5b5f2c815457a39779409a7d,5b5f2c815457a39779409a7d,Time-of-use - General Service - Super Off Peak - Demand Metered: TOU-GS-3-SOP (under 2 kv),2017-01-01 08:00:00+00:00,Commercial,Bundled,3.0,True,False,weak,,
GS-3,Southern California Edison Co,539fc25dec4f024c27d8b0d1,539fc25dec4f024c27d8b0d1,Time-Of-Use - General Service - Demand Metered: TOU-GS-3 Option CPP (At 220kV),2014-01-01 13:00:00+00:00,Commercial,,5b5f384f5457a39779409a7e,5b5f384f5457a39779409a7e,Time-of-use - General Service - Demand Metered - NonTOU - GS-3 - (under 2 kv),2017-01-01 08:00:00+00:00,Commercial,Bundled,3.0,True,False,weak,,
GS-2,Southern California Edison Co,539fc345ec4f024c27d8baa1,5c81808f7bece2299eceb3d6,"Time of Use, General Service, Demand Metered, Option A: GS-2 TOU A, Three Phase (50kV - 220kV)",2018-10-01 07:00:00+00:00,Commercial,Bundled,5cdb9d385457a3616340c5d2,5cdb9d385457a3616340c5d2,"Time of Use, General Service, Demand Metered, Option E: GS-2 TOU E, Three Phase (Under 2 kV)",2019-04-12 07:00:00+00:00,Commercial,Bundled,0.53,True,True,strong,,
GS-2,Southern California Edison Co,539fc345ec4f024c27d8baa1,5c81808f7bece2299eceb3d6,"Time of Use, General Service, Demand Metered, Option A: GS-2 TOU A, Three Phase (50kV - 220kV)",2018-10-01 07:00:00+00:00,Commercial,Bundled,5cdb9e605457a3b72b40c5d3,5cdb9e605457a3b72b40c5d3,"Time of Use, General Service, Demand Metered, Option D: GS-2 TOU D, Three Phase (Under 2 kV)",2019-04-12 07:00:00+00:00,Commercial,Bundled,0.53,True,True,strong,,
GS-2,Southern California Edison Co,539fc37bec4f024c27d8bc61,56b929a85457a3236648d233,"Time of Use, General Service, Demand Metered, Critical Peak-Lite Option: TOU-GS-2 CPP-Lite, Three Phase (At 220kV)",2016-01-01 07:00:00+00:00,Commercial,,574f6b105457a3d8785e629e,574f6b105457a3d8785e629e,"Time of Use, General Service, Demand Metered, TOU-GS-2, Option B",2016-05-02 06:00:00+00:00,Commercial,,0.33,True,True,strong,,
GS-2,Southern California Edison Co,539fc37bec4f024c27d8bc61,56b929a85457a3236648d233,"Time of Use, General Service, Demand Metered, Critical Peak-Lite Option: TOU-GS-2 CPP-Lite, Three Phase (At 220kV)",2016-01-01 07:00:00+00:00,Commercial,,586d4bf65457a366061c9606,586d4bf65457a366061c9606,"Time of Use, General Service, Demand Metered, Option GS-2 TOU A, Single Phase (At 220kV)",2017-01-01 07:00:00+00:00,Commercial,,1.0,True,True,strong,,
GS-2,Southern California Edison Co,539fc37bec4f024c27d8bc61,56b929a85457a3236648d233,"Time of Use, General Service, Demand Metered, Critical Peak-Lite Option: TOU-GS-2 CPP-Lite, Three Phase (At 220kV)",2016-01-01 07:00:00+00:00,Commercial,,586d4ca75457a348111c9605,586d4ca75457a348111c9605,"Time of Use, General Service, Demand Metered, Option A: GS-2 TOU A, Three Phase (At 220kV)",2017-01-01 07:00:00+00:00,Commercial,,1.0,True,True,strong,,
GS-2,Southern California Edison Co,539fc37bec4f024c27d8bc61,56b929a85457a3236648d233,"Time of Use, General Service, Demand Metered, Critical Peak-Lite Option: TOU-GS-2 CPP-Lite, Three Phase (At 220kV)",2016-01-01 07:00:00+00:00,Commercial,,59c05cde5457a30837bbb280,59c05cde5457a30837bbb280,"TOU-GS-2, Option E",2017-12-01 08:00:00+00:00,Commercial,,1.92,True,True,strong,,
GS-2,Southern California Edison Co,539fc37bec4f024c27d8bc61,56b929a85457a3236648d233,"Time of Use, General Service, Demand Metered, Critical Peak-Lite Option: TOU-GS-2 CPP-Lite, Three Phase (At 220kV)",2016-01-01 07:00:00+00:00,Commercial,,59c05bc05457a30837bbb27f,59c05bc05457a30837bbb27f,"TOU-GS-2, Option D",2017-12-01 08:00:00+00:00,Commercial,Delivery with Standard Offer,1.92,True,False,weak,,
GS-2,Southern California Edison Co,539fc37bec4f024c27d8bc61,56b929a85457a3236648d233,"Time of Use, General Service, Demand Metered, Critical Peak-Lite Option: TOU-GS-2 CPP-Lite, Three Phase (At 220kV)",2016-01-01 07:00:00+00:00,Commercial,,5bc7ba425457a3b5483b43ed,5bc7ba425457a3b5483b43ed,"TOU-GS-2, Option A",2018-10-01 06:00:00+00:00,Commercial,Bundled,2.75,True,False,weak,,
GS-2,Southern California Edison Co,539fc37bec4f024c27d8bc61,56b929a85457a3236648d233,"Time of Use, General Service, Demand Metered, Critical Peak-Lite Option: TOU-GS-2 CPP-Lite, Three Phase (At 220kV)",2016-01-01 07:00:00+00:00,Commercial,,5bc7bc025457a32d493b43ed,5bc7bc025457a32d493b43ed,"TOU-GS-2, Option B",2018-10-01 06:00:00+00:00,Commercial,Bundled,2.75,True,False,weak,,
GS-2,Southern California Edison Co,539fc37bec4f024c27d8bc61,56b929a85457a3236648d233,"Time of Use, General Service, Demand Metered, Critical Peak-Lite Option: TOU-GS-2 CPP-Lite, Three Phase (At 220kV)",2016-01-01 07:00:00+00:00,Commercial,,5bc7be2a5457a3a2783b43ed,5bc7be2a5457a3a2783b43ed,"TOU-GS-2, Option R",2018-10-01 06:00:00+00:00,Commercial,Bundled,2.75,True,False,weak,,
GS-2,Southern California Edison Co,539fc37bec4f024c27d8bc61,56b929a85457a3236648d233,"Time of Use, General Service, Demand Metered, Critical Peak-Lite Option: TOU-GS-2 CPP-Lite, Three Phase (At 220kV)",2016-01-01 07:00:00+00:00,Commercial,,5cdb9d385457a3616340c5d2,5cdb9d385457a3616340c5d2,"Time of Use, General Service, Demand Metered, Option E: GS-2 TOU E, Three Phase (Under 2 kV)",2019-04-12 07:00:00+00:00,Commercial,Bundled,3.28,True,False,weak,,
GS-2,Southern California Edison Co,539fc37bec4f024c27d8bc61,56b929a85457a3236648d233,"Time of Use, General Service, Demand Metered, Critical Peak-Lite Option: TOU-GS-2 CPP-Lite, Three Phase (At 220kV)",2016-01-01 07:00:00+00:00,Commercial,,5cdb9e605457a3b72b40c5d3,5cdb9e605457a3b72b40c5d3,"Time of Use, General Service, Demand Metered, Option D: GS-2 TOU D, Three Phase (Under 2 kV)",2019-04-12 07:00:00+00:00,Commercial,Bundled,3.28,True,False,weak,,
GS-2,Southern California Edison Co,539fc38eec4f024c27d8bd33,56b92b4e5457a3030348d236,"Time of Use, General Service, Demand Metered, Critical Peak-Lite Option: TOU-GS-2 CPP-Lite, Three Phase (50kV-220kV)",2016-01-01 07:00:00+00:00,Commercial,,574f6b105457a3d8785e629e,574f6b105457a3d8785e629e,"Time of Use, General Service, Demand Metered, TOU-GS-2, Option B",2016-05-02 06:00:00+00:00,Commercial,,0.33,True,True,strong,,
GS-2,Southern California Edison Co,539fc38eec4f024c27d8bd33,56b92b4e5457a3030348d236,"Time of Use, General Service, Demand Metered, Critical Peak-Lite Option: TOU-GS-2 CPP-Lite, Three Phase (50kV-220kV)",2016-01-01 07:00:00+00:00,Commercial,,586d4bf65457a366061c9606,586d4bf65457a366061c9606,"Time of Use, General Service, Demand Metered, Option GS-2 TOU A, Single Phase (At 220kV)",2017-01-01 07:00:00+00:00,Commercial,,1.0,True,True,strong,,
GS-2,Southern California Edison Co,539fc38eec4f024c27d8bd33,56b92b4e5457a3030348d236,"Time of Use, General Service, Demand Metered, Critical Peak-Lite Option: TOU-GS-2 CPP-Lite, Three Phase (50kV-220kV)",2016-01-01 07:00:00+00:00,Commercial,,586d4ca75457a348111c9605,586d4ca75457a348111c9605,"Time of Use, General Service, Demand Metered, Option A: GS-2 TOU A, Three Phase (At 220kV)",2017-01-01 07:00:00+00:00,Commercial,,1.0,True,True,strong,,
GS-2,Southern California Edison Co,539fc38eec4f024c27d8bd33,56b92b4e5457a3030348d236,"Time of Use, General Service, Demand Metered, Critical Peak-Lite Option: TOU-GS-2 CPP-Lite, Three Phase (50kV-220kV)",2016-01-01 07:00:00+00:00,Commercial,,59c05cde5457a30837bbb280,59c05cde5457a30837bbb280,"TOU-GS-2, Option E",2017-12-01 08:00:00+00:00,Commercial,,1.92,True,True,strong,,
GS-2,Southern California Edison Co,539fc38eec4f024c27d8bd33,56b92b4e5457a3030348d236,"Time of Use, General Service, Demand Metered, Critical Peak-Lite Option: TOU-GS-2 CPP-Lite, Three Phase (50kV-220kV)",2016-01-01 07:00:00+00:00,Commercial,,59c05bc05457a30837bbb27f,59c05bc05457a30837bbb27f,"TOU-GS-2, Option D",2017-12-01 08:00:00+00:00,Commercial,Delivery with Standard Offer,1.92,True,False,weak,,
GS-2,Southern California Edison Co,539fc38eec4f024c27d8bd33,56b92b4e5457a3030348d236,"Time of Use, General Service, Demand Metered, Critical Peak-Lite Option: TOU-GS-2 CPP-Lite, Three Phase (50kV-220kV)",2016-01-01 07:00:00+00:00,Commercial,,5bc7ba425457a3b5483b43ed,5bc7ba425457a3b5483b43ed,"TOU-GS-2, Option A",2018-10-01 06:00:00+00:00,Commercial,Bundled,2.75,True,False,weak,,
GS-2,Southern California Edison Co,539fc38eec4f024c27d8bd33,56b92b4e5457a3030348d236,"Time of Use, General Service, Demand Metered, Critical Peak-Lite Option: TOU-GS-2 CPP-Lite, Three Phase (50kV-220kV)",2016-01-01 07:00:00+00:00,Commercial,,5bc7bc025457a32d493b43ed,5bc7bc025457a32d493b43ed,"TOU-GS-2, Option B",2018-10-01 06:00:00+00:00,Commercial,Bundled,2.75,True,False,weak,,
GS-2,Southern California Edison Co,539fc38eec4f024c27d8bd33,56b92b4e5457a3030348d236,"Time of Use, General Service, Demand Metered, Critical Peak-Lite Option: TOU-GS-2 CPP-Lite, Three Phase (50kV-220kV)",2016-01-01 07:00:00+00:00,Commercial,,5bc7be2a5457a3a2783b43ed,5bc7be2a5457a3a2783b43ed,"TOU-GS-2, Option R",2018-10-01 06:00:00+00:00,Commercial,Bundled,2.75,True,False,weak,,
GS-2,Southern California Edison Co,539fc38eec4f024c27d8bd33,56b92b4e5457a3030348d236,"Time of Use, General Service, Demand Metered, Critical Peak-Lite Option: TOU-GS-2 CPP-Lite, Three Phase (50kV-220kV)",2016-01-01 07:00:00+00:00,Commercial,,5cdb9d385457a3616340c5d2,5cdb9d385457a3616340c5d2,"Time of Use, General Service, Demand Metered, Option E: GS-2 TOU E, Three Phase (Under 2 kV)",2019-04-12 07:00:00+00:00,Commercial,Bundled,3.28,True,False,weak,,
GS-2,Southern California Edison Co,539fc38eec4f024c27d8bd33,56b92b4e5457a3030348d236,"Time of Use, General Service, Demand Metered, Critical Peak-Lite Option: TOU-GS-2 CPP-Lite, Three Phase (50kV-220kV)",2016-01-01 07:00:00+00:00,Commercial,,5cdb9e605457a3b72b40c5d3,5cdb9e605457a3b72b40c5d3,"Time of Use, General Service, Demand Metered, Option D: GS-2 TOU D, Three Phase (Under 2 kV)",2019-04-12 07:00:00+00:00,Commercial,Bundled,3.28,True,False,weak,,
GS-2,Southern California Edison Co,539fc435ec4f024c27d8c46b,539fc435ec4f024c27d8c46b,"Time of Use, General Service, Demand Metered, Option A: GS-2 TOU A, Three Phase (At 220kV)",2014-01-01 13:00:00+00:00,Commercial,,557083bc5457a37a19db22a3,557083bc5457a37a19db22a3,"Time of Use, General Service, Demand Metered, Critical Peak-Lite Option: TOU-GS-2 CPP-Lite, Three Phase; REPEAT rate",2015-06-01 06:00:00+00:00,Commercial,,1.41,True,True,strong,,
GS-2,Southern California Edison Co,539fc435ec4f024c27d8c46b,539fc435ec4f024c27d8c46b,"Time of Use, General Service, Demand Metered, Option A: GS-2 TOU A, Three Phase (At 220kV)",2014-01-01 13:00:00+00:00,Commercial,,55707e995457a37354db22a5,55707e995457a37354db22a5,"Time of Use, General Service, Demand Metered, Critical Peak-Lite Option: TOU-GS-2 CPP-Lite, Single Phase; REPEAT rate",2015-06-01 06:00:00+00:00,Commercial,,1.41,True,True,strong,,
GS-2,Southern California Edison Co,539fc435ec4f024c27d8c46b,539fc435ec4f024c27d8c46b,"Time of Use, General Service, Demand Metered, Option A: GS-2 TOU A, Three Phase (At 220kV)",2014-01-01 13:00:00+00:00,Commercial,,55707a575457a37354db22a4,55707a575457a37354db22a4,"Time of Use, General Service, Demand Metered, Critical Peak Option: TOU-GS-2 CPP, Single Phase",2015-06-01 07:00:00+00:00,Commercial,,1.41,True,True,strong,,
GS-2,Southern California Edison Co,539fc435ec4f024c27d8c46b,539fc435ec4f024c27d8c46b,"Time of Use, General Service, Demand Metered, Option A: GS-2 TOU A, Three Phase (At 220kV)",2014-01-01 13:00:00+00:00,Commercial,,557076bc5457a3a23cdb22a6,557076bc5457a3a23cdb22a6,"Time of Use, General Service, Demand Metered, Option R: GS-2 TOU R - Three phase",2015-06-01 07:00:00+00:00,Commercial,,1.41,True,True,strong,,
GS-2,Southern California Edison Co,539fc435ec4f024c27d8c46b,539fc435ec4f024c27d8c46b,"Time of Use, General Service, Demand Metered, Option A: GS-2 TOU A, Three Phase (At 220kV)",2014-01-01 13:00:00+00:00,Commercial,,55705ad65457a3f449db22a3,55705ad65457a3f449db22a3,"General Service - Demand: GS-2, Single Phase Service; Closed Rate",2015-06-01 06:00:00+00:00,Commercial,,1.41,True,True,strong,,
GS-2,Southern California Edison Co,539fc435ec4f024c27d8c46b,539fc435ec4f024c27d8c46b,"Time of Use, General Service, Demand Metered, Option A: GS-2 TOU A, Three Phase (At 220kV)",2014-01-01 13:00:00+00:00,Commercial,,55706d4c5457a31422db22a3,55706d4c5457a31422db22a3,"Time of Use, General Service, Demand Metered, Option B: GS-2 TOU B, Three Phase",2015-06-01 07:00:00+00:00,Commercial,,1.41,True,True,strong,,
GS-2,Southern California Edison Co,539fc435ec4f024c27d8c46b,539fc435ec4f024c27d8c46b,"Time of Use, General Service, Demand Metered, Option A: GS-2 TOU A, Three Phase (At 220kV)",2014-01-01 13:00:00+00:00,Commercial,,557069245457a37354db22a2,557069245457a37354db22a2,"Time of Use, General Service, Demand Metered, Option B: GS-2 TOU B, Single Phase",2015-06-01 07:00:00+00:00,Commercial,,1.41,True,True,strong,,
GS-2,Southern California Edison Co,539fc435ec4f024c27d8c46b,539fc435ec4f024c27d8c46b,"Time of Use, General Service, Demand Metered, Option A: GS-2 TOU A, Three Phase (At 220kV)",2014-01-01 13:00:00+00:00,Commercial,,557067a65457a3b602db22a3,557067a65457a3b602db22a3,"Time of Use, General Service, Demand Metered, Option A: GS-2 TOU A, Three Phase",2015-06-01 07:00:00+00:00,Commercial,,1.41,True,True,strong,,
GS-2,Southern California Edison Co,539fc435ec4f024c27d8c46b,539fc435ec4f024c27d8c46b,"Time of Use, General Service, Demand Metered, Option A: GS-2 TOU A, Three Phase (At 220kV)",2014-01-01 13:00:00+00:00,Commercial,,557063955457a3fb54db22a2,557063955457a3fb54db22a2,"Time of Use, General Service, Demand Metered, Option A: GS-2 TOU A, Single Phase",2015-06-01 07:00:00+00:00,Commercial,,1.41,True,True,strong,,
GS-2,Southern California Edison Co,539fc435ec4f024c27d8c46b,539fc435ec4f024c27d8c46b,"Time of Use, General Service, Demand Metered, Option A: GS-2 TOU A, Three Phase (At 220kV)",2014-01-01 13:00:00+00:00,Commercial,,55705f695457a3a23cdb22a3,55705f695457a3a23cdb22a3,General Service - Demand: GS-2 - Three Phase; Closed Rate,2015-06-01 06:00:00+00:00,Commercial,,1.41,True,True,strong,,
GS-2,Southern California Edison Co,539fc435ec4f024c27d8c46b,539fc435ec4f024c27d8c46b,"Time of Use, General Service, Demand Metered, Option A: GS-2 TOU A, Three Phase (At 220kV)",2014-01-01 13:00:00+00:00,Commercial,,55706f305457a31422db22a4,55706f305457a31422db22a4,"Time of Use, General Service, Demand Metered, Option R: GS-2 TOU R - Single phase",2015-06-01 07:00:00+00:00,Commercial,,1.41,True,True,strong,,
GS-2,Southern California Edison Co,539fc435ec4f024c27d8c46b,539fc435ec4f024c27d8c46b,"Time of Use, General Service, Demand Metered, Option A: GS-2 TOU A, Three Phase (At 220kV)",2014-01-01 13:00:00+00:00,Commercial,,55707d1c5457a3f449db22a4,55707d1c5457a3f449db22a4,"Time of Use, General Service, Demand Metered, Critical Peak Option: TOU-GS-2 CPP, Three Phase",2015-06-01 07:00:00+00:00,Commercial,,1.41,True,True,strong,,
GS-2,Southern California Edison Co,539fc435ec4f024c27d8c46b,539fc435ec4f024c27d8c46b,"Time of Use, General Service, Demand Metered, Option A: GS-2 TOU A, Three Phase (At 220kV)",2014-01-01 13:00:00+00:00,Commercial,,574f6b105457a3d8785e629e,574f6b105457a3d8785e629e,"Time of Use, General Service, Demand Metered, TOU-GS-2, Option B",2016-05-02 06:00:00+00:00,Commercial,,2.33,True,True,strong,,
GS-2,Southern California Edison Co,539fc435ec4f024c27d8c46b,539fc435ec4f024c27d8c46b,"Time of Use, General Service, Demand Metered, Option A: GS-2 TOU A, Three Phase (At 220kV)",2014-01-01 13:00:00+00:00,Commercial,,586d4bf65457a366061c9606,586d4bf65457a366061c9606,"Time of Use, General Service, Demand Metered, Option GS-2 TOU A, Single Phase (At 220kV)",2017-01-01 07:00:00+00:00,Commercial,,3.0,True,True,strong,,
GS-2,Southern California Edison Co,539fc435ec4f024c27d8c46b,539fc435ec4f024c27d8c46b,"Time of Use, General Service, Demand Metered, Option A: GS-2 TOU A, Three Phase (At 220kV)",2014-01-01 13:00:00+00:00,Commercial,,586d4ca75457a348111c9605,586d4ca75457a348111c9605,"Time of Use, General Service, Demand Metered, Option A: GS-2 TOU A, Three Phase (At 220kV)",2017-01-01 07:00:00+00:00,Commercial,,3.0,True,True,strong,,
GS-2,Southern California Edison Co,539fc435ec4f024c27d8c46b,539fc435ec4f024c27d8c46b,"Time of Use, General Service, Demand Metered, Option A: GS-2 TOU A, Three Phase (At 220kV)",2014-01-01 13:00:00+00:00,Commercial,,59c05cde5457a30837bbb280,59c05cde5457a30837bbb280,"TOU-GS-2, Option E",2017-12-01 08:00:00+00:00,Commercial,,3.91,True,True,strong,,
GS-2,Southern California Edison Co,539fc435ec4f024c27d8c46b,539fc435ec4f024c27d8c46b,"Time of Use, General Service, Demand Metered, Option A: GS-2 TOU A, Three Phase (At 220kV)",2014-01-01 13:00:00+00:00,Commercial,,5c9114ea5457a37e5307bc77,5c9114ea5457a37e5307bc77,"Time of Use, General Service, Demand Metered, Option D: GS-2 TOU D, Three Phase (Under 2 kV)",2015-02-28 08:00:00+00:00,Commercial,Bundled,1.16,True,False,weak,,
GS-2,Southern California Edison Co,539fc435ec4f024c27d8c46b,539fc435ec4f024c27d8c46b,"Time of Use, General Service, Demand Metered, Option A: GS-2 TOU A, Three Phase (At 220kV)",2014-01-01 13:00:00+00:00,Commercial,,5c9080fb5457a3102a07bc77,5c9080fb5457a3102a07bc77,"Time of Use, General Service, Demand Metered, Option E: GS-2 TOU E, Three Phase (Under 2 kV)",2015-02-28 08:00:00+00:00,Commercial,Bundled,1.16,True,False,weak,,
GS-2,Southern California Edison Co,539fc435ec4f024c27d8c46b,539fc435ec4f024c27d8c46b,"Time of Use, General Service, Demand Metered, Option A: GS-2 TOU A, Three Phase (At 220kV)",2014-01-01 13:00:00+00:00,Commercial,,59c05bc05457a30837bbb27f,59c05bc05457a30837bbb27f,"TOU-GS-2, Option D",2017-12-01 08:00:00+00:00,Commercial,Delivery with Standard Offer,3.91,True,False,weak,,
TOU-8,Southern California Edison Co,539fc46cec4f024c27d8c679,5571b1af5457a3f449db22a7,Time-Of-Use - General Service - Large: TOU-8 CPP (under 2kV),2015-06-01 07:00:00+00:00,Commercial,,587014c55457a36f0d1c9606,587014c55457a36f0d1c9606,"Time-Of-Use - General Service - Large: TOU-8, Option A (Under 2 kV)",2017-01-01 07:00:00+00:00,Commercial,,1.59,True,True,strong,,
TOU-8,Southern California Edison Co,539fc46cec4f024c27d8c679,5571b1af5457a3f449db22a7,Time-Of-Use - General Service - Large: TOU-8 CPP (under 2kV),2015-06-01 07:00:00+00:00,Commercial,,59c0608e5457a3c813bbb282,59c0608e5457a3c813bbb282,"TOU-8, Option D (BELOW 2 KV)",2017-12-01 08:00:00+00:00,Commercial,,2.5,True,True,strong,,
TOU-8,Southern California Edison Co,539fc46cec4f024c27d8c679,5571b1af5457a3f449db22a7,Time-Of-Use - General Service - Large: TOU-8 CPP (under 2kV),2015-06-01 07:00:00+00:00,Commercial,,59c0616d5457a3d348bbb27c,59c0616d5457a3d348bbb27c,"TOU-8, Option E (BELOW 2 KV)",2017-12-01 08:00:00+00:00,Commercial,,2.5,True,True,strong,,
TOU-8,Southern California Edison Co,539fc46cec4f024c27d8c679,5571b1af5457a3f449db22a7,Time-Of-Use - General Service - Large: TOU-8 CPP (under 2kV),2015-06-01 07:00:00+00:00,Commercial,,587016a85457a3d7241c9605,587016a85457a3d7241c9605,"Time-Of-Use - General Service - Large: TOU-8, Option B (Under 2 kV)",2017-01-01 08:00:00+00:00,Commercial,Bundled,1.59,True,False,weak,,
TOU-8,Southern California Edison Co,539fc46cec4f024c27d8c679,5571b1af5457a3f449db22a7,Time-Of-Use - General Service - Large: TOU-8 CPP (under 2kV),2015-06-01 07:00:00+00:00,Commercial,,5b593df35457a3a33426b8f8,5b593df35457a3a33426b8f8,"Time-Of-Use - General Service - Large: TOU-8, Option A (Under 2 kV)",2017-01-01 07:00:00+00:00,Commercial,Bundled,1.59,True,False,weak,,
TOU-8,Southern California Edison Co,539fc46cec4f024c27d8c679,5571b1af5457a3f449db22a7,Time-Of-Use - General Service - Large: TOU-8 CPP (under 2kV),2015-06-01 07:00:00+00:00,Commercial,,5b59413d5457a3f33726b8f8,5b59413d5457a3f33726b8f8,"Time-Of-Use - General Service - Large: TOU-8, Option R (under 2kV)",2017-01-01 07:00:00+00:00,Commercial,Bundled,1.59,True,False,weak,,
TOU-8,Southern California Edison Co,539fc46cec4f024c27d8c679,5571b1af5457a3f449db22a7,Time-Of-Use - General Service - Large: TOU-8 CPP (under 2kV),2015-06-01 07:00:00+00:00,Commercial,,5b5943bc5457a3463a26b8f8,5b5943bc5457a3463a26b8f8,"Time-Of-Use - General Service - Large: TOU-8, Option CPP (Under 2 kV)",2017-01-01 08:00:00+00:00,Commercial,Bundled,1.59,True,False,weak,,
TOU-8,Southern California Edison Co,539fc46cec4f024c27d8c679,5571b1af5457a3f449db22a7,Time-Of-Use - General Service - Large: TOU-8 CPP (under 2kV),2015-06-01 07:00:00+00:00,Commercial,,5b85d81a5457a34d068b4567,5b85d81a5457a34d068b4567,"Time-Of-Use - General Service - Large: TOU-8, Option A (2 kV - 50kV)",2017-01-01 07:00:00+00:00,Commercial,Bundled,1.59,True,False,weak,,
TOU-8,Southern California Edison Co,539fc46cec4f024c27d8c679,5571b1af5457a3f449db22a7,Time-Of-Use - General Service - Large: TOU-8 CPP (under 2kV),2015-06-01 07:00:00+00:00,Commercial,,5bc7c2105457a32d493b43ee,5bc7c2105457a32d493b43ee,"TOU-8, Option A (BELOW 2 KV)",2018-10-01 06:00:00+00:00,Commercial,Bundled,3.33,True,False,weak,,
TOU-8,Southern California Edison Co,539fc46cec4f024c27d8c679,5571b1af5457a3f449db22a7,Time-Of-Use - General Service - Large: TOU-8 CPP (under 2kV),2015-06-01 07:00:00+00:00,Commercial,,5bc7c3045457a3ee6b3b43f0,5bc7c3045457a3ee6b3b43f0,"TOU-8, Option B (BELOW 2 KV)",2018-10-01 06:00:00+00:00,Commercial,Bundled,3.33,True,False,weak,,
TOU-8,Southern California Edison Co,539fc46cec4f024c27d8c679,5571b1af5457a3f449db22a7,Time-Of-Use - General Service - Large: TOU-8 CPP (under 2kV),2015-06-01 07:00:00+00:00,Commercial,,5bc7c4515457a333213b43ec,5bc7c4515457a333213b43ec,"TOU-8, Option R (BELOW 2 KV)",2018-10-01 06:00:00+00:00,Commercial,Bundled,3.33,True,False,weak,,
TOU-8,Southern California Edison Co,539fc46cec4f024c27d8c679,5571b1af5457a3f449db22a7,Time-Of-Use - General Service - Large: TOU-8 CPP (under 2kV),2015-06-01 07:00:00+00:00,Commercial,,5cdbb2615457a3b72b40c5d4,5cdbb2615457a3b72b40c5d4,"Time-Of-Use - General Service - Large: TOU-8, Option E (Under 2 kV)",2019-04-12 07:00:00+00:00,Commercial,Bundled,3.86,True,False,weak,,
TOU-8,Southern California Edison Co,539fc46cec4f024c27d8c679,5571b1af5457a3f449db22a7,Time-Of-Use - General Service - Large: TOU-8 CPP (under 2kV),2015-06-01 07:00:00+00:00,Commercial,,5cdbb4e05457a3616340c5d4,5cdbb4e05457a3616340c5d4,"Time-Of-Use - General Service - Large: TOU-8, Option D (Under 2 kV)",2019-04-12 07:00:00+00:00,Commercial,Bundled,3.86,True,False,weak,,
TOU-8,Southern California Edison Co,539fc4a3ec4f024c27d8c8fd,587018f75457a3694d1c9605,"Time-Of-Use - General Service - Large: TOU-8, Option R (under 2kV)",2017-01-01 07:00:00+00:00,Commercial,,59c0608e5457a3c813bbb282,59c0608e5457a3c813bbb282,"TOU-8, Option D (BELOW 2 KV)",2017-12-01 08:00:00+00:00,Commercial,,0.91,True,True,strong,,
TOU-8,Southern California Edison Co,539fc4a3ec4f024c27d8c8fd,587018f75457a3694d1c9605,"Time-Of-Use - General Service - Large: TOU-8, Option R (under 2kV)",2017-01-01 07:00:00+00:00,Commercial,,59c0616d5457a3d348bbb27c,59c0616d5457a3d348bbb27c,"TOU-8, Option E (BELOW 2 KV)",2017-12-01 08:00:00+00:00,Commercial,,0.91,True,True,strong,,
TOU-8,Southern California Edison Co,539fc4a3ec4f024c27d8c8fd,587018f75457a3694d1c9605,"Time-Of-Use - General Service - Large: TOU-8, Option R (under 2kV)",2017-01-01 07:00:00+00:00,Commercial,,5bc7c2105457a32d493b43ee,5bc7c2105457a32d493b43ee,"TOU-8, Option A (BELOW 2 KV)",2018-10-01 06:00:00+00:00,Commercial,Bundled,1.74,True,False,weak,,
TOU-8,Southern California Edison Co,539fc4a3ec4f024c27d8c8fd,587018f75457a3694d1c9605,"Time-Of-Use - General Service - Large: TOU-8, Option R (under 2kV)",2017-01-01 07:00:00+00:00,Commercial,,5bc7c3045457a3ee6b3b43f0,5bc7c3045457a3ee6b3b43f0,"TOU-8, Option B (BELOW 2 KV)",2018-10-01 06:00:00+00:00,Commercial,Bundled,1.74,True,False,weak,,
TOU-8,Southern California Edison Co,539fc4a3ec4f024c27d8c8fd,587018f75457a3694d1c9605,"Time-Of-Use - General Service - Large: TOU-8, Option R (under 2kV)",2017-01-01 07:00:00+00:00,Commercial,,5bc7c4515457a333213b43ec,5bc7c4515457a333213b43ec,"TOU-8, Option R (BELOW 2 KV)",2018-10-01 06:00:00+00:00,Commercial,Bundled,1.74,True,False,weak,,
TOU-8,Southern California Edison Co,539fc4a3ec4f024c27d8c8fd,587018f75457a3694d1c9605,"Time-Of-Use - General Service - Large: TOU-8, Option R (under 2kV)",2017-01-01 07:00:00+00:00,Commercial,,5cdbb2615457a3b72b40c5d4,5cdbb2615457a3b72b40c5d4,"Time-Of-Use - General Service - Large: TOU-8, Option E (Under 2 kV)",2019-04-12 07:00:00+00:00,Commercial,Bundled,2.28,True,False,weak,,
TOU-8,Southern California Edison Co,539fc4a3ec4f024c27d8c8fd,587018f75457a3694d1c9605,"Time-Of-Use - General Service - Large: TOU-8, Option R (under 2kV)",2017-01-01 07:00:00+00:00,Commercial,,5cdbb4e05457a3616340c5d4,5cdbb4e05457a3616340c5d4,"Time-Of-Use - General Service - Large: TOU-8, Option D (Under 2 kV)",2019-04-12 07:00:00+00:00,Commercial,Bundled,2.28,True,False,weak,,
GS-3,Southern California Edison Co,539fc517ec4f024c27d8ce17,539fc517ec4f024c27d8ce17,"Time-of-use - General Service - Demand Metered-Super Off Peak: TOU-GS-3-SOP,(at 220kV)",2014-01-01 13:00:00+00:00,Commercial,,557086ae5457a3f449db22a6,557086ae5457a3f449db22a6,"Time-of-use - General Service - Demand Metered: TOU-GS-3, Option A; REPEAT Rate",2015-06-01 06:00:00+00:00,Commercial,,1.41,True,True,strong,,
GS-3,Southern California Edison Co,539fc517ec4f024c27d8ce17,539fc517ec4f024c27d8ce17,"Time-of-use - General Service - Demand Metered-Super Off Peak: TOU-GS-3-SOP,(at 220kV)",2014-01-01 13:00:00+00:00,Commercial,,55709cef5457a3b71fdb22a2,55709cef5457a3b71fdb22a2,"Time-of-use - General Service - Demand Metered: TOU-GS-3, Option R",2015-06-01 07:00:00+00:00,Commercial,,1.41,True,True,strong,,
GS-3,Southern California Edison Co,539fc517ec4f024c27d8ce17,539fc517ec4f024c27d8ce17,"Time-of-use - General Service - Demand Metered-Super Off Peak: TOU-GS-3-SOP,(at 220kV)",2014-01-01 13:00:00+00:00,Commercial,,5570a0385457a33467db22a3,5570a0385457a33467db22a3,Time-Of-Use - General Service - Demand Metered: TOU-GS-3 Option CPP,2015-06-01 07:00:00+00:00,Commercial,,1.41,True,True,strong,,
GS-3,Southern California Edison Co,539fc517ec4f024c27d8ce17,539fc517ec4f024c27d8ce17,"Time-of-use - General Service - Demand Metered-Super Off Peak: TOU-GS-3-SOP,(at 220kV)",2014-01-01 13:00:00+00:00,Commercial,,5570b8575457a37a19db22a6,5570b8575457a37a19db22a6,Time-of-use - General Service - Demand Metered-Super Off Peak: TOU-GS-3-SOP,2015-06-01 07:00:00+00:00,Commercial,,1.41,True,True,strong,,
GS-3,Southern California Edison Co,539fc517ec4f024c27d8ce17,539fc517ec4f024c27d8ce17,"Time-of-use - General Service - Demand Metered-Super Off Peak: TOU-GS-3-SOP,(at 220kV)",2014-01-01 13:00:00+00:00,Commercial,,55708b045457a33467db22a2,55708b045457a33467db22a2,"Time-of-use - General Service - Demand Metered: TOU-GS-3, Option B",2016-01-01 08:00:00+00:00,Commercial,,2.0,True,True,strong,,
GS-3,Southern California Edison Co,539fc517ec4f024c27d8ce17,539fc517ec4f024c27d8ce17,"Time-of-use - General Service - Demand Metered-Super Off Peak: TOU-GS-3-SOP,(at 220kV)",2014-01-01 13:00:00+00:00,Commercial,,586e87cc5457a3bc711c9606,586e87cc5457a3bc711c9606,"Time-of-use - General Service - Demand Metered: TOU-GS-3, Option R (50kV-220kV)",2017-01-01 07:00:00+00:00,Commercial,,3.0,True,True,strong,,
GS-3,Southern California Edison Co,539fc517ec4f024c27d8ce17,539fc517ec4f024c27d8ce17,"Time-of-use - General Service - Demand Metered-Super Off Peak: TOU-GS-3-SOP,(at 220kV)",2014-01-01 13:00:00+00:00,Commercial,,586e86b95457a3d3711c9605,586e86b95457a3d3711c9605,"Time-of-use - General Service - Demand Metered: TOU-GS-3, Option R (2kV to 50kV)",2017-01-01 07:00:00+00:00,Commercial,,3.0,True,True,strong,,
GS-3,Southern California Edison Co,539fc517ec4f024c27d8ce17,539fc517ec4f024c27d8ce17,"Time-of-use - General Service - Demand Metered-Super Off Peak: TOU-GS-3-SOP,(at 220kV)",2014-01-01 13:00:00+00:00,Commercial,,586e82f95457a3c1711c9605,586e82f95457a3c1711c9605,"Time-of-use - General Service - Demand Metered: TOU-GS-3, Option B (50kV to 220kV)",2017-01-01 07:00:00+00:00,Commercial,,3.0,True,True,strong,,
GS-3,Southern California Edison Co,539fc517ec4f024c27d8ce17,539fc517ec4f024c27d8ce17,"Time-of-use - General Service - Demand Metered-Super Off Peak: TOU-GS-3-SOP,(at 220kV)",2014-01-01 13:00:00+00:00,Commercial,,586e819e5457a37c711c9605,586e819e5457a37c711c9605,"Time-of-use - General Service - Demand Metered: TOU-GS-3, Option B (2kV-50kV)",2017-01-01 07:00:00+00:00,Commercial,,3.0,True,True,strong,,
GS-3,Southern California Edison Co,539fc517ec4f024c27d8ce17,539fc517ec4f024c27d8ce17,"Time-of-use - General Service - Demand Metered-Super Off Peak: TOU-GS-3-SOP,(at 220kV)",2014-01-01 13:00:00+00:00,Commercial,,586e7f305457a3dd711c9605,586e7f305457a3dd711c9605,"Time-of-use - General Service - Demand Metered: TOU-GS-3, Option A (at 220kV)",2017-01-01 07:00:00+00:00,Commercial,,3.0,True,True,strong,,
GS-3,Southern California Edison Co,539fc517ec4f024c27d8ce17,539fc517ec4f024c27d8ce17,"Time-of-use - General Service - Demand Metered-Super Off Peak: TOU-GS-3-SOP,(at 220kV)",2014-01-01 13:00:00+00:00,Commercial,,586e7f055457a3bc711c9605,586e7f055457a3bc711c9605,"Time-of-use - General Service - Demand Metered: TOU-GS-3, Option A (50kV to 220kV)",2017-01-01 07:00:00+00:00,Commercial,,3.0,True,True,strong,,
GS-3,Southern California Edison Co,539fc517ec4f024c27d8ce17,539fc517ec4f024c27d8ce17,"Time-of-use - General Service - Demand Metered-Super Off Peak: TOU-GS-3-SOP,(at 220kV)",2014-01-01 13:00:00+00:00,Commercial,,586e7ee45457a3c6711c9605,586e7ee45457a3c6711c9605,"Time-of-use - General Service - Demand Metered: TOU-GS-3, Option A (2kV to 50kV)",2017-01-01 07:00:00+00:00,Commercial,,3.0,True,True,strong,,
GS-3,Southern California Edison Co,539fc517ec4f024c27d8ce17,539fc517ec4f024c27d8ce17,"Time-of-use - General Service - Demand Metered-Super Off Peak: TOU-GS-3-SOP,(at 220kV)",2014-01-01 13:00:00+00:00,Commercial,,59c05e4b5457a37206bbb281,59c05e4b5457a37206bbb281,"TOU-GS-3, Option D",2017-12-01 08:00:00+00:00,Commercial,,3.91,True,True,strong,,
GS-3,Southern California Edison Co,539fc517ec4f024c27d8ce17,539fc517ec4f024c27d8ce17,"Time-of-use - General Service - Demand Metered-Super Off Peak: TOU-GS-3-SOP,(at 220kV)",2014-01-01 13:00:00+00:00,Commercial,,59c05f655457a3814ebbb27c,59c05f655457a3814ebbb27c,"TOU-GS-3, Option E",2017-12-01 08:00:00+00:00,Commercial,,3.91,True,True,strong,,
GS-3,Southern California Edison Co,539fc517ec4f024c27d8ce17,539fc517ec4f024c27d8ce17,"Time-of-use - General Service - Demand Metered-Super Off Peak: TOU-GS-3-SOP,(at 220kV)",2014-01-01 13:00:00+00:00,Commercial,,5b5f27b45457a34051409a7c,5b5f27b45457a34051409a7c,"Time-of-use - General Service - Demand Metered: TOU-GS-3, Option R (Under 2kV)",2017-01-01 08:00:00+00:00,Commercial,Bundled,3.0,True,False,weak,,
GS-3,Southern California Edison Co,539fc517ec4f024c27d8ce17,539fc517ec4f024c27d8ce17,"Time-of-use - General Service - Demand Metered-Super Off Peak: TOU-GS-3-SOP,(at 220kV)",2014-01-01 13:00:00+00:00,Commercial,,5b5f24005457a39779409a7b,5b5f24005457a39779409a7b,"Time-of-use - General Service - Demand Metered: TOU-GS-3, Option B (Under 2kV)",2017-01-01 08:00:00+00:00,Commercial,Bundled,3.0,True,False,weak,,
GS-3,Southern California Edison Co,539fc517ec4f024c27d8ce17,539fc517ec4f024c27d8ce17,"Time-of-use - General Service - Demand Metered-Super Off Peak: TOU-GS-3-SOP,(at 220kV)",2014-01-01 13:00:00+00:00,Commercial,,5b5f1f965457a39579409a7c,5b5f1f965457a39579409a7c,"Time-of-use - General Service - Demand Metered: TOU-GS-3, Option A (Under 2kV)",2017-01-01 08:00:00+00:00,Commercial,Bundled,3.0,True,False,weak,,
GS-3,Southern California Edison Co,539fc517ec4f024c27d8ce17,539fc517ec4f024c27d8ce17,"Time-of-use - General Service - Demand Metered-Super Off Peak: TOU-GS-3-SOP,(at 220kV)",2014-01-01 13:00:00+00:00,Commercial,,5b5ef3155457a39879409a7b,5b5ef3155457a39879409a7b,"Time-of-use - General Service - Demand Metered: TOU-GS-3, Option CPP (Under 2kV)",2017-01-01 08:00:00+00:00,Commercial,Bundled,3.0,True,False,weak,,
GS-3,Southern California Edison Co,539fc517ec4f024c27d8ce17,539fc517ec4f024c27d8ce17,"Time-of-use - General Service - Demand Metered-Super Off Peak: TOU-GS-3-SOP,(at 220kV)",2014-01-01 13:00:00+00:00,Commercial,,586e81155457a31a7a1c9605,586e81155457a31a7a1c9605,"Time of Use, General Service, Demand Metered, Option B: GS-3 TOU B (Under 2kV)",2017-01-01 07:00:00+00:00,Commercial,Bundled,3.0,True,False,weak,,
GS-3,Southern California Edison Co,539fc517ec4f024c27d8ce17,539fc517ec4f024c27d8ce17,"Time-of-use - General Service - Demand Metered-Super Off Peak: TOU-GS-3-SOP,(at 220kV)",2014-01-01 13:00:00+00:00,Commercial,,5b5f2c815457a39779409a7d,5b5f2c815457a39779409a7d,Time-of-use - General Service - Super Off Peak - Demand Metered: TOU-GS-3-SOP (under 2 kv),2017-01-01 08:00:00+00:00,Commercial,Bundled,3.0,True,False,weak,,
GS-3,Southern California Edison Co,539fc517ec4f024c27d8ce17,539fc517ec4f024c27d8ce17,"Time-of-use - General Service - Demand Metered-Super Off Peak: TOU-GS-3-SOP,(at 220kV)",2014-01-01 13:00:00+00:00,Commercial,,5b5f384f5457a39779409a7e,5b5f384f5457a39779409a7e,Time-of-use - General Service - Demand Metered - NonTOU - GS-3 - (under 2 kv),2017-01-01 08:00:00+00:00,Commercial,Bundled,3.0,True,False,weak,,
A-6,Pacific Gas & Electric Co,539fc76eec4f024d2f53dbd4,574cc3475457a37c445e62a0,A-6 Small General Service TOU Meter Charge (X),2016-03-24 07:00:00+00:00,Commercial,,5a3309c45457a3eb305c48a1,5a3309c45457a3eb305c48a1,A-6 Small General Service TOU Meter Charge (W),2017-10-24 06:00:00+00:00,Commercial,Bundled,1.58,True,False,weak,,
TOU-8,Southern California Edison Co,539fc90aec4f024d2f53ed78,5571b25a5457a38e37db22a3,Time-Of-Use - General Service - Large: TOU-8 CPP (2kV-50kV),2015-06-01 07:00:00+00:00,Commercial,,587014c55457a36f0d1c9606,587014c55457a36f0d1c9606,"Time-Of-Use - General Service - Large: TOU-8, Option A (Under 2 kV)",2017-01-01 07:00:00+00:00,Commercial,,1.59,True,True,strong,,
TOU-8,Southern California Edison Co,539fc90aec4f024d2f53ed78,5571b25a5457a38e37db22a3,Time-Of-Use - General Service - Large: TOU-8 CPP (2kV-50kV),2015-06-01 07:00:00+00:00,Commercial,,59c0608e5457a3c813bbb282,59c0608e5457a3c813bbb282,"TOU-8, Option D (BELOW 2 KV)",2017-12-01 08:00:00+00:00,Commercial,,2.5,True,True,strong,,
TOU-8,Southern California Edison Co,539fc90aec4f024d2f53ed78,5571b25a5457a38e37db22a3,Time-Of-Use - General Service - Large: TOU-8 CPP (2kV-50kV),2015-06-01 07:00:00+00:00,Commercial,,59c0616d5457a3d348bbb27c,59c0616d5457a3d348bbb27c,"TOU-8, Option E (BELOW 2 KV)",2017-12-01 08:00:00+00:00,Commercial,,2.5,True,True,strong,,
TOU-8,Southern California Edison Co,539fc90aec4f024d2f53ed78,5571b25a5457a38e37db22a3,Time-Of-Use - General Service - Large: TOU-8 CPP (2kV-50kV),2015-06-01 07:00:00+00:00,Commercial,,587016a85457a3d7241c9605,587016a85457a3d7241c9605,"Time-Of-Use - General Service - Large: TOU-8, Option B (Under 2 kV)",2017-01-01 08:00:00+00:00,Commercial,Bundled,1.59,True,False,weak,,
TOU-8,Southern California Edison Co,539fc90aec4f024d2f53ed78,5571b25a5457a38e37db22a3,Time-Of-Use - General Service - Large: TOU-8 CPP (2kV-50kV),2015-06-01 07:00:00+00:00,Commercial,,5b593df35457a3a33426b8f8,5b593df35457a3a33426b8f8,"Time-Of-Use - General Service - Large: TOU-8, Option A (Under 2 kV)",2017-01-01 07:00:00+00:00,Commercial,Bundled,1.59,True,False,weak,,
TOU-8,Southern California Edison Co,539fc90aec4f024d2f53ed78,5571b25a5457a38e37db22a3,Time-Of-Use - General Service - Large: TOU-8 CPP (2kV-50kV),2015-06-01 07:00:00+00:00,Commercial,,5b59413d5457a3f33726b8f8,5b59413d5457a3f33726b8f8,"Time-Of-Use - General Service - Large: TOU-8, Option R (under 2kV)",2017-01-01 07:00:00+00:00,Commercial,Bundled,1.59,True,False,weak,,
TOU-8,Southern California Edison Co,539fc90aec4f024d2f53ed78,5571b25a5457a38e37db22a3,Time-Of-Use - General Service - Large: TOU-8 CPP (2kV-50kV),2015-06-01 07:00:00+00:00,Commercial,,5b5943bc5457a3463a26b8f8,5b5943bc5457a3463a26b8f8,"Time-Of-Use - General Service - Large: TOU-8, Option CPP (Under 2 kV)",2017-01-01 08:00:00+00:00,Commercial,Bundled,1.59,True,False,weak,,
TOU-8,Southern California Edison Co,539fc90aec4f024d2f53ed78,5571b25a5457a38e37db22a3,Time-Of-Use - General Service - Large: TOU-8 CPP (2kV-50kV),2015-06-01 07:00:00+00:00,Commercial,,5b85d81a5457a34d068b4567,5b85d81a5457a34d068b4567,"Time-Of-Use - General Service - Large: TOU-8, Option A (2 kV - 50kV)",2017-01-01 07:00:00+00:00,Commercial,Bundled,1.59,True,False,weak,,
TOU-8,Southern California Edison Co,539fc90aec4f024d2f53ed78,5571b25a5457a38e37db22a3,Time-Of-Use - General Service - Large: TOU-8 CPP (2kV-50kV),2015-06-01 07:00:00+00:00,Commercial,,5bc7c2105457a32d493b43ee,5bc7c2105457a32d493b43ee,"TOU-8, Option A (BELOW 2 KV)",2018-10-01 06:00:00+00:00,Commercial,Bundled,3.33,True,False,weak,,
TOU-8,Southern California Edison Co,539fc90aec4f024d2f53ed78,5571b25a5457a38e37db22a3,Time-Of-Use - General Service - Large: TOU-8 CPP (2kV-50kV),2015-06-01 07:00:00+00:00,Commercial,,5bc7c3045457a3ee6b3b43f0,5bc7c3045457a3ee6b3b43f0,"TOU-8, Option B (BELOW 2 KV)",2018-10-01 06:00:00+00:00,Commercial,Bundled,3.33,True,False,weak,,
TOU-8,Southern California Edison Co,539fc90aec4f024d2f53ed78,5571b25a5457a38e37db22a3,Time-Of-Use - General Service - Large: TOU-8 CPP (2kV-50kV),2015-06-01 07:00:00+00:00,Commercial,,5bc7c4515457a333213b43ec,5bc7c4515457a333213b43ec,"TOU-8, Option R (BELOW 2 KV)",2018-10-01 06:00:00+00:00,Commercial,Bundled,3.33,True,False,weak,,
TOU-8,Southern California Edison Co,539fc90aec4f024d2f53ed78,5571b25a5457a38e37db22a3,Time-Of-Use - General Service - Large: TOU-8 CPP (2kV-50kV),2015-06-01 07:00:00+00:00,Commercial,,5cdbb2615457a3b72b40c5d4,5cdbb2615457a3b72b40c5d4,"Time-Of-Use - General Service - Large: TOU-8, Option E (Under 2 kV)",2019-04-12 07:00:00+00:00,Commercial,Bundled,3.86,True,False,weak,,
TOU-8,Southern California Edison Co,539fc90aec4f024d2f53ed78,5571b25a5457a38e37db22a3,Time-Of-Use - General Service - Large: TOU-8 CPP (2kV-50kV),2015-06-01 07:00:00+00:00,Commercial,,5cdbb4e05457a3616340c5d4,5cdbb4e05457a3616340c5d4,"Time-Of-Use - General Service - Large: TOU-8, Option D (Under 2 kV)",2019-04-12 07:00:00+00:00,Commercial,Bundled,3.86,True,False,weak,,
GS-2,Modesto Irrigation District,539fc92dec4f024d2f53ee88,539fc92dec4f024d2f53ee88,Schedule GS-2 General Service - Demand,2013-04-01 13:00:00+00:00,Industrial,,5b280bc95457a3723de5d862,5b280bc95457a3723de5d862,Schedule GS-2 General Service - Demand,2017-01-01 08:00:00+00:00,Industrial,Bundled,3.75,True,False,weak,,
GS-1,Southern California Edison Co,539fc98cec4f024d2f53f2be,539fc98cec4f024d2f53f2be,GS-1 General Service Non-Demand Single Phase; Closed Rate,2013-05-16 06:00:00+00:00,Commercial,,539f6e9eec4f024411ecc4b9,539f6e9eec4f024411ecc4b9,GS-1 General Service Non-Demand Single Phase Above 50 kV but below 220 kV Discount,2014-01-01 13:00:00+00:00,Commercial,,0.63,True,True,strong,,
GS-1,Southern California Edison Co,539fc98cec4f024d2f53f2be,539fc98cec4f024d2f53f2be,GS-1 General Service Non-Demand Single Phase; Closed Rate,2013-05-16 06:00:00+00:00,Commercial,,539f6eefec4f024411ecc835,539f6eefec4f024411ecc835,GS-1 General Service Non-Demand Single Phase At 220 kV Discount,2014-01-01 13:00:00+00:00,Commercial,,0.63,True,True,strong,,
GS-1,Southern California Edison Co,539fc98cec4f024d2f53f2be,539fc98cec4f024d2f53f2be,GS-1 General Service Non-Demand Single Phase; Closed Rate,2013-05-16 06:00:00+00:00,Commercial,,539f700eec4f024411ecd5c3,539f700eec4f024411ecd5c3,GS-1 General Service Non-Demand Three Phase Above 50 kV but below 220 kV Discount,2014-01-01 13:00:00+00:00,Commercial,,0.63,True,True,strong,,
GS-1,Southern California Edison Co,539fc98cec4f024d2f53f2be,539fc98cec4f024d2f53f2be,GS-1 General Service Non-Demand Single Phase; Closed Rate,2013-05-16 06:00:00+00:00,Commercial,,539f746cec4f024411ed085b,539f746cec4f024411ed085b,GS-1 General Service Non-Demand Three Phase (GS-1),2014-01-01 13:00:00+00:00,Commercial,,0.63,True,True,strong,,
GS-1,Southern California Edison Co,539fc98cec4f024d2f53f2be,539fc98cec4f024d2f53f2be,GS-1 General Service Non-Demand Single Phase; Closed Rate,2013-05-16 06:00:00+00:00,Commercial,,539fb4beec4f024bc1dbecd1,539fb4beec4f024bc1dbecd1,GS-1:General Service Non-Demand Single Phase (2kV to 50kV); Closed Rate,2014-01-01 07:00:00+00:00,Commercial,,0.63,True,True,strong,,
GS-1,Southern California Edison Co,539fc98cec4f024d2f53f2be,539fc98cec4f024d2f53f2be,GS-1 General Service Non-Demand Single Phase; Closed Rate,2013-05-16 06:00:00+00:00,Commercial,,539fc98bec4f024d2f53f262,539fc98bec4f024d2f53f262,GS-1 General Service Non-Demand Three Phase At 220 kV Discount,2014-01-01 13:00:00+00:00,Commercial,,0.63,True,True,strong,,
GS-1,Southern California Edison Co,539fc98cec4f024d2f53f2be,539fc98cec4f024d2f53f2be,GS-1 General Service Non-Demand Single Phase; Closed Rate,2013-05-16 06:00:00+00:00,Commercial,,55e75a3d5457a3f9058e8005,55e75a3d5457a3f9058e8005,"Time of Use, General Service, Non Demand Metered, Option CPP-Lite: GS-1 TOU B, Three Phase",2015-06-01 07:00:00+00:00,Commercial,,2.04,True,True,strong,,
GS-1,Southern California Edison Co,539fc98cec4f024d2f53f2be,539fc98cec4f024d2f53f2be,GS-1 General Service Non-Demand Single Phase; Closed Rate,2013-05-16 06:00:00+00:00,Commercial,,55e759bf5457a33b288e8004,55e759bf5457a33b288e8004,"TOU General Service-1, Non Demand , Option CPP Lite: GS-1 TOU B, Single Phase",2015-06-01 07:00:00+00:00,Commercial,,2.04,True,True,strong,,
GS-1,Southern California Edison Co,539fc98cec4f024d2f53f2be,539fc98cec4f024d2f53f2be,GS-1 General Service Non-Demand Single Phase; Closed Rate,2013-05-16 06:00:00+00:00,Commercial,,55e7593c5457a33c288e8006,55e7593c5457a33c288e8006,"Time of Use, General Service, Non Demand Metered, Option CPP: GS-1 TOU B, Three Phase",2015-06-01 07:00:00+00:00,Commercial,,2.04,True,True,strong,,
GS-1,Southern California Edison Co,539fc98cec4f024d2f53f2be,539fc98cec4f024d2f53f2be,GS-1 General Service Non-Demand Single Phase; Closed Rate,2013-05-16 06:00:00+00:00,Commercial,,55e749995457a33c288e8005,55e749995457a33c288e8005,"Time of Use, General Service, Non Demand Metered, Option B: GS-1 TOU B, Three Phase",2015-06-01 07:00:00+00:00,Commercial,,2.04,True,True,strong,,
GS-1,Southern California Edison Co,539fc98cec4f024d2f53f2be,539fc98cec4f024d2f53f2be,GS-1 General Service Non-Demand Single Phase; Closed Rate,2013-05-16 06:00:00+00:00,Commercial,,55e758485457a3f9058e8004,55e758485457a3f9058e8004,"TOU General Service-1, Non Demand , Option CPP: GS-1 TOU B, Single Phase",2015-06-01 07:00:00+00:00,Commercial,,2.04,True,True,strong,,
GS-1,Southern California Edison Co,539fc98cec4f024d2f53f2be,539fc98cec4f024d2f53f2be,GS-1 General Service Non-Demand Single Phase; Closed Rate,2013-05-16 06:00:00+00:00,Commercial,,55e742675457a33c288e8004,55e742675457a33c288e8004,"Time of Use, General Service, Option A: GS-1 TOU A, Three Phase",2015-06-01 07:00:00+00:00,Commercial,,2.04,True,True,strong,,
GS-1,Southern California Edison Co,539fc98cec4f024d2f53f2be,539fc98cec4f024d2f53f2be,GS-1 General Service Non-Demand Single Phase; Closed Rate,2013-05-16 06:00:00+00:00,Commercial,,55e731be5457a33d288e8004,55e731be5457a33d288e8004,"Time of Use, General Service, Option A: GS-1 TOU A, Single Phase",2015-06-01 07:00:00+00:00,Commercial,,2.04,True,True,strong,,
GS-1,Southern California Edison Co,539fc98cec4f024d2f53f2be,539fc98cec4f024d2f53f2be,GS-1 General Service Non-Demand Single Phase; Closed Rate,2013-05-16 06:00:00+00:00,Commercial,,556ddf465457a36065db22a5,556ddf465457a36065db22a5,GS-1:General Service Non-Demand Single Phase; Closed Rate,2015-06-01 06:00:00+00:00,Commercial,,2.04,True,True,strong,,
GS-1,Southern California Edison Co,539fc98cec4f024d2f53f2be,539fc98cec4f024d2f53f2be,GS-1 General Service Non-Demand Single Phase; Closed Rate,2013-05-16 06:00:00+00:00,Commercial,,55e7454c5457a33a288e8004,55e7454c5457a33a288e8004,"TOU General Service-1, Non Demand , Option B: GS-1 TOU B, Single Phase",2015-06-01 07:00:00+00:00,Commercial,,2.04,True,True,strong,,
GS-1,Southern California Edison Co,539fc98cec4f024d2f53f2be,539fc98cec4f024d2f53f2be,GS-1 General Service Non-Demand Single Phase; Closed Rate,2013-05-16 06:00:00+00:00,Commercial,,586d3d055457a34f211c9607,586d3d055457a34f211c9607,"TOU General Service, Non Demand, Option C: GS-1 TOU C, Three Phase (50 kV - 220 kV)",2017-01-01 07:00:00+00:00,Commercial,,3.63,True,True,strong,,
GS-1,Southern California Edison Co,539fc98cec4f024d2f53f2be,539fc98cec4f024d2f53f2be,GS-1 General Service Non-Demand Single Phase; Closed Rate,2013-05-16 06:00:00+00:00,Commercial,,586d3f6c5457a31b1b1c9606,586d3f6c5457a31b1b1c9606,"TOU General Service, Non Demand, Option C: GS-1 TOU C, Three Phase (At 220 kV)",2017-01-01 07:00:00+00:00,Commercial,,3.63,True,True,strong,,
GS-1,Southern California Edison Co,539fc98cec4f024d2f53f2be,539fc98cec4f024d2f53f2be,GS-1 General Service Non-Demand Single Phase; Closed Rate,2013-05-16 06:00:00+00:00,Commercial,,586d3e2e5457a3d8341c9606,586d3e2e5457a3d8341c9606,"TOU General Service, Non Demand, Option C: GS-1 TOU C, Single Phase (At 220 kV)",2017-01-01 07:00:00+00:00,Commercial,,3.63,True,True,strong,,
GS-1,Southern California Edison Co,539fc98cec4f024d2f53f2be,539fc98cec4f024d2f53f2be,GS-1 General Service Non-Demand Single Phase; Closed Rate,2013-05-16 06:00:00+00:00,Commercial,,586d3c255457a37d7c1c9605,586d3c255457a37d7c1c9605,"TOU General Service, Non Demand, Option C: GS-1 TOU C, Single Phase (50 kV - 220 kV)",2017-01-01 07:00:00+00:00,Commercial,,3.63,True,True,strong,,
GS-1,Southern California Edison Co,539fc98cec4f024d2f53f2be,539fc98cec4f024d2f53f2be,GS-1 General Service Non-Demand Single Phase; Closed Rate,2013-05-16 06:00:00+00:00,Commercial,,586d30c35457a3d8341c9605,586d30c35457a3d8341c9605,"Time of Use, General Service, Non Demand, Option B: GS-1 TOU B, Three Phase (2 kV - 50 kV)",2017-01-01 07:00:00+00:00,Commercial,,3.63,True,True,strong,,
GS-1,Southern California Edison Co,539fc98cec4f024d2f53f2be,539fc98cec4f024d2f53f2be,GS-1 General Service Non-Demand Single Phase; Closed Rate,2013-05-16 06:00:00+00:00,Commercial,,586d399f5457a34d211c9605,586d399f5457a34d211c9605,"TOU General Service, Non Demand, Option C: GS-1 TOU C, Single Phase (2 kV - 50 kV)",2017-01-01 07:00:00+00:00,Commercial,,3.63,True,True,strong,,
GS-1,Southern California Edison Co,539fc98cec4f024d2f53f2be,539fc98cec4f024d2f53f2be,GS-1 General Service Non-Demand Single Phase; Closed Rate,2013-05-16 06:00:00+00:00,Commercial,,586d35c45457a31b1b1c9605,586d35c45457a31b1b1c9605,"Time of Use, General Service, Non Demand, Option B: GS-1 TOU B, Three Phase (At 220 kV)",2017-01-01 07:00:00+00:00,Commercial,,3.63,True,True,strong,,
GS-1,Southern California Edison Co,539fc98cec4f024d2f53f2be,539fc98cec4f024d2f53f2be,GS-1 General Service Non-Demand Single Phase; Closed Rate,2013-05-16 06:00:00+00:00,Commercial,,586d35025457a34b211c9609,586d35025457a34b211c9609,"Time of Use, General Service, Non Demand, Option B: GS-1 TOU B, Single Phase (At 220 kV)",2017-01-01 07:00:00+00:00,Commercial,,3.63,True,True,strong,,
GS-1,Southern California Edison Co,539fc98cec4f024d2f53f2be,539fc98cec4f024d2f53f2be,GS-1 General Service Non-Demand Single Phase; Closed Rate,2013-05-16 06:00:00+00:00,Commercial,,586d33f05457a34f211c9606,586d33f05457a34f211c9606,"Time of Use, General Service, Non Demand, Option B: GS-1 TOU B, Three Phase (50 kV - 220 kV)",2017-01-01 07:00:00+00:00,Commercial,,3.63,True,True,strong,,
GS-1,Southern California Edison Co,539fc98cec4f024d2f53f2be,539fc98cec4f024d2f53f2be,GS-1 General Service Non-Demand Single Phase; Closed Rate,2013-05-16 06:00:00+00:00,Commercial,,586d32cf5457a34b211c9608,586d32cf5457a34b211c9608,"Time of Use, General Service, Non Demand, Option B: GS-1 TOU B, Single Phase (50 kV - 220 kV)",2017-01-01 07:00:00+00:00,Commercial,,3.63,True,True,strong,,
GS-1,Southern California Edison Co,539fc98cec4f024d2f53f2be,539fc98cec4f024d2f53f2be,GS-1 General Service Non-Demand Single Phase; Closed Rate,2013-05-16 06:00:00+00:00,Commercial,,586d2f4e5457a34b211c9607,586d2f4e5457a34b211c9607,"Time of Use, General Service, Non Demand, Option B: GS-1 TOU B, Single Phase (2 kV - 50 kV)",2017-01-01 07:00:00+00:00,Commercial,,3.63,True,True,strong,,
GS-1,Southern California Edison Co,539fc98cec4f024d2f53f2be,539fc98cec4f024d2f53f2be,GS-1 General Service Non-Demand Single Phase; Closed Rate,2013-05-16 06:00:00+00:00,Commercial,,586d3a855457a3cb361c9605,586d3a855457a3cb361c9605,"TOU General Service, Non Demand, Option C: GS-1 TOU C, Three Phase (2 kV - 50 kV)",2017-01-01 07:00:00+00:00,Commercial,,3.63,True,True,strong,,
GS-1,Southern California Edison Co,539fc98cec4f024d2f53f2be,539fc98cec4f024d2f53f2be,GS-1 General Service Non-Demand Single Phase; Closed Rate,2013-05-16 06:00:00+00:00,Commercial,,5dbb53085457a30e46dc72bb,5dbb53085457a30e46dc72bb,"ME GS-1 TOU B, Three Phase (Under 2 kV)",2017-01-01 07:00:00+00:00,Commercial,Bundled,3.63,True,False,weak,,
GS-1,Southern California Edison Co,539fc98cec4f024d2f53f2be,539fc98cec4f024d2f53f2be,GS-1 General Service Non-Demand Single Phase; Closed Rate,2013-05-16 06:00:00+00:00,Commercial,,5b5f69855457a32f7a409a7c,5b5f69855457a32f7a409a7c,"TOU General Service, Option C: GS-1 TOU A, 3-Phase (Under 2 kV)",2017-01-01 08:00:00+00:00,Commercial,Bundled,3.63,True,False,weak,,
GS-1,Southern California Edison Co,539fc98cec4f024d2f53f2be,539fc98cec4f024d2f53f2be,GS-1 General Service Non-Demand Single Phase; Closed Rate,2013-05-16 06:00:00+00:00,Commercial,,5b5f64835457a35667409a7c,5b5f64835457a35667409a7c,"TOU General Service, Option C: GS-1 TOU B, 3-Phase (Under 2 kV)",2017-01-01 08:00:00+00:00,Commercial,Bundled,3.63,True,False,weak,,
GS-1,Southern California Edison Co,539fc98cec4f024d2f53f2be,539fc98cec4f024d2f53f2be,GS-1 General Service Non-Demand Single Phase; Closed Rate,2013-05-16 06:00:00+00:00,Commercial,,5b5f3ca85457a37b63409a7b,5b5f3ca85457a37b63409a7b,"TOU General Service, Option C: GS-1 TOU C, 3-Phase (Under 2 kV)",2017-01-01 08:00:00+00:00,Commercial,Bundled,3.63,True,False,weak,,
GS-1,Southern California Edison Co,539fc98cec4f024d2f53f2be,539fc98cec4f024d2f53f2be,GS-1 General Service Non-Demand Single Phase; Closed Rate,2013-05-16 06:00:00+00:00,Commercial,,5df016d95457a3ab783fb277,5df016d95457a3ab783fb277,ME- GS-1 TOU A,2017-01-01 07:00:00+00:00,Commercial,Bundled,3.63,True,False,weak,,
GS-1,Southern California Edison Co,539fc98cec4f024d2f53f2be,539fc98cec4f024d2f53f2be,GS-1 General Service Non-Demand Single Phase; Closed Rate,2013-05-16 06:00:00+00:00,Commercial,,5df047f45457a332513fb27a,5df047f45457a332513fb27a,ME- GS-1 TOU C,2017-01-01 07:00:00+00:00,Commercial,Bundled,3.63,True,False,weak,,
EV-4,Southern California Edison Co,539fc9b1ec4f024d2f53f412,5c817fd67bece2299eceb39d,General Service Time-of-use Electric Vehicle Charging - Demand Metered:TOU-EV-4 (Under 2kV) - Closed Rate,2018-10-01 07:00:00+00:00,Commercial,Bundled,60ba262b5457a302057ef411,60ba262b5457a302057ef411,General Service Time-of-use Electric Vehicle Charging: TOU-EV-4 Single Phase (Under 2kV) - Closed Rate,2019-03-01 08:00:00+00:00,Commercial,Bundled,0.41,True,True,strong,,
EV-4,Southern California Edison Co,539fc9b1ec4f024d2f53f412,5c817fd67bece2299eceb39d,General Service Time-of-use Electric Vehicle Charging - Demand Metered:TOU-EV-4 (Under 2kV) - Closed Rate,2018-10-01 07:00:00+00:00,Commercial,Bundled,60ba27bd5457a39e117ef40f,60ba27bd5457a39e117ef40f,General Service Time-of-use Electric Vehicle Charging: TOU-EV-4  (2kV-50kV) - Closed Rate,2019-03-01 08:00:00+00:00,Commercial,Bundled,0.41,True,True,strong,,
EV-4,Southern California Edison Co,539fc9b1ec4f024d2f53f412,5c817fd67bece2299eceb39d,General Service Time-of-use Electric Vehicle Charging - Demand Metered:TOU-EV-4 (Under 2kV) - Closed Rate,2018-10-01 07:00:00+00:00,Commercial,Bundled,60ba28465457a34f077ef410,60ba28465457a34f077ef410,General Service Time-of-use Electric Vehicle Charging: TOU-EV-4 (50kV-220kV) - Closed Rate,2019-03-01 08:00:00+00:00,Commercial,Bundled,0.41,True,True,strong,,
EV-4,Southern California Edison Co,539fc9b1ec4f024d2f53f412,5c817fd67bece2299eceb39d,General Service Time-of-use Electric Vehicle Charging - Demand Metered:TOU-EV-4 (Under 2kV) - Closed Rate,2018-10-01 07:00:00+00:00,Commercial,Bundled,60ba28d25457a3194f7ef411,60ba28d25457a3194f7ef411,General Service Time-of-use Electric Vehicle Charging: TOU-EV-4 (220kV and above) - Closed Rate,2019-03-01 08:00:00+00:00,Commercial,Bundled,0.41,True,True,strong,,
GS-2,Southern California Edison Co,539fcae9ec4f024d2f540066,56b92abe5457a3642c48d237,"Time of Use, General Service, Demand Metered, Critical Peak-Lite Option: TOU-GS-2 CPP-Lite, Single Phase (Under 2kV)",2016-01-01 07:00:00+00:00,Commercial,,574f6b105457a3d8785e629e,574f6b105457a3d8785e629e,"Time of Use, General Service, Demand Metered, TOU-GS-2, Option B",2016-05-02 06:00:00+00:00,Commercial,,0.33,True,True,strong,,
GS-2,Southern California Edison Co,539fcae9ec4f024d2f540066,56b92abe5457a3642c48d237,"Time of Use, General Service, Demand Metered, Critical Peak-Lite Option: TOU-GS-2 CPP-Lite, Single Phase (Under 2kV)",2016-01-01 07:00:00+00:00,Commercial,,586d4bf65457a366061c9606,586d4bf65457a366061c9606,"Time of Use, General Service, Demand Metered, Option GS-2 TOU A, Single Phase (At 220kV)",2017-01-01 07:00:00+00:00,Commercial,,1.0,True,True,strong,,
GS-2,Southern California Edison Co,539fcae9ec4f024d2f540066,56b92abe5457a3642c48d237,"Time of Use, General Service, Demand Metered, Critical Peak-Lite Option: TOU-GS-2 CPP-Lite, Single Phase (Under 2kV)",2016-01-01 07:00:00+00:00,Commercial,,586d4ca75457a348111c9605,586d4ca75457a348111c9605,"Time of Use, General Service, Demand Metered, Option A: GS-2 TOU A, Three Phase (At 220kV)",2017-01-01 07:00:00+00:00,Commercial,,1.0,True,True,strong,,
GS-2,Southern California Edison Co,539fcae9ec4f024d2f540066,56b92abe5457a3642c48d237,"Time of Use, General Service, Demand Metered, Critical Peak-Lite Option: TOU-GS-2 CPP-Lite, Single Phase (Under 2kV)",2016-01-01 07:00:00+00:00,Commercial,,59c05cde5457a30837bbb280,59c05cde5457a30837bbb280,"TOU-GS-2, Option E",2017-12-01 08:00:00+00:00,Commercial,,1.92,True,True,strong,,
GS-2,Southern California Edison Co,539fcae9ec4f024d2f540066,56b92abe5457a3642c48d237,"Time of Use, General Service, Demand Metered, Critical Peak-Lite Option: TOU-GS-2 CPP-Lite, Single Phase (Under 2kV)",2016-01-01 07:00:00+00:00,Commercial,,59c05bc05457a30837bbb27f,59c05bc05457a30837bbb27f,"TOU-GS-2, Option D",2017-12-01 08:00:00+00:00,Commercial,Delivery with Standard Offer,1.92,True,False,weak,,
GS-2,Southern California Edison Co,539fcae9ec4f024d2f540066,56b92abe5457a3642c48d237,"Time of Use, General Service, Demand Metered, Critical Peak-Lite Option: TOU-GS-2 CPP-Lite, Single Phase (Under 2kV)",2016-01-01 07:00:00+00:00,Commercial,,5bc7ba425457a3b5483b43ed,5bc7ba425457a3b5483b43ed,"TOU-GS-2, Option A",2018-10-01 06:00:00+00:00,Commercial,Bundled,2.75,True,False,weak,,
GS-2,Southern California Edison Co,539fcae9ec4f024d2f540066,56b92abe5457a3642c48d237,"Time of Use, General Service, Demand Metered, Critical Peak-Lite Option: TOU-GS-2 CPP-Lite, Single Phase (Under 2kV)",2016-01-01 07:00:00+00:00,Commercial,,5bc7bc025457a32d493b43ed,5bc7bc025457a32d493b43ed,"TOU-GS-2, Option B",2018-10-01 06:00:00+00:00,Commercial,Bundled,2.75,True,False,weak,,
GS-2,Southern California Edison Co,539fcae9ec4f024d2f540066,56b92abe5457a3642c48d237,"Time of Use, General Service, Demand Metered, Critical Peak-Lite Option: TOU-GS-2 CPP-Lite, Single Phase (Under 2kV)",2016-01-01 07:00:00+00:00,Commercial,,5bc7be2a5457a3a2783b43ed,5bc7be2a5457a3a2783b43ed,"TOU-GS-2, Option R",2018-10-01 06:00:00+00:00,Commercial,Bundled,2.75,True,False,weak,,
GS-2,Southern California Edison Co,539fcae9ec4f024d2f540066,56b92abe5457a3642c48d237,"Time of Use, General Service, Demand Metered, Critical Peak-Lite Option: TOU-GS-2 CPP-Lite, Single Phase (Under 2kV)",2016-01-01 07:00:00+00:00,Commercial,,5cdb9d385457a3616340c5d2,5cdb9d385457a3616340c5d2,"Time of Use, General Service, Demand Metered, Option E: GS-2 TOU E, Three Phase (Under 2 kV)",2019-04-12 07:00:00+00:00,Commercial,Bundled,3.28,True,False,weak,,
GS-2,Southern California Edison Co,539fcae9ec4f024d2f540066,56b92abe5457a3642c48d237,"Time of Use, General Service, Demand Metered, Critical Peak-Lite Option: TOU-GS-2 CPP-Lite, Single Phase (Under 2kV)",2016-01-01 07:00:00+00:00,Commercial,,5cdb9e605457a3b72b40c5d3,5cdb9e605457a3b72b40c5d3,"Time of Use, General Service, Demand Metered, Option D: GS-2 TOU D, Three Phase (Under 2 kV)",2019-04-12 07:00:00+00:00,Commercial,Bundled,3.28,True,False,weak,,
GS-3,Southern California Edison Co,539fcafdec4f024d2f540174,539fcafdec4f024d2f540174,"Time-of-use - General Service - Demand Metered: TOU-GS-3, Option A (at 220kV)",2014-01-01 13:00:00+00:00,Commercial,,557086ae5457a3f449db22a6,557086ae5457a3f449db22a6,"Time-of-use - General Service - Demand Metered: TOU-GS-3, Option A; REPEAT Rate",2015-06-01 06:00:00+00:00,Commercial,,1.41,True,True,strong,,
GS-3,Southern California Edison Co,539fcafdec4f024d2f540174,539fcafdec4f024d2f540174,"Time-of-use - General Service - Demand Metered: TOU-GS-3, Option A (at 220kV)",2014-01-01 13:00:00+00:00,Commercial,,55709cef5457a3b71fdb22a2,55709cef5457a3b71fdb22a2,"Time-of-use - General Service - Demand Metered: TOU-GS-3, Option R",2015-06-01 07:00:00+00:00,Commercial,,1.41,True,True,strong,,
GS-3,Southern California Edison Co,539fcafdec4f024d2f540174,539fcafdec4f024d2f540174,"Time-of-use - General Service - Demand Metered: TOU-GS-3, Option A (at 220kV)",2014-01-01 13:00:00+00:00,Commercial,,5570a0385457a33467db22a3,5570a0385457a33467db22a3,Time-Of-Use - General Service - Demand Metered: TOU-GS-3 Option CPP,2015-06-01 07:00:00+00:00,Commercial,,1.41,True,True,strong,,
GS-3,Southern California Edison Co,539fcafdec4f024d2f540174,539fcafdec4f024d2f540174,"Time-of-use - General Service - Demand Metered: TOU-GS-3, Option A (at 220kV)",2014-01-01 13:00:00+00:00,Commercial,,5570b8575457a37a19db22a6,5570b8575457a37a19db22a6,Time-of-use - General Service - Demand Metered-Super Off Peak: TOU-GS-3-SOP,2015-06-01 07:00:00+00:00,Commercial,,1.41,True,True,strong,,
GS-3,Southern California Edison Co,539fcafdec4f024d2f540174,539fcafdec4f024d2f540174,"Time-of-use - General Service - Demand Metered: TOU-GS-3, Option A (at 220kV)",2014-01-01 13:00:00+00:00,Commercial,,55708b045457a33467db22a2,55708b045457a33467db22a2,"Time-of-use - General Service - Demand Metered: TOU-GS-3, Option B",2016-01-01 08:00:00+00:00,Commercial,,2.0,True,True,strong,,
GS-3,Southern California Edison Co,539fcafdec4f024d2f540174,539fcafdec4f024d2f540174,"Time-of-use - General Service - Demand Metered: TOU-GS-3, Option A (at 220kV)",2014-01-01 13:00:00+00:00,Commercial,,586e87cc5457a3bc711c9606,586e87cc5457a3bc711c9606,"Time-of-use - General Service - Demand Metered: TOU-GS-3, Option R (50kV-220kV)",2017-01-01 07:00:00+00:00,Commercial,,3.0,True,True,strong,,
GS-3,Southern California Edison Co,539fcafdec4f024d2f540174,539fcafdec4f024d2f540174,"Time-of-use - General Service - Demand Metered: TOU-GS-3, Option A (at 220kV)",2014-01-01 13:00:00+00:00,Commercial,,586e86b95457a3d3711c9605,586e86b95457a3d3711c9605,"Time-of-use - General Service - Demand Metered: TOU-GS-3, Option R (2kV to 50kV)",2017-01-01 07:00:00+00:00,Commercial,,3.0,True,True,strong,,
GS-3,Southern California Edison Co,539fcafdec4f024d2f540174,539fcafdec4f024d2f540174,"Time-of-use - General Service - Demand Metered: TOU-GS-3, Option A (at 220kV)",2014-01-01 13:00:00+00:00,Commercial,,586e82f95457a3c1711c9605,586e82f95457a3c1711c9605,"Time-of-use - General Service - Demand Metered: TOU-GS-3, Option B (50kV to 220kV)",2017-01-01 07:00:00+00:00,Commercial,,3.0,True,True,strong,,
GS-3,Southern California Edison Co,539fcafdec4f024d2f540174,539fcafdec4f024d2f540174,"Time-of-use - General Service - Demand Metered: TOU-GS-3, Option A (at 220kV)",2014-01-01 13:00:00+00:00,Commercial,,586e819e5457a37c711c9605,586e819e5457a37c711c9605,"Time-of-use - General Service - Demand Metered: TOU-GS-3, Option B (2kV-50kV)",2017-01-01 07:00:00+00:00,Commercial,,3.0,True,True,strong,,
GS-3,Southern California Edison Co,539fcafdec4f024d2f540174,539fcafdec4f024d2f540174,"Time-of-use - General Service - Demand Metered: TOU-GS-3, Option A (at 220kV)",2014-01-01 13:00:00+00:00,Commercial,,586e7f305457a3dd711c9605,586e7f305457a3dd711c9605,"Time-of-use - General Service - Demand Metered: TOU-GS-3, Option A (at 220kV)",2017-01-01 07:00:00+00:00,Commercial,,3.0,True,True,strong,,
GS-3,Southern California Edison Co,539fcafdec4f024d2f540174,539fcafdec4f024d2f540174,"Time-of-use - General Service - Demand Metered: TOU-GS-3, Option A (at 220kV)",2014-01-01 13:00:00+00:00,Commercial,,586e7f055457a3bc711c9605,586e7f055457a3bc711c9605,"Time-of-use - General Service - Demand Metered: TOU-GS-3, Option A (50kV to 220kV)",2017-01-01 07:00:00+00:00,Commercial,,3.0,True,True,strong,,
GS-3,Southern California Edison Co,539fcafdec4f024d2f540174,539fcafdec4f024d2f540174,"Time-of-use - General Service - Demand Metered: TOU-GS-3, Option A (at 220kV)",2014-01-01 13:00:00+00:00,Commercial,,586e7ee45457a3c6711c9605,586e7ee45457a3c6711c9605,"Time-of-use - General Service - Demand Metered: TOU-GS-3, Option A (2kV to 50kV)",2017-01-01 07:00:00+00:00,Commercial,,3.0,True,True,strong,,
GS-3,Southern California Edison Co,539fcafdec4f024d2f540174,539fcafdec4f024d2f540174,"Time-of-use - General Service - Demand Metered: TOU-GS-3, Option A (at 220kV)",2014-01-01 13:00:00+00:00,Commercial,,59c05e4b5457a37206bbb281,59c05e4b5457a37206bbb281,"TOU-GS-3, Option D",2017-12-01 08:00:00+00:00,Commercial,,3.91,True,True,strong,,
GS-3,Southern California Edison Co,539fcafdec4f024d2f540174,539fcafdec4f024d2f540174,"Time-of-use - General Service - Demand Metered: TOU-GS-3, Option A (at 220kV)",2014-01-01 13:00:00+00:00,Commercial,,59c05f655457a3814ebbb27c,59c05f655457a3814ebbb27c,"TOU-GS-3, Option E",2017-12-01 08:00:00+00:00,Commercial,,3.91,True,True,strong,,
GS-3,Southern California Edison Co,539fcafdec4f024d2f540174,539fcafdec4f024d2f540174,"Time-of-use - General Service - Demand Metered: TOU-GS-3, Option A (at 220kV)",2014-01-01 13:00:00+00:00,Commercial,,5b5f27b45457a34051409a7c,5b5f27b45457a34051409a7c,"Time-of-use - General Service - Demand Metered: TOU-GS-3, Option R (Under 2kV)",2017-01-01 08:00:00+00:00,Commercial,Bundled,3.0,True,False,weak,,
GS-3,Southern California Edison Co,539fcafdec4f024d2f540174,539fcafdec4f024d2f540174,"Time-of-use - General Service - Demand Metered: TOU-GS-3, Option A (at 220kV)",2014-01-01 13:00:00+00:00,Commercial,,5b5f24005457a39779409a7b,5b5f24005457a39779409a7b,"Time-of-use - General Service - Demand Metered: TOU-GS-3, Option B (Under 2kV)",2017-01-01 08:00:00+00:00,Commercial,Bundled,3.0,True,False,weak,,
GS-3,Southern California Edison Co,539fcafdec4f024d2f540174,539fcafdec4f024d2f540174,"Time-of-use - General Service - Demand Metered: TOU-GS-3, Option A (at 220kV)",2014-01-01 13:00:00+00:00,Commercial,,5b5f1f965457a39579409a7c,5b5f1f965457a39579409a7c,"Time-of-use - General Service - Demand Metered: TOU-GS-3, Option A (Under 2kV)",2017-01-01 08:00:00+00:00,Commercial,Bundled,3.0,True,False,weak,,
GS-3,Southern California Edison Co,539fcafdec4f024d2f540174,539fcafdec4f024d2f540174,"Time-of-use - General Service - Demand Metered: TOU-GS-3, Option A (at 220kV)",2014-01-01 13:00:00+00:00,Commercial,,5b5ef3155457a39879409a7b,5b5ef3155457a39879409a7b,"Time-of-use - General Service - Demand Metered: TOU-GS-3, Option CPP (Under 2kV)",2017-01-01 08:00:00+00:00,Commercial,Bundled,3.0,True,False,weak,,
GS-3,Southern California Edison Co,539fcafdec4f024d2f540174,539fcafdec4f024d2f540174,"Time-of-use - General Service - Demand Metered: TOU-GS-3, Option A (at 220kV)",2014-01-01 13:00:00+00:00,Commercial,,586e81155457a31a7a1c9605,586e81155457a31a7a1c9605,"Time of Use, General Service, Demand Metered, Option B: GS-3 TOU B (Under 2kV)",2017-01-01 07:00:00+00:00,Commercial,Bundled,3.0,True,False,weak,,
GS-3,Southern California Edison Co,539fcafdec4f024d2f540174,539fcafdec4f024d2f540174,"Time-of-use - General Service - Demand Metered: TOU-GS-3, Option A (at 220kV)",2014-01-01 13:00:00+00:00,Commercial,,5b5f2c815457a39779409a7d,5b5f2c815457a39779409a7d,Time-of-use - General Service - Super Off Peak - Demand Metered: TOU-GS-3-SOP (under 2 kv),2017-01-01 08:00:00+00:00,Commercial,Bundled,3.0,True,False,weak,,
GS-3,Southern California Edison Co,539fcafdec4f024d2f540174,539fcafdec4f024d2f540174,"Time-of-use - General Service - Demand Metered: TOU-GS-3, Option A (at 220kV)",2014-01-01 13:00:00+00:00,Commercial,,5b5f384f5457a39779409a7e,5b5f384f5457a39779409a7e,Time-of-use - General Service - Demand Metered - NonTOU - GS-3 - (under 2 kv),2017-01-01 08:00:00+00:00,Commercial,Bundled,3.0,True,False,weak,,
TOU-8,Southern California Edison Co,539fcb6dec4f024d2f5405a2,539fcb6dec4f024d2f5405a2,"Time-Of-Use - General Service - Large: TOU-8, Option A (at 220kV); Closed Rate",2014-01-01 07:00:00+00:00,Commercial,,5571b8695457a38e37db22a5,5571b8695457a38e37db22a5,"Time-Of-Use - General Service - Large: TOU-8, Option R (above 50kV)",2015-06-01 07:00:00+00:00,Commercial,,1.41,True,True,strong,,
TOU-8,Southern California Edison Co,539fcb6dec4f024d2f5405a2,539fcb6dec4f024d2f5405a2,"Time-Of-Use - General Service - Large: TOU-8, Option A (at 220kV); Closed Rate",2014-01-01 07:00:00+00:00,Commercial,,587014c55457a36f0d1c9606,587014c55457a36f0d1c9606,"Time-Of-Use - General Service - Large: TOU-8, Option A (Under 2 kV)",2017-01-01 07:00:00+00:00,Commercial,,3.0,True,True,strong,,
TOU-8,Southern California Edison Co,539fcb6dec4f024d2f5405a2,539fcb6dec4f024d2f5405a2,"Time-Of-Use - General Service - Large: TOU-8, Option A (at 220kV); Closed Rate",2014-01-01 07:00:00+00:00,Commercial,,59c0608e5457a3c813bbb282,59c0608e5457a3c813bbb282,"TOU-8, Option D (BELOW 2 KV)",2017-12-01 08:00:00+00:00,Commercial,,3.92,True,True,strong,,
TOU-8,Southern California Edison Co,539fcb6dec4f024d2f5405a2,539fcb6dec4f024d2f5405a2,"Time-Of-Use - General Service - Large: TOU-8, Option A (at 220kV); Closed Rate",2014-01-01 07:00:00+00:00,Commercial,,59c0616d5457a3d348bbb27c,59c0616d5457a3d348bbb27c,"TOU-8, Option E (BELOW 2 KV)",2017-12-01 08:00:00+00:00,Commercial,,3.92,True,True,strong,,
TOU-8,Southern California Edison Co,539fcb6dec4f024d2f5405a2,539fcb6dec4f024d2f5405a2,"Time-Of-Use - General Service - Large: TOU-8, Option A (at 220kV); Closed Rate",2014-01-01 07:00:00+00:00,Commercial,,5c8028985457a3d93c4b0dbc,5c8028985457a3d93c4b0dbc,"Time-Of-Use - General Service - Large: TOU-8, Option D (Under 2 kV)",2015-03-01 08:00:00+00:00,Commercial,Bundled,1.16,True,False,weak,,
TOU-8,Southern California Edison Co,539fcb6dec4f024d2f5405a2,539fcb6dec4f024d2f5405a2,"Time-Of-Use - General Service - Large: TOU-8, Option A (at 220kV); Closed Rate",2014-01-01 07:00:00+00:00,Commercial,,5c802c755457a3773e4b0dbc,5c802c755457a3773e4b0dbc,"Time-Of-Use - General Service - Large: TOU-8, Option E (Under 2 kV)",2015-03-01 08:00:00+00:00,Commercial,Bundled,1.16,True,False,weak,,
TOU-8,Southern California Edison Co,539fcb6dec4f024d2f5405a2,539fcb6dec4f024d2f5405a2,"Time-Of-Use - General Service - Large: TOU-8, Option A (at 220kV); Closed Rate",2014-01-01 07:00:00+00:00,Commercial,,587016a85457a3d7241c9605,587016a85457a3d7241c9605,"Time-Of-Use - General Service - Large: TOU-8, Option B (Under 2 kV)",2017-01-01 08:00:00+00:00,Commercial,Bundled,3.0,True,False,weak,,
TOU-8,Southern California Edison Co,539fcb6dec4f024d2f5405a2,539fcb6dec4f024d2f5405a2,"Time-Of-Use - General Service - Large: TOU-8, Option A (at 220kV); Closed Rate",2014-01-01 07:00:00+00:00,Commercial,,5b593df35457a3a33426b8f8,5b593df35457a3a33426b8f8,"Time-Of-Use - General Service - Large: TOU-8, Option A (Under 2 kV)",2017-01-01 07:00:00+00:00,Commercial,Bundled,3.0,True,False,weak,,
TOU-8,Southern California Edison Co,539fcb6dec4f024d2f5405a2,539fcb6dec4f024d2f5405a2,"Time-Of-Use - General Service - Large: TOU-8, Option A (at 220kV); Closed Rate",2014-01-01 07:00:00+00:00,Commercial,,5b59413d5457a3f33726b8f8,5b59413d5457a3f33726b8f8,"Time-Of-Use - General Service - Large: TOU-8, Option R (under 2kV)",2017-01-01 07:00:00+00:00,Commercial,Bundled,3.0,True,False,weak,,
TOU-8,Southern California Edison Co,539fcb6dec4f024d2f5405a2,539fcb6dec4f024d2f5405a2,"Time-Of-Use - General Service - Large: TOU-8, Option A (at 220kV); Closed Rate",2014-01-01 07:00:00+00:00,Commercial,,5b5943bc5457a3463a26b8f8,5b5943bc5457a3463a26b8f8,"Time-Of-Use - General Service - Large: TOU-8, Option CPP (Under 2 kV)",2017-01-01 08:00:00+00:00,Commercial,Bundled,3.0,True,False,weak,,
TOU-8,Southern California Edison Co,539fcb6dec4f024d2f5405a2,539fcb6dec4f024d2f5405a2,"Time-Of-Use - General Service - Large: TOU-8, Option A (at 220kV); Closed Rate",2014-01-01 07:00:00+00:00,Commercial,,5b85d81a5457a34d068b4567,5b85d81a5457a34d068b4567,"Time-Of-Use - General Service - Large: TOU-8, Option A (2 kV - 50kV)",2017-01-01 07:00:00+00:00,Commercial,Bundled,3.0,True,False,weak,,
GS-3,Southern California Edison Co,539fcb6dec4f024d2f5405ca,539fcb6dec4f024d2f5405ca,"Time-of-use - General Service - Demand Metered: TOU-GS-3, Option A (Under 2kV)",2014-01-01 08:00:00+00:00,Commercial,,557086ae5457a3f449db22a6,557086ae5457a3f449db22a6,"Time-of-use - General Service - Demand Metered: TOU-GS-3, Option A; REPEAT Rate",2015-06-01 06:00:00+00:00,Commercial,,1.41,True,True,strong,,
GS-3,Southern California Edison Co,539fcb6dec4f024d2f5405ca,539fcb6dec4f024d2f5405ca,"Time-of-use - General Service - Demand Metered: TOU-GS-3, Option A (Under 2kV)",2014-01-01 08:00:00+00:00,Commercial,,55709cef5457a3b71fdb22a2,55709cef5457a3b71fdb22a2,"Time-of-use - General Service - Demand Metered: TOU-GS-3, Option R",2015-06-01 07:00:00+00:00,Commercial,,1.41,True,True,strong,,
GS-3,Southern California Edison Co,539fcb6dec4f024d2f5405ca,539fcb6dec4f024d2f5405ca,"Time-of-use - General Service - Demand Metered: TOU-GS-3, Option A (Under 2kV)",2014-01-01 08:00:00+00:00,Commercial,,5570a0385457a33467db22a3,5570a0385457a33467db22a3,Time-Of-Use - General Service - Demand Metered: TOU-GS-3 Option CPP,2015-06-01 07:00:00+00:00,Commercial,,1.41,True,True,strong,,
GS-3,Southern California Edison Co,539fcb6dec4f024d2f5405ca,539fcb6dec4f024d2f5405ca,"Time-of-use - General Service - Demand Metered: TOU-GS-3, Option A (Under 2kV)",2014-01-01 08:00:00+00:00,Commercial,,5570b8575457a37a19db22a6,5570b8575457a37a19db22a6,Time-of-use - General Service - Demand Metered-Super Off Peak: TOU-GS-3-SOP,2015-06-01 07:00:00+00:00,Commercial,,1.41,True,True,strong,,
GS-3,Southern California Edison Co,539fcb6dec4f024d2f5405ca,539fcb6dec4f024d2f5405ca,"Time-of-use - General Service - Demand Metered: TOU-GS-3, Option A (Under 2kV)",2014-01-01 08:00:00+00:00,Commercial,,55708b045457a33467db22a2,55708b045457a33467db22a2,"Time-of-use - General Service - Demand Metered: TOU-GS-3, Option B",2016-01-01 08:00:00+00:00,Commercial,,2.0,True,True,strong,,
GS-3,Southern California Edison Co,539fcb6dec4f024d2f5405ca,539fcb6dec4f024d2f5405ca,"Time-of-use - General Service - Demand Metered: TOU-GS-3, Option A (Under 2kV)",2014-01-01 08:00:00+00:00,Commercial,,586e87cc5457a3bc711c9606,586e87cc5457a3bc711c9606,"Time-of-use - General Service - Demand Metered: TOU-GS-3, Option R (50kV-220kV)",2017-01-01 07:00:00+00:00,Commercial,,3.0,True,True,strong,,
GS-3,Southern California Edison Co,539fcb6dec4f024d2f5405ca,539fcb6dec4f024d2f5405ca,"Time-of-use - General Service - Demand Metered: TOU-GS-3, Option A (Under 2kV)",2014-01-01 08:00:00+00:00,Commercial,,586e86b95457a3d3711c9605,586e86b95457a3d3711c9605,"Time-of-use - General Service - Demand Metered: TOU-GS-3, Option R (2kV to 50kV)",2017-01-01 07:00:00+00:00,Commercial,,3.0,True,True,strong,,
GS-3,Southern California Edison Co,539fcb6dec4f024d2f5405ca,539fcb6dec4f024d2f5405ca,"Time-of-use - General Service - Demand Metered: TOU-GS-3, Option A (Under 2kV)",2014-01-01 08:00:00+00:00,Commercial,,586e819e5457a37c711c9605,586e819e5457a37c711c9605,"Time-of-use - General Service - Demand Metered: TOU-GS-3, Option B (2kV-50kV)",2017-01-01 07:00:00+00:00,Commercial,,3.0,True,True,strong,,
GS-3,Southern California Edison Co,539fcb6dec4f024d2f5405ca,539fcb6dec4f024d2f5405ca,"Time-of-use - General Service - Demand Metered: TOU-GS-3, Option A (Under 2kV)",2014-01-01 08:00:00+00:00,Commercial,,586e82f95457a3c1711c9605,586e82f95457a3c1711c9605,"Time-of-use - General Service - Demand Metered: TOU-GS-3, Option B (50kV to 220kV)",2017-01-01 07:00:00+00:00,Commercial,,3.0,True,True,strong,,
GS-3,Southern California Edison Co,539fcb6dec4f024d2f5405ca,539fcb6dec4f024d2f5405ca,"Time-of-use - General Service - Demand Metered: TOU-GS-3, Option A (Under 2kV)",2014-01-01 08:00:00+00:00,Commercial,,586e7f305457a3dd711c9605,586e7f305457a3dd711c9605,"Time-of-use - General Service - Demand Metered: TOU-GS-3, Option A (at 220kV)",2017-01-01 07:00:00+00:00,Commercial,,3.0,True,True,strong,,
GS-3,Southern California Edison Co,539fcb6dec4f024d2f5405ca,539fcb6dec4f024d2f5405ca,"Time-of-use - General Service - Demand Metered: TOU-GS-3, Option A (Under 2kV)",2014-01-01 08:00:00+00:00,Commercial,,586e7f055457a3bc711c9605,586e7f055457a3bc711c9605,"Time-of-use - General Service - Demand Metered: TOU-GS-3, Option A (50kV to 220kV)",2017-01-01 07:00:00+00:00,Commercial,,3.0,True,True,strong,,
GS-3,Southern California Edison Co,539fcb6dec4f024d2f5405ca,539fcb6dec4f024d2f5405ca,"Time-of-use - General Service - Demand Metered: TOU-GS-3, Option A (Under 2kV)",2014-01-01 08:00:00+00:00,Commercial,,586e7ee45457a3c6711c9605,586e7ee45457a3c6711c9605,"Time-of-use - General Service - Demand Metered: TOU-GS-3, Option A (2kV to 50kV)",2017-01-01 07:00:00+00:00,Commercial,,3.0,True,True,strong,,
GS-3,Southern California Edison Co,539fcb6dec4f024d2f5405ca,539fcb6dec4f024d2f5405ca,"Time-of-use - General Service - Demand Metered: TOU-GS-3, Option A (Under 2kV)",2014-01-01 08:00:00+00:00,Commercial,,59c05e4b5457a37206bbb281,59c05e4b5457a37206bbb281,"TOU-GS-3, Option D",2017-12-01 08:00:00+00:00,Commercial,,3.92,True,True,strong,,
GS-3,Southern California Edison Co,539fcb6dec4f024d2f5405ca,539fcb6dec4f024d2f5405ca,"Time-of-use - General Service - Demand Metered: TOU-GS-3, Option A (Under 2kV)",2014-01-01 08:00:00+00:00,Commercial,,59c05f655457a3814ebbb27c,59c05f655457a3814ebbb27c,"TOU-GS-3, Option E",2017-12-01 08:00:00+00:00,Commercial,,3.92,True,True,strong,,
GS-3,Southern California Edison Co,539fcb6dec4f024d2f5405ca,539fcb6dec4f024d2f5405ca,"Time-of-use - General Service - Demand Metered: TOU-GS-3, Option A (Under 2kV)",2014-01-01 08:00:00+00:00,Commercial,,586e81155457a31a7a1c9605,586e81155457a31a7a1c9605,"Time of Use, General Service, Demand Metered, Option B: GS-3 TOU B (Under 2kV)",2017-01-01 07:00:00+00:00,Commercial,Bundled,3.0,True,False,weak,,
GS-3,Southern California Edison Co,539fcb6dec4f024d2f5405ca,539fcb6dec4f024d2f5405ca,"Time-of-use - General Service - Demand Metered: TOU-GS-3, Option A (Under 2kV)",2014-01-01 08:00:00+00:00,Commercial,,5b5f2c815457a39779409a7d,5b5f2c815457a39779409a7d,Time-of-use - General Service - Super Off Peak - Demand Metered: TOU-GS-3-SOP (under 2 kv),2017-01-01 08:00:00+00:00,Commercial,Bundled,3.0,True,False,weak,,
GS-3,Southern California Edison Co,539fcb6dec4f024d2f5405ca,539fcb6dec4f024d2f5405ca,"Time-of-use - General Service - Demand Metered: TOU-GS-3, Option A (Under 2kV)",2014-01-01 08:00:00+00:00,Commercial,,5b5ef3155457a39879409a7b,5b5ef3155457a39879409a7b,"Time-of-use - General Service - Demand Metered: TOU-GS-3, Option CPP (Under 2kV)",2017-01-01 08:00:00+00:00,Commercial,Bundled,3.0,True,False,weak,,
GS-3,Southern California Edison Co,539fcb6dec4f024d2f5405ca,539fcb6dec4f024d2f5405ca,"Time-of-use - General Service - Demand Metered: TOU-GS-3, Option A (Under 2kV)",2014-01-01 08:00:00+00:00,Commercial,,5b5f1f965457a39579409a7c,5b5f1f965457a39579409a7c,"Time-of-use - General Service - Demand Metered: TOU-GS-3, Option A (Under 2kV)",2017-01-01 08:00:00+00:00,Commercial,Bundled,3.0,True,False,weak,,
GS-3,Southern California Edison Co,539fcb6dec4f024d2f5405ca,539fcb6dec4f024d2f5405ca,"Time-of-use - General Service - Demand Metered: TOU-GS-3, Option A (Under 2kV)",2014-01-01 08:00:00+00:00,Commercial,,5b5f24005457a39779409a7b,5b5f24005457a39779409a7b,"Time-of-use - General Service - Demand Metered: TOU-GS-3, Option B (Under 2kV)",2017-01-01 08:00:00+00:00,Commercial,Bundled,3.0,True,False,weak,,
GS-3,Southern California Edison Co,539fcb6dec4f024d2f5405ca,539fcb6dec4f024d2f5405ca,"Time-of-use - General Service - Demand Metered: TOU-GS-3, Option A (Under 2kV)",2014-01-01 08:00:00+00:00,Commercial,,5b5f27b45457a34051409a7c,5b5f27b45457a34051409a7c,"Time-of-use - General Service - Demand Metered: TOU-GS-3, Option R (Under 2kV)",2017-01-01 08:00:00+00:00,Commercial,Bundled,3.0,True,False,weak,,
GS-3,Southern California Edison Co,539fcb6dec4f024d2f5405ca,539fcb6dec4f024d2f5405ca,"Time-of-use - General Service - Demand Metered: TOU-GS-3, Option A (Under 2kV)",2014-01-01 08:00:00+00:00,Commercial,,5b5f384f5457a39779409a7e,5b5f384f5457a39779409a7e,Time-of-use - General Service - Demand Metered - NonTOU - GS-3 - (under 2 kv),2017-01-01 08:00:00+00:00,Commercial,Bundled,3.0,True,False,weak,,
GS-1,Southern California Edison Co,556ddf465457a36065db22a5,556ddf465457a36065db22a5,GS-1:General Service Non-Demand Single Phase; Closed Rate,2015-06-01 06:00:00+00:00,Commercial,,586d2f4e5457a34b211c9607,586d2f4e5457a34b211c9607,"Time of Use, General Service, Non Demand, Option B: GS-1 TOU B, Single Phase (2 kV - 50 kV)",2017-01-01 07:00:00+00:00,Commercial,,1.59,True,True,strong,,
GS-1,Southern California Edison Co,556ddf465457a36065db22a5,556ddf465457a36065db22a5,GS-1:General Service Non-Demand Single Phase; Closed Rate,2015-06-01 06:00:00+00:00,Commercial,,586d3f6c5457a31b1b1c9606,586d3f6c5457a31b1b1c9606,"TOU General Service, Non Demand, Option C: GS-1 TOU C, Three Phase (At 220 kV)",2017-01-01 07:00:00+00:00,Commercial,,1.59,True,True,strong,,
GS-1,Southern California Edison Co,556ddf465457a36065db22a5,556ddf465457a36065db22a5,GS-1:General Service Non-Demand Single Phase; Closed Rate,2015-06-01 06:00:00+00:00,Commercial,,586d3e2e5457a3d8341c9606,586d3e2e5457a3d8341c9606,"TOU General Service, Non Demand, Option C: GS-1 TOU C, Single Phase (At 220 kV)",2017-01-01 07:00:00+00:00,Commercial,,1.59,True,True,strong,,
GS-1,Southern California Edison Co,556ddf465457a36065db22a5,556ddf465457a36065db22a5,GS-1:General Service Non-Demand Single Phase; Closed Rate,2015-06-01 06:00:00+00:00,Commercial,,586d3d055457a34f211c9607,586d3d055457a34f211c9607,"TOU General Service, Non Demand, Option C: GS-1 TOU C, Three Phase (50 kV - 220 kV)",2017-01-01 07:00:00+00:00,Commercial,,1.59,True,True,strong,,
GS-1,Southern California Edison Co,556ddf465457a36065db22a5,556ddf465457a36065db22a5,GS-1:General Service Non-Demand Single Phase; Closed Rate,2015-06-01 06:00:00+00:00,Commercial,,586d3c255457a37d7c1c9605,586d3c255457a37d7c1c9605,"TOU General Service, Non Demand, Option C: GS-1 TOU C, Single Phase (50 kV - 220 kV)",2017-01-01 07:00:00+00:00,Commercial,,1.59,True,True,strong,,
GS-1,Southern California Edison Co,556ddf465457a36065db22a5,556ddf465457a36065db22a5,GS-1:General Service Non-Demand Single Phase; Closed Rate,2015-06-01 06:00:00+00:00,Commercial,,586d3a855457a3cb361c9605,586d3a855457a3cb361c9605,"TOU General Service, Non Demand, Option C: GS-1 TOU C, Three Phase (2 kV - 50 kV)",2017-01-01 07:00:00+00:00,Commercial,,1.59,True,True,strong,,
GS-1,Southern California Edison Co,556ddf465457a36065db22a5,556ddf465457a36065db22a5,GS-1:General Service Non-Demand Single Phase; Closed Rate,2015-06-01 06:00:00+00:00,Commercial,,586d399f5457a34d211c9605,586d399f5457a34d211c9605,"TOU General Service, Non Demand, Option C: GS-1 TOU C, Single Phase (2 kV - 50 kV)",2017-01-01 07:00:00+00:00,Commercial,,1.59,True,True,strong,,
GS-1,Southern California Edison Co,556ddf465457a36065db22a5,556ddf465457a36065db22a5,GS-1:General Service Non-Demand Single Phase; Closed Rate,2015-06-01 06:00:00+00:00,Commercial,,586d35c45457a31b1b1c9605,586d35c45457a31b1b1c9605,"Time of Use, General Service, Non Demand, Option B: GS-1 TOU B, Three Phase (At 220 kV)",2017-01-01 07:00:00+00:00,Commercial,,1.59,True,True,strong,,
GS-1,Southern California Edison Co,556ddf465457a36065db22a5,556ddf465457a36065db22a5,GS-1:General Service Non-Demand Single Phase; Closed Rate,2015-06-01 06:00:00+00:00,Commercial,,586d35025457a34b211c9609,586d35025457a34b211c9609,"Time of Use, General Service, Non Demand, Option B: GS-1 TOU B, Single Phase (At 220 kV)",2017-01-01 07:00:00+00:00,Commercial,,1.59,True,True,strong,,
GS-1,Southern California Edison Co,556ddf465457a36065db22a5,556ddf465457a36065db22a5,GS-1:General Service Non-Demand Single Phase; Closed Rate,2015-06-01 06:00:00+00:00,Commercial,,586d33f05457a34f211c9606,586d33f05457a34f211c9606,"Time of Use, General Service, Non Demand, Option B: GS-1 TOU B, Three Phase (50 kV - 220 kV)",2017-01-01 07:00:00+00:00,Commercial,,1.59,True,True,strong,,
GS-1,Southern California Edison Co,556ddf465457a36065db22a5,556ddf465457a36065db22a5,GS-1:General Service Non-Demand Single Phase; Closed Rate,2015-06-01 06:00:00+00:00,Commercial,,586d32cf5457a34b211c9608,586d32cf5457a34b211c9608,"Time of Use, General Service, Non Demand, Option B: GS-1 TOU B, Single Phase (50 kV - 220 kV)",2017-01-01 07:00:00+00:00,Commercial,,1.59,True,True,strong,,
GS-1,Southern California Edison Co,556ddf465457a36065db22a5,556ddf465457a36065db22a5,GS-1:General Service Non-Demand Single Phase; Closed Rate,2015-06-01 06:00:00+00:00,Commercial,,586d30c35457a3d8341c9605,586d30c35457a3d8341c9605,"Time of Use, General Service, Non Demand, Option B: GS-1 TOU B, Three Phase (2 kV - 50 kV)",2017-01-01 07:00:00+00:00,Commercial,,1.59,True,True,strong,,
GS-1,Southern California Edison Co,556ddf465457a36065db22a5,556ddf465457a36065db22a5,GS-1:General Service Non-Demand Single Phase; Closed Rate,2015-06-01 06:00:00+00:00,Commercial,,59c059345457a3b066bbb282,59c059345457a3b066bbb282,"TOU-GS-1, Option E",2017-12-01 08:00:00+00:00,Commercial,,2.5,True,True,strong,,
GS-1,Southern California Edison Co,556ddf465457a36065db22a5,556ddf465457a36065db22a5,GS-1:General Service Non-Demand Single Phase; Closed Rate,2015-06-01 06:00:00+00:00,Commercial,,59c05a965457a30837bbb27e,59c05a965457a30837bbb27e,"TOU-GS-1, Option D",2017-12-01 08:00:00+00:00,Commercial,,2.5,True,True,strong,,
GS-1,Southern California Edison Co,556ddf465457a36065db22a5,556ddf465457a36065db22a5,GS-1:General Service Non-Demand Single Phase; Closed Rate,2015-06-01 06:00:00+00:00,Commercial,,5b5f64835457a35667409a7c,5b5f64835457a35667409a7c,"TOU General Service, Option C: GS-1 TOU B, 3-Phase (Under 2 kV)",2017-01-01 08:00:00+00:00,Commercial,Bundled,1.59,True,False,weak,,
GS-1,Southern California Edison Co,556ddf465457a36065db22a5,556ddf465457a36065db22a5,GS-1:General Service Non-Demand Single Phase; Closed Rate,2015-06-01 06:00:00+00:00,Commercial,,5b5f3ca85457a37b63409a7b,5b5f3ca85457a37b63409a7b,"TOU General Service, Option C: GS-1 TOU C, 3-Phase (Under 2 kV)",2017-01-01 08:00:00+00:00,Commercial,Bundled,1.59,True,False,weak,,
GS-1,Southern California Edison Co,556ddf465457a36065db22a5,556ddf465457a36065db22a5,GS-1:General Service Non-Demand Single Phase; Closed Rate,2015-06-01 06:00:00+00:00,Commercial,,5df016d95457a3ab783fb277,5df016d95457a3ab783fb277,ME- GS-1 TOU A,2017-01-01 07:00:00+00:00,Commercial,Bundled,1.59,True,False,weak,,
GS-1,Southern California Edison Co,556ddf465457a36065db22a5,556ddf465457a36065db22a5,GS-1:General Service Non-Demand Single Phase; Closed Rate,2015-06-01 06:00:00+00:00,Commercial,,5df047f45457a332513fb27a,5df047f45457a332513fb27a,ME- GS-1 TOU C,2017-01-01 07:00:00+00:00,Commercial,Bundled,1.59,True,False,weak,,
GS-1,Southern California Edison Co,556ddf465457a36065db22a5,556ddf465457a36065db22a5,GS-1:General Service Non-Demand Single Phase; Closed Rate,2015-06-01 06:00:00+00:00,Commercial,,5b5f69855457a32f7a409a7c,5b5f69855457a32f7a409a7c,"TOU General Service, Option C: GS-1 TOU A, 3-Phase (Under 2 kV)",2017-01-01 08:00:00+00:00,Commercial,Bundled,1.59,True,False,weak,,
GS-1,Southern California Edison Co,556ddf465457a36065db22a5,556ddf465457a36065db22a5,GS-1:General Service Non-Demand Single Phase; Closed Rate,2015-06-01 06:00:00+00:00,Commercial,,5dbb53085457a30e46dc72bb,5dbb53085457a30e46dc72bb,"ME GS-1 TOU B, Three Phase (Under 2 kV)",2017-01-01 07:00:00+00:00,Commercial,Bundled,1.59,True,False,weak,,
GS-1,Southern California Edison Co,556ddf465457a36065db22a5,556ddf465457a36065db22a5,GS-1:General Service Non-Demand Single Phase; Closed Rate,2015-06-01 06:00:00+00:00,Commercial,,5bc7bd295457a3b5483b43ee,5bc7bd295457a3b5483b43ee,"TOU-GS-1, Option C",2018-10-01 06:00:00+00:00,Commercial,Bundled,3.33,True,False,weak,,
GS-1,Southern California Edison Co,556ddf465457a36065db22a5,556ddf465457a36065db22a5,GS-1:General Service Non-Demand Single Phase; Closed Rate,2015-06-01 06:00:00+00:00,Commercial,,5d9bc5355457a3d965598dce,5d9bc5355457a3d965598dce,"Time of Use, General Service, Option A: GS-1 TOU Option A, Three Phase (Under 2 kV)",2018-10-01 07:00:00+00:00,Commercial,Bundled,3.33,True,False,weak,,
GS-1,Southern California Edison Co,556ddf465457a36065db22a5,556ddf465457a36065db22a5,GS-1:General Service Non-Demand Single Phase; Closed Rate,2015-06-01 06:00:00+00:00,Commercial,,5bc7b6c75457a3a2783b43ec,5bc7b6c75457a3a2783b43ec,"TOU-GS-1, Option A",2018-10-01 06:00:00+00:00,Commercial,Bundled,3.33,True,False,weak,,
GS-1,Southern California Edison Co,556ddf465457a36065db22a5,556ddf465457a36065db22a5,GS-1:General Service Non-Demand Single Phase; Closed Rate,2015-06-01 06:00:00+00:00,Commercial,,5bc7b9175457a3ee6b3b43ee,5bc7b9175457a3ee6b3b43ee,"TOU-GS-1, Option B",2018-10-01 06:00:00+00:00,Commercial,Bundled,3.33,True,False,weak,,
GS-1,Southern California Edison Co,556ddf465457a36065db22a5,556ddf465457a36065db22a5,GS-1:General Service Non-Demand Single Phase; Closed Rate,2015-06-01 06:00:00+00:00,Commercial,,5df081605457a38f2a3fb279,5df081605457a38f2a3fb279,ME- GS-1 TOU E,2019-03-01 07:00:00+00:00,Commercial,Bundled,3.75,True,False,weak,,
GS-2,Southern California Edison Co,55705ad65457a3f449db22a3,55705ad65457a3f449db22a3,"General Service - Demand: GS-2, Single Phase Service; Closed Rate",2015-06-01 06:00:00+00:00,Commercial,,574f6b105457a3d8785e629e,574f6b105457a3d8785e629e,"Time of Use, General Service, Demand Metered, TOU-GS-2, Option B",2016-05-02 06:00:00+00:00,Commercial,,0.92,True,True,strong,,
GS-2,Southern California Edison Co,55705ad65457a3f449db22a3,55705ad65457a3f449db22a3,"General Service - Demand: GS-2, Single Phase Service; Closed Rate",2015-06-01 06:00:00+00:00,Commercial,,586d4bf65457a366061c9606,586d4bf65457a366061c9606,"Time of Use, General Service, Demand Metered, Option GS-2 TOU A, Single Phase (At 220kV)",2017-01-01 07:00:00+00:00,Commercial,,1.59,True,True,strong,,
GS-2,Southern California Edison Co,55705ad65457a3f449db22a3,55705ad65457a3f449db22a3,"General Service - Demand: GS-2, Single Phase Service; Closed Rate",2015-06-01 06:00:00+00:00,Commercial,,586d4ca75457a348111c9605,586d4ca75457a348111c9605,"Time of Use, General Service, Demand Metered, Option A: GS-2 TOU A, Three Phase (At 220kV)",2017-01-01 07:00:00+00:00,Commercial,,1.59,True,True,strong,,
GS-2,Southern California Edison Co,55705ad65457a3f449db22a3,55705ad65457a3f449db22a3,"General Service - Demand: GS-2, Single Phase Service; Closed Rate",2015-06-01 06:00:00+00:00,Commercial,,59c05cde5457a30837bbb280,59c05cde5457a30837bbb280,"TOU-GS-2, Option E",2017-12-01 08:00:00+00:00,Commercial,,2.5,True,True,strong,,
GS-2,Southern California Edison Co,55705ad65457a3f449db22a3,55705ad65457a3f449db22a3,"General Service - Demand: GS-2, Single Phase Service; Closed Rate",2015-06-01 06:00:00+00:00,Commercial,,59c05bc05457a30837bbb27f,59c05bc05457a30837bbb27f,"TOU-GS-2, Option D",2017-12-01 08:00:00+00:00,Commercial,Delivery with Standard Offer,2.5,True,False,weak,,
GS-2,Southern California Edison Co,55705ad65457a3f449db22a3,55705ad65457a3f449db22a3,"General Service - Demand: GS-2, Single Phase Service; Closed Rate",2015-06-01 06:00:00+00:00,Commercial,,5bc7ba425457a3b5483b43ed,5bc7ba425457a3b5483b43ed,"TOU-GS-2, Option A",2018-10-01 06:00:00+00:00,Commercial,Bundled,3.33,True,False,weak,,
GS-2,Southern California Edison Co,55705ad65457a3f449db22a3,55705ad65457a3f449db22a3,"General Service - Demand: GS-2, Single Phase Service; Closed Rate",2015-06-01 06:00:00+00:00,Commercial,,5bc7bc025457a32d493b43ed,5bc7bc025457a32d493b43ed,"TOU-GS-2, Option B",2018-10-01 06:00:00+00:00,Commercial,Bundled,3.33,True,False,weak,,
GS-2,Southern California Edison Co,55705ad65457a3f449db22a3,55705ad65457a3f449db22a3,"General Service - Demand: GS-2, Single Phase Service; Closed Rate",2015-06-01 06:00:00+00:00,Commercial,,5bc7be2a5457a3a2783b43ed,5bc7be2a5457a3a2783b43ed,"TOU-GS-2, Option R",2018-10-01 06:00:00+00:00,Commercial,Bundled,3.33,True,False,weak,,
GS-2,Southern California Edison Co,55705ad65457a3f449db22a3,55705ad65457a3f449db22a3,"General Service - Demand: GS-2, Single Phase Service; Closed Rate",2015-06-01 06:00:00+00:00,Commercial,,5cdb9d385457a3616340c5d2,5cdb9d385457a3616340c5d2,"Time of Use, General Service, Demand Metered, Option E: GS-2 TOU E, Three Phase (Under 2 kV)",2019-04-12 07:00:00+00:00,Commercial,Bundled,3.86,True,False,weak,,
GS-2,Southern California Edison Co,55705ad65457a3f449db22a3,55705ad65457a3f449db22a3,"General Service - Demand: GS-2, Single Phase Service; Closed Rate",2015-06-01 06:00:00+00:00,Commercial,,5cdb9e605457a3b72b40c5d3,5cdb9e605457a3b72b40c5d3,"Time of Use, General Service, Demand Metered, Option D: GS-2 TOU D, Three Phase (Under 2 kV)",2019-04-12 07:00:00+00:00,Commercial,Bundled,3.86,True,False,weak,,
GS-2,Southern California Edison Co,55705f695457a3a23cdb22a3,55705f695457a3a23cdb22a3,General Service - Demand: GS-2 - Three Phase; Closed Rate,2015-06-01 06:00:00+00:00,Commercial,,574f6b105457a3d8785e629e,574f6b105457a3d8785e629e,"Time of Use, General Service, Demand Metered, TOU-GS-2, Option B",2016-05-02 06:00:00+00:00,Commercial,,0.92,True,True,strong,,
GS-2,Southern California Edison Co,55705f695457a3a23cdb22a3,55705f695457a3a23cdb22a3,General Service - Demand: GS-2 - Three Phase; Closed Rate,2015-06-01 06:00:00+00:00,Commercial,,586d4bf65457a366061c9606,586d4bf65457a366061c9606,"Time of Use, General Service, Demand Metered, Option GS-2 TOU A, Single Phase (At 220kV)",2017-01-01 07:00:00+00:00,Commercial,,1.59,True,True,strong,,
GS-2,Southern California Edison Co,55705f695457a3a23cdb22a3,55705f695457a3a23cdb22a3,General Service - Demand: GS-2 - Three Phase; Closed Rate,2015-06-01 06:00:00+00:00,Commercial,,586d4ca75457a348111c9605,586d4ca75457a348111c9605,"Time of Use, General Service, Demand Metered, Option A: GS-2 TOU A, Three Phase (At 220kV)",2017-01-01 07:00:00+00:00,Commercial,,1.59,True,True,strong,,
GS-2,Southern California Edison Co,55705f695457a3a23cdb22a3,55705f695457a3a23cdb22a3,General Service - Demand: GS-2 - Three Phase; Closed Rate,2015-06-01 06:00:00+00:00,Commercial,,59c05cde5457a30837bbb280,59c05cde5457a30837bbb280,"TOU-GS-2, Option E",2017-12-01 08:00:00+00:00,Commercial,,2.5,True,True,strong,,
GS-2,Southern California Edison Co,55705f695457a3a23cdb22a3,55705f695457a3a23cdb22a3,General Service - Demand: GS-2 - Three Phase; Closed Rate,2015-06-01 06:00:00+00:00,Commercial,,59c05bc05457a30837bbb27f,59c05bc05457a30837bbb27f,"TOU-GS-2, Option D",2017-12-01 08:00:00+00:00,Commercial,Delivery with Standard Offer,2.5,True,False,weak,,
GS-2,Southern California Edison Co,55705f695457a3a23cdb22a3,55705f695457a3a23cdb22a3,General Service - Demand: GS-2 - Three Phase; Closed Rate,2015-06-01 06:00:00+00:00,Commercial,,5bc7ba425457a3b5483b43ed,5bc7ba425457a3b5483b43ed,"TOU-GS-2, Option A",2018-10-01 06:00:00+00:00,Commercial,Bundled,3.33,True,False,weak,,
GS-2,Southern California Edison Co,55705f695457a3a23cdb22a3,55705f695457a3a23cdb22a3,General Service - Demand: GS-2 - Three Phase; Closed Rate,2015-06-01 06:00:00+00:00,Commercial,,5bc7bc025457a32d493b43ed,5bc7bc025457a32d493b43ed,"TOU-GS-2, Option B",2018-10-01 06:00:00+00:00,Commercial,Bundled,3.33,True,False,weak,,
GS-2,Southern California Edison Co,55705f695457a3a23cdb22a3,55705f695457a3a23cdb22a3,General Service - Demand: GS-2 - Three Phase; Closed Rate,2015-06-01 06:00:00+00:00,Commercial,,5bc7be2a5457a3a2783b43ed,5bc7be2a5457a3a2783b43ed,"TOU-GS-2, Option R",2018-10-01 06:00:00+00:00,Commercial,Bundled,3.33,True,False,weak,,
GS-2,Southern California Edison Co,55705f695457a3a23cdb22a3,55705f695457a3a23cdb22a3,General Service - Demand: GS-2 - Three Phase; Closed Rate,2015-06-01 06:00:00+00:00,Commercial,,5cdb9d385457a3616340c5d2,5cdb9d385457a3616340c5d2,"Time of Use, General Service, Demand Metered, Option E: GS-2 TOU E, Three Phase (Under 2 kV)",2019-04-12 07:00:00+00:00,Commercial,Bundled,3.86,True,False,weak,,
GS-2,Southern California Edison Co,55705f695457a3a23cdb22a3,55705f695457a3a23cdb22a3,General Service - Demand: GS-2 - Three Phase; Closed Rate,2015-06-01 06:00:00+00:00,Commercial,,5cdb9e605457a3b72b40c5d3,5cdb9e605457a3b72b40c5d3,"Time of Use, General Service, Demand Metered, Option D: GS-2 TOU D, Three Phase (Under 2 kV)",2019-04-12 07:00:00+00:00,Commercial,Bundled,3.86,True,False,weak,,
GS-2,Southern California Edison Co,557063955457a3fb54db22a2,5c81809d7bece2299eceb3da,"Time of Use, General Service, Demand Metered, Option A: GS-2 TOU A, Single Phase (Under 2 kV)",2018-10-01 07:00:00+00:00,Commercial,Bundled,5cdb9d385457a3616340c5d2,5cdb9d385457a3616340c5d2,"Time of Use, General Service, Demand Metered, Option E: GS-2 TOU E, Three Phase (Under 2 kV)",2019-04-12 07:00:00+00:00,Commercial,Bundled,0.53,True,True,strong,,
GS-2,Southern California Edison Co,557063955457a3fb54db22a2,5c81809d7bece2299eceb3da,"Time of Use, General Service, Demand Metered, Option A: GS-2 TOU A, Single Phase (Under 2 kV)",2018-10-01 07:00:00+00:00,Commercial,Bundled,5cdb9e605457a3b72b40c5d3,5cdb9e605457a3b72b40c5d3,"Time of Use, General Service, Demand Metered, Option D: GS-2 TOU D, Three Phase (Under 2 kV)",2019-04-12 07:00:00+00:00,Commercial,Bundled,0.53,True,True,strong,,
GS-2,Southern California Edison Co,557067a65457a3b602db22a3,586c16045457a369201c9605,"Time of Use, General Service, Demand Metered, Option A: GS-2 TOU A, Three Phase (Under 2 kV)",2017-01-01 07:00:00+00:00,Commercial,,59c05cde5457a30837bbb280,59c05cde5457a30837bbb280,"TOU-GS-2, Option E",2017-12-01 08:00:00+00:00,Commercial,,0.91,True,True,strong,,
GS-2,Southern California Edison Co,557067a65457a3b602db22a3,586c16045457a369201c9605,"Time of Use, General Service, Demand Metered, Option A: GS-2 TOU A, Three Phase (Under 2 kV)",2017-01-01 07:00:00+00:00,Commercial,,59c05bc05457a30837bbb27f,59c05bc05457a30837bbb27f,"TOU-GS-2, Option D",2017-12-01 08:00:00+00:00,Commercial,Delivery with Standard Offer,0.91,True,False,weak,,
GS-2,Southern California Edison Co,557067a65457a3b602db22a3,586c16045457a369201c9605,"Time of Use, General Service, Demand Metered, Option A: GS-2 TOU A, Three Phase (Under 2 kV)",2017-01-01 07:00:00+00:00,Commercial,,5bc7ba425457a3b5483b43ed,5bc7ba425457a3b5483b43ed,"TOU-GS-2, Option A",2018-10-01 06:00:00+00:00,Commercial,Bundled,1.74,True,False,weak,,
GS-2,Southern California Edison Co,557067a65457a3b602db22a3,586c16045457a369201c9605,"Time of Use, General Service, Demand Metered, Option A: GS-2 TOU A, Three Phase (Under 2 kV)",2017-01-01 07:00:00+00:00,Commercial,,5bc7bc025457a32d493b43ed,5bc7bc025457a32d493b43ed,"TOU-GS-2, Option B",2018-10-01 06:00:00+00:00,Commercial,Bundled,1.74,True,False,weak,,
GS-2,Southern California Edison Co,557067a65457a3b602db22a3,586c16045457a369201c9605,"Time of Use, General Service, Demand Metered, Option A: GS-2 TOU A, Three Phase (Under 2 kV)",2017-01-01 07:00:00+00:00,Commercial,,5bc7be2a5457a3a2783b43ed,5bc7be2a5457a3a2783b43ed,"TOU-GS-2, Option R",2018-10-01 06:00:00+00:00,Commercial,Bundled,1.74,True,False,weak,,
GS-2,Southern California Edison Co,557067a65457a3b602db22a3,586c16045457a369201c9605,"Time of Use, General Service, Demand Metered, Option A: GS-2 TOU A, Three Phase (Under 2 kV)",2017-01-01 07:00:00+00:00,Commercial,,5cdb9d385457a3616340c5d2,5cdb9d385457a3616340c5d2,"Time of Use, General Service, Demand Metered, Option E: GS-2 TOU E, Three Phase (Under 2 kV)",2019-04-12 07:00:00+00:00,Commercial,Bundled,2.28,True,False,weak,,
GS-2,Southern California Edison Co,557067a65457a3b602db22a3,586c16045457a369201c9605,"Time of Use, General Service, Demand Metered, Option A: GS-2 TOU A, Three Phase (Under 2 kV)",2017-01-01 07:00:00+00:00,Commercial,,5cdb9e605457a3b72b40c5d3,5cdb9e605457a3b72b40c5d3,"Time of Use, General Service, Demand Metered, Option D: GS-2 TOU D, Three Phase (Under 2 kV)",2019-04-12 07:00:00+00:00,Commercial,Bundled,2.28,True,False,weak,,
GS-2,Southern California Edison Co,55707a575457a37354db22a4,56b928505457a3502c48d234,"Time of Use, General Service, Demand Metered, Critical Peak Option: TOU-GS-2 CPP, Single Phase (2kv-50kv)",2016-01-01 07:00:00+00:00,Commercial,,574f6b105457a3d8785e629e,574f6b105457a3d8785e629e,"Time of Use, General Service, Demand Metered, TOU-GS-2, Option B",2016-05-02 06:00:00+00:00,Commercial,,0.33,True,True,strong,,
GS-2,Southern California Edison Co,55707a575457a37354db22a4,56b928505457a3502c48d234,"Time of Use, General Service, Demand Metered, Critical Peak Option: TOU-GS-2 CPP, Single Phase (2kv-50kv)",2016-01-01 07:00:00+00:00,Commercial,,586d4bf65457a366061c9606,586d4bf65457a366061c9606,"Time of Use, General Service, Demand Metered, Option GS-2 TOU A, Single Phase (At 220kV)",2017-01-01 07:00:00+00:00,Commercial,,1.0,True,True,strong,,
GS-2,Southern California Edison Co,55707a575457a37354db22a4,56b928505457a3502c48d234,"Time of Use, General Service, Demand Metered, Critical Peak Option: TOU-GS-2 CPP, Single Phase (2kv-50kv)",2016-01-01 07:00:00+00:00,Commercial,,586d4ca75457a348111c9605,586d4ca75457a348111c9605,"Time of Use, General Service, Demand Metered, Option A: GS-2 TOU A, Three Phase (At 220kV)",2017-01-01 07:00:00+00:00,Commercial,,1.0,True,True,strong,,
GS-2,Southern California Edison Co,55707a575457a37354db22a4,56b928505457a3502c48d234,"Time of Use, General Service, Demand Metered, Critical Peak Option: TOU-GS-2 CPP, Single Phase (2kv-50kv)",2016-01-01 07:00:00+00:00,Commercial,,59c05cde5457a30837bbb280,59c05cde5457a30837bbb280,"TOU-GS-2, Option E",2017-12-01 08:00:00+00:00,Commercial,,1.92,True,True,strong,,
GS-2,Southern California Edison Co,55707a575457a37354db22a4,56b928505457a3502c48d234,"Time of Use, General Service, Demand Metered, Critical Peak Option: TOU-GS-2 CPP, Single Phase (2kv-50kv)",2016-01-01 07:00:00+00:00,Commercial,,59c05bc05457a30837bbb27f,59c05bc05457a30837bbb27f,"TOU-GS-2, Option D",2017-12-01 08:00:00+00:00,Commercial,Delivery with Standard Offer,1.92,True,False,weak,,
GS-2,Southern California Edison Co,55707a575457a37354db22a4,56b928505457a3502c48d234,"Time of Use, General Service, Demand Metered, Critical Peak Option: TOU-GS-2 CPP, Single Phase (2kv-50kv)",2016-01-01 07:00:00+00:00,Commercial,,5bc7ba425457a3b5483b43ed,5bc7ba425457a3b5483b43ed,"TOU-GS-2, Option A",2018-10-01 06:00:00+00:00,Commercial,Bundled,2.75,True,False,weak,,
GS-2,Southern California Edison Co,55707a575457a37354db22a4,56b928505457a3502c48d234,"Time of Use, General Service, Demand Metered, Critical Peak Option: TOU-GS-2 CPP, Single Phase (2kv-50kv)",2016-01-01 07:00:00+00:00,Commercial,,5bc7bc025457a32d493b43ed,5bc7bc025457a32d493b43ed,"TOU-GS-2, Option B",2018-10-01 06:00:00+00:00,Commercial,Bundled,2.75,True,False,weak,,
GS-2,Southern California Edison Co,55707a575457a37354db22a4,56b928505457a3502c48d234,"Time of Use, General Service, Demand Metered, Critical Peak Option: TOU-GS-2 CPP, Single Phase (2kv-50kv)",2016-01-01 07:00:00+00:00,Commercial,,5bc7be2a5457a3a2783b43ed,5bc7be2a5457a3a2783b43ed,"TOU-GS-2, Option R",2018-10-01 06:00:00+00:00,Commercial,Bundled,2.75,True,False,weak,,
GS-2,Southern California Edison Co,55707a575457a37354db22a4,56b928505457a3502c48d234,"Time of Use, General Service, Demand Metered, Critical Peak Option: TOU-GS-2 CPP, Single Phase (2kv-50kv)",2016-01-01 07:00:00+00:00,Commercial,,5cdb9d385457a3616340c5d2,5cdb9d385457a3616340c5d2,"Time of Use, General Service, Demand Metered, Option E: GS-2 TOU E, Three Phase (Under 2 kV)",2019-04-12 07:00:00+00:00,Commercial,Bundled,3.28,True,False,weak,,
GS-2,Southern California Edison Co,55707a575457a37354db22a4,56b928505457a3502c48d234,"Time of Use, General Service, Demand Metered, Critical Peak Option: TOU-GS-2 CPP, Single Phase (2kv-50kv)",2016-01-01 07:00:00+00:00,Commercial,,5cdb9e605457a3b72b40c5d3,5cdb9e605457a3b72b40c5d3,"Time of Use, General Service, Demand Metered, Option D: GS-2 TOU D, Three Phase (Under 2 kV)",2019-04-12 07:00:00+00:00,Commercial,Bundled,3.28,True,False,weak,,
GS-2,Southern California Edison Co,55707d1c5457a3f449db22a4,56b92e275457a3890348d234,"Time of Use, General Service, Demand Metered, Critical Peak Option: TOU-GS-2 CPP, Single Phase (50kv-220kv)",2016-01-01 07:00:00+00:00,Commercial,,574f6b105457a3d8785e629e,574f6b105457a3d8785e629e,"Time of Use, General Service, Demand Metered, TOU-GS-2, Option B",2016-05-02 06:00:00+00:00,Commercial,,0.33,True,True,strong,,
GS-2,Southern California Edison Co,55707d1c5457a3f449db22a4,56b92e275457a3890348d234,"Time of Use, General Service, Demand Metered, Critical Peak Option: TOU-GS-2 CPP, Single Phase (50kv-220kv)",2016-01-01 07:00:00+00:00,Commercial,,586d4bf65457a366061c9606,586d4bf65457a366061c9606,"Time of Use, General Service, Demand Metered, Option GS-2 TOU A, Single Phase (At 220kV)",2017-01-01 07:00:00+00:00,Commercial,,1.0,True,True,strong,,
GS-2,Southern California Edison Co,55707d1c5457a3f449db22a4,56b92e275457a3890348d234,"Time of Use, General Service, Demand Metered, Critical Peak Option: TOU-GS-2 CPP, Single Phase (50kv-220kv)",2016-01-01 07:00:00+00:00,Commercial,,586d4ca75457a348111c9605,586d4ca75457a348111c9605,"Time of Use, General Service, Demand Metered, Option A: GS-2 TOU A, Three Phase (At 220kV)",2017-01-01 07:00:00+00:00,Commercial,,1.0,True,True,strong,,
GS-2,Southern California Edison Co,55707d1c5457a3f449db22a4,56b92e275457a3890348d234,"Time of Use, General Service, Demand Metered, Critical Peak Option: TOU-GS-2 CPP, Single Phase (50kv-220kv)",2016-01-01 07:00:00+00:00,Commercial,,59c05cde5457a30837bbb280,59c05cde5457a30837bbb280,"TOU-GS-2, Option E",2017-12-01 08:00:00+00:00,Commercial,,1.92,True,True,strong,,
GS-2,Southern California Edison Co,55707d1c5457a3f449db22a4,56b92e275457a3890348d234,"Time of Use, General Service, Demand Metered, Critical Peak Option: TOU-GS-2 CPP, Single Phase (50kv-220kv)",2016-01-01 07:00:00+00:00,Commercial,,59c05bc05457a30837bbb27f,59c05bc05457a30837bbb27f,"TOU-GS-2, Option D",2017-12-01 08:00:00+00:00,Commercial,Delivery with Standard Offer,1.92,True,False,weak,,
GS-2,Southern California Edison Co,55707d1c5457a3f449db22a4,56b92e275457a3890348d234,"Time of Use, General Service, Demand Metered, Critical Peak Option: TOU-GS-2 CPP, Single Phase (50kv-220kv)",2016-01-01 07:00:00+00:00,Commercial,,5bc7ba425457a3b5483b43ed,5bc7ba425457a3b5483b43ed,"TOU-GS-2, Option A",2018-10-01 06:00:00+00:00,Commercial,Bundled,2.75,True,False,weak,,
GS-2,Southern California Edison Co,55707d1c5457a3f449db22a4,56b92e275457a3890348d234,"Time of Use, General Service, Demand Metered, Critical Peak Option: TOU-GS-2 CPP, Single Phase (50kv-220kv)",2016-01-01 07:00:00+00:00,Commercial,,5bc7bc025457a32d493b43ed,5bc7bc025457a32d493b43ed,"TOU-GS-2, Option B",2018-10-01 06:00:00+00:00,Commercial,Bundled,2.75,True,False,weak,,
GS-2,Southern California Edison Co,55707d1c5457a3f449db22a4,56b92e275457a3890348d234,"Time of Use, General Service, Demand Metered, Critical Peak Option: TOU-GS-2 CPP, Single Phase (50kv-220kv)",2016-01-01 07:00:00+00:00,Commercial,,5bc7be2a5457a3a2783b43ed,5bc7be2a5457a3a2783b43ed,"TOU-GS-2, Option R",2018-10-01 06:00:00+00:00,Commercial,Bundled,2.75,True,False,weak,,
GS-2,Southern California Edison Co,55707d1c5457a3f449db22a4,56b92e275457a3890348d234,"Time of Use, General Service, Demand Metered, Critical Peak Option: TOU-GS-2 CPP, Single Phase (50kv-220kv)",2016-01-01 07:00:00+00:00,Commercial,,5cdb9d385457a3616340c5d2,5cdb9d385457a3616340c5d2,"Time of Use, General Service, Demand Metered, Option E: GS-2 TOU E, Three Phase (Under 2 kV)",2019-04-12 07:00:00+00:00,Commercial,Bundled,3.28,True,False,weak,,
GS-2,Southern California Edison Co,55707d1c5457a3f449db22a4,56b92e275457a3890348d234,"Time of Use, General Service, Demand Metered, Critical Peak Option: TOU-GS-2 CPP, Single Phase (50kv-220kv)",2016-01-01 07:00:00+00:00,Commercial,,5cdb9e605457a3b72b40c5d3,5cdb9e605457a3b72b40c5d3,"Time of Use, General Service, Demand Metered, Option D: GS-2 TOU D, Three Phase (Under 2 kV)",2019-04-12 07:00:00+00:00,Commercial,Bundled,3.28,True,False,weak,,
GS-2,Southern California Edison Co,55707e995457a37354db22a5,55707e995457a37354db22a5,"Time of Use, General Service, Demand Metered, Critical Peak-Lite Option: TOU-GS-2 CPP-Lite, Single Phase; REPEAT rate",2015-06-01 06:00:00+00:00,Commercial,,574f6b105457a3d8785e629e,574f6b105457a3d8785e629e,"Time of Use, General Service, Demand Metered, TOU-GS-2, Option B",2016-05-02 06:00:00+00:00,Commercial,,0.92,True,True,strong,,
GS-2,Southern California Edison Co,55707e995457a37354db22a5,55707e995457a37354db22a5,"Time of Use, General Service, Demand Metered, Critical Peak-Lite Option: TOU-GS-2 CPP-Lite, Single Phase; REPEAT rate",2015-06-01 06:00:00+00:00,Commercial,,586d4bf65457a366061c9606,586d4bf65457a366061c9606,"Time of Use, General Service, Demand Metered, Option GS-2 TOU A, Single Phase (At 220kV)",2017-01-01 07:00:00+00:00,Commercial,,1.59,True,True,strong,,
GS-2,Southern California Edison Co,55707e995457a37354db22a5,55707e995457a37354db22a5,"Time of Use, General Service, Demand Metered, Critical Peak-Lite Option: TOU-GS-2 CPP-Lite, Single Phase; REPEAT rate",2015-06-01 06:00:00+00:00,Commercial,,586d4ca75457a348111c9605,586d4ca75457a348111c9605,"Time of Use, General Service, Demand Metered, Option A: GS-2 TOU A, Three Phase (At 220kV)",2017-01-01 07:00:00+00:00,Commercial,,1.59,True,True,strong,,
GS-2,Southern California Edison Co,55707e995457a37354db22a5,55707e995457a37354db22a5,"Time of Use, General Service, Demand Metered, Critical Peak-Lite Option: TOU-GS-2 CPP-Lite, Single Phase; REPEAT rate",2015-06-01 06:00:00+00:00,Commercial,,59c05cde5457a30837bbb280,59c05cde5457a30837bbb280,"TOU-GS-2, Option E",2017-12-01 08:00:00+00:00,Commercial,,2.5,True,True,strong,,
GS-2,Southern California Edison Co,55707e995457a37354db22a5,55707e995457a37354db22a5,"Time of Use, General Service, Demand Metered, Critical Peak-Lite Option: TOU-GS-2 CPP-Lite, Single Phase; REPEAT rate",2015-06-01 06:00:00+00:00,Commercial,,59c05bc05457a30837bbb27f,59c05bc05457a30837bbb27f,"TOU-GS-2, Option D",2017-12-01 08:00:00+00:00,Commercial,Delivery with Standard Offer,2.5,True,False,weak,,
GS-2,Southern California Edison Co,55707e995457a37354db22a5,55707e995457a37354db22a5,"Time of Use, General Service, Demand Metered, Critical Peak-Lite Option: TOU-GS-2 CPP-Lite, Single Phase; REPEAT rate",2015-06-01 06:00:00+00:00,Commercial,,5bc7ba425457a3b5483b43ed,5bc7ba425457a3b5483b43ed,"TOU-GS-2, Option A",2018-10-01 06:00:00+00:00,Commercial,Bundled,3.33,True,False,weak,,
GS-2,Southern California Edison Co,55707e995457a37354db22a5,55707e995457a37354db22a5,"Time of Use, General Service, Demand Metered, Critical Peak-Lite Option: TOU-GS-2 CPP-Lite, Single Phase; REPEAT rate",2015-06-01 06:00:00+00:00,Commercial,,5bc7bc025457a32d493b43ed,5bc7bc025457a32d493b43ed,"TOU-GS-2, Option B",2018-10-01 06:00:00+00:00,Commercial,Bundled,3.33,True,False,weak,,
GS-2,Southern California Edison Co,55707e995457a37354db22a5,55707e995457a37354db22a5,"Time of Use, General Service, Demand Metered, Critical Peak-Lite Option: TOU-GS-2 CPP-Lite, Single Phase; REPEAT rate",2015-06-01 06:00:00+00:00,Commercial,,5bc7be2a5457a3a2783b43ed,5bc7be2a5457a3a2783b43ed,"TOU-GS-2, Option R",2018-10-01 06:00:00+00:00,Commercial,Bundled,3.33,True,False,weak,,
GS-2,Southern California Edison Co,55707e995457a37354db22a5,55707e995457a37354db22a5,"Time of Use, General Service, Demand Metered, Critical Peak-Lite Option: TOU-GS-2 CPP-Lite, Single Phase; REPEAT rate",2015-06-01 06:00:00+00:00,Commercial,,5cdb9d385457a3616340c5d2,5cdb9d385457a3616340c5d2,"Time of Use, General Service, Demand Metered, Option E: GS-2 TOU E, Three Phase (Under 2 kV)",2019-04-12 07:00:00+00:00,Commercial,Bundled,3.86,True,False,weak,,
GS-2,Southern California Edison Co,55707e995457a37354db22a5,55707e995457a37354db22a5,"Time of Use, General Service, Demand Metered, Critical Peak-Lite Option: TOU-GS-2 CPP-Lite, Single Phase; REPEAT rate",2015-06-01 06:00:00+00:00,Commercial,,5cdb9e605457a3b72b40c5d3,5cdb9e605457a3b72b40c5d3,"Time of Use, General Service, Demand Metered, Option D: GS-2 TOU D, Three Phase (Under 2 kV)",2019-04-12 07:00:00+00:00,Commercial,Bundled,3.86,True,False,weak,,
GS-2,Southern California Edison Co,557083bc5457a37a19db22a3,557083bc5457a37a19db22a3,"Time of Use, General Service, Demand Metered, Critical Peak-Lite Option: TOU-GS-2 CPP-Lite, Three Phase; REPEAT rate",2015-06-01 06:00:00+00:00,Commercial,,574f6b105457a3d8785e629e,574f6b105457a3d8785e629e,"Time of Use, General Service, Demand Metered, TOU-GS-2, Option B",2016-05-02 06:00:00+00:00,Commercial,,0.92,True,True,strong,,
GS-2,Southern California Edison Co,557083bc5457a37a19db22a3,557083bc5457a37a19db22a3,"Time of Use, General Service, Demand Metered, Critical Peak-Lite Option: TOU-GS-2 CPP-Lite, Three Phase; REPEAT rate",2015-06-01 06:00:00+00:00,Commercial,,586d4bf65457a366061c9606,586d4bf65457a366061c9606,"Time of Use, General Service, Demand Metered, Option GS-2 TOU A, Single Phase (At 220kV)",2017-01-01 07:00:00+00:00,Commercial,,1.59,True,True,strong,,
GS-2,Southern California Edison Co,557083bc5457a37a19db22a3,557083bc5457a37a19db22a3,"Time of Use, General Service, Demand Metered, Critical Peak-Lite Option: TOU-GS-2 CPP-Lite, Three Phase; REPEAT rate",2015-06-01 06:00:00+00:00,Commercial,,586d4ca75457a348111c9605,586d4ca75457a348111c9605,"Time of Use, General Service, Demand Metered, Option A: GS-2 TOU A, Three Phase (At 220kV)",2017-01-01 07:00:00+00:00,Commercial,,1.59,True,True,strong,,
GS-2,Southern California Edison Co,557083bc5457a37a19db22a3,557083bc5457a37a19db22a3,"Time of Use, General Service, Demand Metered, Critical Peak-Lite Option: TOU-GS-2 CPP-Lite, Three Phase; REPEAT rate",2015-06-01 06:00:00+00:00,Commercial,,59c05cde5457a30837bbb280,59c05cde5457a30837bbb280,"TOU-GS-2, Option E",2017-12-01 08:00:00+00:00,Commercial,,2.5,True,True,strong,,
GS-2,Southern California Edison Co,557083bc5457a37a19db22a3,557083bc5457a37a19db22a3,"Time of Use, General Service, Demand Metered, Critical Peak-Lite Option: TOU-GS-2 CPP-Lite, Three Phase; REPEAT rate",2015-06-01 06:00:00+00:00,Commercial,,59c05bc05457a30837bbb27f,59c05bc05457a30837bbb27f,"TOU-GS-2, Option D",2017-12-01 08:00:00+00:00,Commercial,Delivery with Standard Offer,2.5,True,False,weak,,
GS-2,Southern California Edison Co,557083bc5457a37a19db22a3,557083bc5457a37a19db22a3,"Time of Use, General Service, Demand Metered, Critical Peak-Lite Option: TOU-GS-2 CPP-Lite, Three Phase; REPEAT rate",2015-06-01 06:00:00+00:00,Commercial,,5bc7ba425457a3b5483b43ed,5bc7ba425457a3b5483b43ed,"TOU-GS-2, Option A",2018-10-01 06:00:00+00:00,Commercial,Bundled,3.33,True,False,weak,,
GS-2,Southern California Edison Co,557083bc5457a37a19db22a3,557083bc5457a37a19db22a3,"Time of Use, General Service, Demand Metered, Critical Peak-Lite Option: TOU-GS-2 CPP-Lite, Three Phase; REPEAT rate",2015-06-01 06:00:00+00:00,Commercial,,5bc7bc025457a32d493b43ed,5bc7bc025457a32d493b43ed,"TOU-GS-2, Option B",2018-10-01 06:00:00+00:00,Commercial,Bundled,3.33,True,False,weak,,
GS-2,Southern California Edison Co,557083bc5457a37a19db22a3,557083bc5457a37a19db22a3,"Time of Use, General Service, Demand Metered, Critical Peak-Lite Option: TOU-GS-2 CPP-Lite, Three Phase; REPEAT rate",2015-06-01 06:00:00+00:00,Commercial,,5bc7be2a5457a3a2783b43ed,5bc7be2a5457a3a2783b43ed,"TOU-GS-2, Option R",2018-10-01 06:00:00+00:00,Commercial,Bundled,3.33,True,False,weak,,
GS-2,Southern California Edison Co,557083bc5457a37a19db22a3,557083bc5457a37a19db22a3,"Time of Use, General Service, Demand Metered, Critical Peak-Lite Option: TOU-GS-2 CPP-Lite, Three Phase; REPEAT rate",2015-06-01 06:00:00+00:00,Commercial,,5cdb9d385457a3616340c5d2,5cdb9d385457a3616340c5d2,"Time of Use, General Service, Demand Metered, Option E: GS-2 TOU E, Three Phase (Under 2 kV)",2019-04-12 07:00:00+00:00,Commercial,Bundled,3.86,True,False,weak,,
GS-2,Southern California Edison Co,557083bc5457a37a19db22a3,557083bc5457a37a19db22a3,"Time of Use, General Service, Demand Metered, Critical Peak-Lite Option: TOU-GS-2 CPP-Lite, Three Phase; REPEAT rate",2015-06-01 06:00:00+00:00,Commercial,,5cdb9e605457a3b72b40c5d3,5cdb9e605457a3b72b40c5d3,"Time of Use, General Service, Demand Metered, Option D: GS-2 TOU D, Three Phase (Under 2 kV)",2019-04-12 07:00:00+00:00,Commercial,Bundled,3.86,True,False,weak,,
GS-3,Southern California Edison Co,557086ae5457a3f449db22a6,557086ae5457a3f449db22a6,"Time-of-use - General Service - Demand Metered: TOU-GS-3, Option A; REPEAT Rate",2015-06-01 06:00:00+00:00,Commercial,,55708b045457a33467db22a2,55708b045457a33467db22a2,"Time-of-use - General Service - Demand Metered: TOU-GS-3, Option B",2016-01-01 08:00:00+00:00,Commercial,,0.59,True,True,strong,,
GS-3,Southern California Edison Co,557086ae5457a3f449db22a6,557086ae5457a3f449db22a6,"Time-of-use - General Service - Demand Metered: TOU-GS-3, Option A; REPEAT Rate",2015-06-01 06:00:00+00:00,Commercial,,586e7ee45457a3c6711c9605,586e7ee45457a3c6711c9605,"Time-of-use - General Service - Demand Metered: TOU-GS-3, Option A (2kV to 50kV)",2017-01-01 07:00:00+00:00,Commercial,,1.59,True,True,strong,,
GS-3,Southern California Edison Co,557086ae5457a3f449db22a6,557086ae5457a3f449db22a6,"Time-of-use - General Service - Demand Metered: TOU-GS-3, Option A; REPEAT Rate",2015-06-01 06:00:00+00:00,Commercial,,586e7f055457a3bc711c9605,586e7f055457a3bc711c9605,"Time-of-use - General Service - Demand Metered: TOU-GS-3, Option A (50kV to 220kV)",2017-01-01 07:00:00+00:00,Commercial,,1.59,True,True,strong,,
GS-3,Southern California Edison Co,557086ae5457a3f449db22a6,557086ae5457a3f449db22a6,"Time-of-use - General Service - Demand Metered: TOU-GS-3, Option A; REPEAT Rate",2015-06-01 06:00:00+00:00,Commercial,,586e7f305457a3dd711c9605,586e7f305457a3dd711c9605,"Time-of-use - General Service - Demand Metered: TOU-GS-3, Option A (at 220kV)",2017-01-01 07:00:00+00:00,Commercial,,1.59,True,True,strong,,
GS-3,Southern California Edison Co,557086ae5457a3f449db22a6,557086ae5457a3f449db22a6,"Time-of-use - General Service - Demand Metered: TOU-GS-3, Option A; REPEAT Rate",2015-06-01 06:00:00+00:00,Commercial,,586e819e5457a37c711c9605,586e819e5457a37c711c9605,"Time-of-use - General Service - Demand Metered: TOU-GS-3, Option B (2kV-50kV)",2017-01-01 07:00:00+00:00,Commercial,,1.59,True,True,strong,,
GS-3,Southern California Edison Co,557086ae5457a3f449db22a6,557086ae5457a3f449db22a6,"Time-of-use - General Service - Demand Metered: TOU-GS-3, Option A; REPEAT Rate",2015-06-01 06:00:00+00:00,Commercial,,586e82f95457a3c1711c9605,586e82f95457a3c1711c9605,"Time-of-use - General Service - Demand Metered: TOU-GS-3, Option B (50kV to 220kV)",2017-01-01 07:00:00+00:00,Commercial,,1.59,True,True,strong,,
GS-3,Southern California Edison Co,557086ae5457a3f449db22a6,557086ae5457a3f449db22a6,"Time-of-use - General Service - Demand Metered: TOU-GS-3, Option A; REPEAT Rate",2015-06-01 06:00:00+00:00,Commercial,,586e86b95457a3d3711c9605,586e86b95457a3d3711c9605,"Time-of-use - General Service - Demand Metered: TOU-GS-3, Option R (2kV to 50kV)",2017-01-01 07:00:00+00:00,Commercial,,1.59,True,True,strong,,
GS-3,Southern California Edison Co,557086ae5457a3f449db22a6,557086ae5457a3f449db22a6,"Time-of-use - General Service - Demand Metered: TOU-GS-3, Option A; REPEAT Rate",2015-06-01 06:00:00+00:00,Commercial,,586e87cc5457a3bc711c9606,586e87cc5457a3bc711c9606,"Time-of-use - General Service - Demand Metered: TOU-GS-3, Option R (50kV-220kV)",2017-01-01 07:00:00+00:00,Commercial,,1.59,True,True,strong,,
GS-3,Southern California Edison Co,557086ae5457a3f449db22a6,557086ae5457a3f449db22a6,"Time-of-use - General Service - Demand Metered: TOU-GS-3, Option A; REPEAT Rate",2015-06-01 06:00:00+00:00,Commercial,,59c05f655457a3814ebbb27c,59c05f655457a3814ebbb27c,"TOU-GS-3, Option E",2017-12-01 08:00:00+00:00,Commercial,,2.5,True,True,strong,,
GS-3,Southern California Edison Co,557086ae5457a3f449db22a6,557086ae5457a3f449db22a6,"Time-of-use - General Service - Demand Metered: TOU-GS-3, Option A; REPEAT Rate",2015-06-01 06:00:00+00:00,Commercial,,59c05e4b5457a37206bbb281,59c05e4b5457a37206bbb281,"TOU-GS-3, Option D",2017-12-01 08:00:00+00:00,Commercial,,2.5,True,True,strong,,
GS-3,Southern California Edison Co,557086ae5457a3f449db22a6,557086ae5457a3f449db22a6,"Time-of-use - General Service - Demand Metered: TOU-GS-3, Option A; REPEAT Rate",2015-06-01 06:00:00+00:00,Commercial,,586e81155457a31a7a1c9605,586e81155457a31a7a1c9605,"Time of Use, General Service, Demand Metered, Option B: GS-3 TOU B (Under 2kV)",2017-01-01 07:00:00+00:00,Commercial,Bundled,1.59,True,False,weak,,
GS-3,Southern California Edison Co,557086ae5457a3f449db22a6,557086ae5457a3f449db22a6,"Time-of-use - General Service - Demand Metered: TOU-GS-3, Option A; REPEAT Rate",2015-06-01 06:00:00+00:00,Commercial,,5b5f384f5457a39779409a7e,5b5f384f5457a39779409a7e,Time-of-use - General Service - Demand Metered - NonTOU - GS-3 - (under 2 kv),2017-01-01 08:00:00+00:00,Commercial,Bundled,1.59,True,False,weak,,
GS-3,Southern California Edison Co,557086ae5457a3f449db22a6,557086ae5457a3f449db22a6,"Time-of-use - General Service - Demand Metered: TOU-GS-3, Option A; REPEAT Rate",2015-06-01 06:00:00+00:00,Commercial,,5b5f2c815457a39779409a7d,5b5f2c815457a39779409a7d,Time-of-use - General Service - Super Off Peak - Demand Metered: TOU-GS-3-SOP (under 2 kv),2017-01-01 08:00:00+00:00,Commercial,Bundled,1.59,True,False,weak,,
GS-3,Southern California Edison Co,557086ae5457a3f449db22a6,557086ae5457a3f449db22a6,"Time-of-use - General Service - Demand Metered: TOU-GS-3, Option A; REPEAT Rate",2015-06-01 06:00:00+00:00,Commercial,,5b5ef3155457a39879409a7b,5b5ef3155457a39879409a7b,"Time-of-use - General Service - Demand Metered: TOU-GS-3, Option CPP (Under 2kV)",2017-01-01 08:00:00+00:00,Commercial,Bundled,1.59,True,False,weak,,
GS-3,Southern California Edison Co,557086ae5457a3f449db22a6,557086ae5457a3f449db22a6,"Time-of-use - General Service - Demand Metered: TOU-GS-3, Option A; REPEAT Rate",2015-06-01 06:00:00+00:00,Commercial,,5b5f1f965457a39579409a7c,5b5f1f965457a39579409a7c,"Time-of-use - General Service - Demand Metered: TOU-GS-3, Option A (Under 2kV)",2017-01-01 08:00:00+00:00,Commercial,Bundled,1.59,True,False,weak,,
GS-3,Southern California Edison Co,557086ae5457a3f449db22a6,557086ae5457a3f449db22a6,"Time-of-use - General Service - Demand Metered: TOU-GS-3, Option A; REPEAT Rate",2015-06-01 06:00:00+00:00,Commercial,,5b5f24005457a39779409a7b,5b5f24005457a39779409a7b,"Time-of-use - General Service - Demand Metered: TOU-GS-3, Option B (Under 2kV)",2017-01-01 08:00:00+00:00,Commercial,Bundled,1.59,True,False,weak,,
GS-3,Southern California Edison Co,557086ae5457a3f449db22a6,557086ae5457a3f449db22a6,"Time-of-use - General Service - Demand Metered: TOU-GS-3, Option A; REPEAT Rate",2015-06-01 06:00:00+00:00,Commercial,,5b5f27b45457a34051409a7c,5b5f27b45457a34051409a7c,"Time-of-use - General Service - Demand Metered: TOU-GS-3, Option R (Under 2kV)",2017-01-01 08:00:00+00:00,Commercial,Bundled,1.59,True,False,weak,,
GS-3,Southern California Edison Co,557086ae5457a3f449db22a6,557086ae5457a3f449db22a6,"Time-of-use - General Service - Demand Metered: TOU-GS-3, Option A; REPEAT Rate",2015-06-01 06:00:00+00:00,Commercial,,5bc7bf095457a3b5483b43ef,5bc7bf095457a3b5483b43ef,"TOU-GS-3, Option A",2018-10-01 06:00:00+00:00,Commercial,Bundled,3.33,True,False,weak,,
GS-3,Southern California Edison Co,557086ae5457a3f449db22a6,557086ae5457a3f449db22a6,"Time-of-use - General Service - Demand Metered: TOU-GS-3, Option A; REPEAT Rate",2015-06-01 06:00:00+00:00,Commercial,,5bc7c01e5457a3ee6b3b43ef,5bc7c01e5457a3ee6b3b43ef,"TOU-GS-3, Option B",2018-10-01 06:00:00+00:00,Commercial,Bundled,3.33,True,False,weak,,
GS-3,Southern California Edison Co,557086ae5457a3f449db22a6,557086ae5457a3f449db22a6,"Time-of-use - General Service - Demand Metered: TOU-GS-3, Option A; REPEAT Rate",2015-06-01 06:00:00+00:00,Commercial,,5bc7c0fe5457a3c9273b43ec,5bc7c0fe5457a3c9273b43ec,"TOU-GS-3, Option R",2018-10-01 06:00:00+00:00,Commercial,Bundled,3.33,True,False,weak,,
GS-3,Southern California Edison Co,557086ae5457a3f449db22a6,557086ae5457a3f449db22a6,"Time-of-use - General Service - Demand Metered: TOU-GS-3, Option A; REPEAT Rate",2015-06-01 06:00:00+00:00,Commercial,,5c804c6f5457a3fc4c4b0dbb,5c804c6f5457a3fc4c4b0dbb,"Time-of-use - General Service - Demand Metered: TOU-GS-3, Option E (Under 2kV)",2019-03-01 07:00:00+00:00,Commercial,Bundled,3.75,True,False,weak,,
GS-3,Southern California Edison Co,557086ae5457a3f449db22a6,557086ae5457a3f449db22a6,"Time-of-use - General Service - Demand Metered: TOU-GS-3, Option A; REPEAT Rate",2015-06-01 06:00:00+00:00,Commercial,,5d9cdd9d5457a37118598dcf,5d9cdd9d5457a37118598dcf,"Time-of-use - General Service - Demand Metered: TOU-GS-3, Option D (Under 2kV)",2019-04-12 06:00:00+00:00,Commercial,Bundled,3.86,True,False,weak,,
GS-3,Southern California Edison Co,55708b045457a33467db22a2,55708b045457a33467db22a2,"Time-of-use - General Service - Demand Metered: TOU-GS-3, Option B",2016-01-01 08:00:00+00:00,Commercial,,586e7ee45457a3c6711c9605,586e7ee45457a3c6711c9605,"Time-of-use - General Service - Demand Metered: TOU-GS-3, Option A (2kV to 50kV)",2017-01-01 07:00:00+00:00,Commercial,,1.0,True,True,strong,,
GS-3,Southern California Edison Co,55708b045457a33467db22a2,55708b045457a33467db22a2,"Time-of-use - General Service - Demand Metered: TOU-GS-3, Option B",2016-01-01 08:00:00+00:00,Commercial,,586e7f055457a3bc711c9605,586e7f055457a3bc711c9605,"Time-of-use - General Service - Demand Metered: TOU-GS-3, Option A (50kV to 220kV)",2017-01-01 07:00:00+00:00,Commercial,,1.0,True,True,strong,,
GS-3,Southern California Edison Co,55708b045457a33467db22a2,55708b045457a33467db22a2,"Time-of-use - General Service - Demand Metered: TOU-GS-3, Option B",2016-01-01 08:00:00+00:00,Commercial,,586e7f305457a3dd711c9605,586e7f305457a3dd711c9605,"Time-of-use - General Service - Demand Metered: TOU-GS-3, Option A (at 220kV)",2017-01-01 07:00:00+00:00,Commercial,,1.0,True,True,strong,,
GS-3,Southern California Edison Co,55708b045457a33467db22a2,55708b045457a33467db22a2,"Time-of-use - General Service - Demand Metered: TOU-GS-3, Option B",2016-01-01 08:00:00+00:00,Commercial,,586e819e5457a37c711c9605,586e819e5457a37c711c9605,"Time-of-use - General Service - Demand Metered: TOU-GS-3, Option B (2kV-50kV)",2017-01-01 07:00:00+00:00,Commercial,,1.0,True,True,strong,,
GS-3,Southern California Edison Co,55708b045457a33467db22a2,55708b045457a33467db22a2,"Time-of-use - General Service - Demand Metered: TOU-GS-3, Option B",2016-01-01 08:00:00+00:00,Commercial,,586e82f95457a3c1711c9605,586e82f95457a3c1711c9605,"Time-of-use - General Service - Demand Metered: TOU-GS-3, Option B (50kV to 220kV)",2017-01-01 07:00:00+00:00,Commercial,,1.0,True,True,strong,,
GS-3,Southern California Edison Co,55708b045457a33467db22a2,55708b045457a33467db22a2,"Time-of-use - General Service - Demand Metered: TOU-GS-3, Option B",2016-01-01 08:00:00+00:00,Commercial,,586e86b95457a3d3711c9605,586e86b95457a3d3711c9605,"Time-of-use - General Service - Demand Metered: TOU-GS-3, Option R (2kV to 50kV)",2017-01-01 07:00:00+00:00,Commercial,,1.0,True,True,strong,,
GS-3,Southern California Edison Co,55708b045457a33467db22a2,55708b045457a33467db22a2,"Time-of-use - General Service - Demand Metered: TOU-GS-3, Option B",2016-01-01 08:00:00+00:00,Commercial,,586e87cc5457a3bc711c9606,586e87cc5457a3bc711c9606,"Time-of-use - General Service - Demand Metered: TOU-GS-3, Option R (50kV-220kV)",2017-01-01 07:00:00+00:00,Commercial,,1.0,True,True,strong,,
GS-3,Southern California Edison Co,55708b045457a33467db22a2,55708b045457a33467db22a2,"Time-of-use - General Service - Demand Metered: TOU-GS-3, Option B",2016-01-01 08:00:00+00:00,Commercial,,59c05f655457a3814ebbb27c,59c05f655457a3814ebbb27c,"TOU-GS-3, Option E",2017-12-01 08:00:00+00:00,Commercial,,1.92,True,True,strong,,
GS-3,Southern California Edison Co,55708b045457a33467db22a2,55708b045457a33467db22a2,"Time-of-use - General Service - Demand Metered: TOU-GS-3, Option B",2016-01-01 08:00:00+00:00,Commercial,,59c05e4b5457a37206bbb281,59c05e4b5457a37206bbb281,"TOU-GS-3, Option D",2017-12-01 08:00:00+00:00,Commercial,,1.92,True,True,strong,,
GS-3,Southern California Edison Co,55708b045457a33467db22a2,55708b045457a33467db22a2,"Time-of-use - General Service - Demand Metered: TOU-GS-3, Option B",2016-01-01 08:00:00+00:00,Commercial,,586e81155457a31a7a1c9605,586e81155457a31a7a1c9605,"Time of Use, General Service, Demand Metered, Option B: GS-3 TOU B (Under 2kV)",2017-01-01 07:00:00+00:00,Commercial,Bundled,1.0,True,False,weak,,
GS-3,Southern California Edison Co,55708b045457a33467db22a2,55708b045457a33467db22a2,"Time-of-use - General Service - Demand Metered: TOU-GS-3, Option B",2016-01-01 08:00:00+00:00,Commercial,,5b5f384f5457a39779409a7e,5b5f384f5457a39779409a7e,Time-of-use - General Service - Demand Metered - NonTOU - GS-3 - (under 2 kv),2017-01-01 08:00:00+00:00,Commercial,Bundled,1.0,True,False,weak,,
GS-3,Southern California Edison Co,55708b045457a33467db22a2,55708b045457a33467db22a2,"Time-of-use - General Service - Demand Metered: TOU-GS-3, Option B",2016-01-01 08:00:00+00:00,Commercial,,5b5f2c815457a39779409a7d,5b5f2c815457a39779409a7d,Time-of-use - General Service - Super Off Peak - Demand Metered: TOU-GS-3-SOP (under 2 kv),2017-01-01 08:00:00+00:00,Commercial,Bundled,1.0,True,False,weak,,
GS-3,Southern California Edison Co,55708b045457a33467db22a2,55708b045457a33467db22a2,"Time-of-use - General Service - Demand Metered: TOU-GS-3, Option B",2016-01-01 08:00:00+00:00,Commercial,,5b5f27b45457a34051409a7c,5b5f27b45457a34051409a7c,"Time-of-use - General Service - Demand Metered: TOU-GS-3, Option R (Under 2kV)",2017-01-01 08:00:00+00:00,Commercial,Bundled,1.0,True,False,weak,,
GS-3,Southern California Edison Co,55708b045457a33467db22a2,55708b045457a33467db22a2,"Time-of-use - General Service - Demand Metered: TOU-GS-3, Option B",2016-01-01 08:00:00+00:00,Commercial,,5b5f24005457a39779409a7b,5b5f24005457a39779409a7b,"Time-of-use - General Service - Demand Metered: TOU-GS-3, Option B (Under 2kV)",2017-01-01 08:00:00+00:00,Commercial,Bundled,1.0,True,False,weak,,
GS-3,Southern California Edison Co,55708b045457a33467db22a2,55708b045457a33467db22a2,"Time-of-use - General Service - Demand Metered: TOU-GS-3, Option B",2016-01-01 08:00:00+00:00,Commercial,,5b5ef3155457a39879409a7b,5b5ef3155457a39879409a7b,"Time-of-use - General Service - Demand Metered: TOU-GS-3, Option CPP (Under 2kV)",2017-01-01 08:00:00+00:00,Commercial,Bundled,1.0,True,False,weak,,
GS-3,Southern California Edison Co,55708b045457a33467db22a2,55708b045457a33467db22a2,"Time-of-use - General Service - Demand Metered: TOU-GS-3, Option B",2016-01-01 08:00:00+00:00,Commercial,,5b5f1f965457a39579409a7c,5b5f1f965457a39579409a7c,"Time-of-use - General Service - Demand Metered: TOU-GS-3, Option A (Under 2kV)",2017-01-01 08:00:00+00:00,Commercial,Bundled,1.0,True,False,weak,,
GS-3,Southern California Edison Co,55708b045457a33467db22a2,55708b045457a33467db22a2,"Time-of-use - General Service - Demand Metered: TOU-GS-3, Option B",2016-01-01 08:00:00+00:00,Commercial,,5bc7bf095457a3b5483b43ef,5bc7bf095457a3b5483b43ef,"TOU-GS-3, Option A",2018-10-01 06:00:00+00:00,Commercial,Bundled,2.75,True,False,weak,,
GS-3,Southern California Edison Co,55708b045457a33467db22a2,55708b045457a33467db22a2,"Time-of-use - General Service - Demand Metered: TOU-GS-3, Option B",2016-01-01 08:00:00+00:00,Commercial,,5bc7c01e5457a3ee6b3b43ef,5bc7c01e5457a3ee6b3b43ef,"TOU-GS-3, Option B",2018-10-01 06:00:00+00:00,Commercial,Bundled,2.75,True,False,weak,,
GS-3,Southern California Edison Co,55708b045457a33467db22a2,55708b045457a33467db22a2,"Time-of-use - General Service - Demand Metered: TOU-GS-3, Option B",2016-01-01 08:00:00+00:00,Commercial,,5bc7c0fe5457a3c9273b43ec,5bc7c0fe5457a3c9273b43ec,"TOU-GS-3, Option R",2018-10-01 06:00:00+00:00,Commercial,Bundled,2.75,True,False,weak,,
GS-3,Southern California Edison Co,55708b045457a33467db22a2,55708b045457a33467db22a2,"Time-of-use - General Service - Demand Metered: TOU-GS-3, Option B",2016-01-01 08:00:00+00:00,Commercial,,5c804c6f5457a3fc4c4b0dbb,5c804c6f5457a3fc4c4b0dbb,"Time-of-use - General Service - Demand Metered: TOU-GS-3, Option E (Under 2kV)",2019-03-01 07:00:00+00:00,Commercial,Bundled,3.16,True,False,weak,,
GS-3,Southern California Edison Co,55708b045457a33467db22a2,55708b045457a33467db22a2,"Time-of-use - General Service - Demand Metered: TOU-GS-3, Option B",2016-01-01 08:00:00+00:00,Commercial,,5d9cdd9d5457a37118598dcf,5d9cdd9d5457a37118598dcf,"Time-of-use - General Service - Demand Metered: TOU-GS-3, Option D (Under 2kV)",2019-04-12 06:00:00+00:00,Commercial,Bundled,3.27,True,False,weak,,
GS-3,Southern California Edison Co,55709cef5457a3b71fdb22a2,55709cef5457a3b71fdb22a2,"Time-of-use - General Service - Demand Metered: TOU-GS-3, Option R",2015-06-01 07:00:00+00:00,Commercial,,55708b045457a33467db22a2,55708b045457a33467db22a2,"Time-of-use - General Service - Demand Metered: TOU-GS-3, Option B",2016-01-01 08:00:00+00:00,Commercial,,0.59,True,True,strong,,
GS-3,Southern California Edison Co,55709cef5457a3b71fdb22a2,55709cef5457a3b71fdb22a2,"Time-of-use - General Service - Demand Metered: TOU-GS-3, Option R",2015-06-01 07:00:00+00:00,Commercial,,586e7ee45457a3c6711c9605,586e7ee45457a3c6711c9605,"Time-of-use - General Service - Demand Metered: TOU-GS-3, Option A (2kV to 50kV)",2017-01-01 07:00:00+00:00,Commercial,,1.59,True,True,strong,,
GS-3,Southern California Edison Co,55709cef5457a3b71fdb22a2,55709cef5457a3b71fdb22a2,"Time-of-use - General Service - Demand Metered: TOU-GS-3, Option R",2015-06-01 07:00:00+00:00,Commercial,,586e7f055457a3bc711c9605,586e7f055457a3bc711c9605,"Time-of-use - General Service - Demand Metered: TOU-GS-3, Option A (50kV to 220kV)",2017-01-01 07:00:00+00:00,Commercial,,1.59,True,True,strong,,
GS-3,Southern California Edison Co,55709cef5457a3b71fdb22a2,55709cef5457a3b71fdb22a2,"Time-of-use - General Service - Demand Metered: TOU-GS-3, Option R",2015-06-01 07:00:00+00:00,Commercial,,586e7f305457a3dd711c9605,586e7f305457a3dd711c9605,"Time-of-use - General Service - Demand Metered: TOU-GS-3, Option A (at 220kV)",2017-01-01 07:00:00+00:00,Commercial,,1.59,True,True,strong,,
GS-3,Southern California Edison Co,55709cef5457a3b71fdb22a2,55709cef5457a3b71fdb22a2,"Time-of-use - General Service - Demand Metered: TOU-GS-3, Option R",2015-06-01 07:00:00+00:00,Commercial,,586e819e5457a37c711c9605,586e819e5457a37c711c9605,"Time-of-use - General Service - Demand Metered: TOU-GS-3, Option B (2kV-50kV)",2017-01-01 07:00:00+00:00,Commercial,,1.59,True,True,strong,,
GS-3,Southern California Edison Co,55709cef5457a3b71fdb22a2,55709cef5457a3b71fdb22a2,"Time-of-use - General Service - Demand Metered: TOU-GS-3, Option R",2015-06-01 07:00:00+00:00,Commercial,,586e82f95457a3c1711c9605,586e82f95457a3c1711c9605,"Time-of-use - General Service - Demand Metered: TOU-GS-3, Option B (50kV to 220kV)",2017-01-01 07:00:00+00:00,Commercial,,1.59,True,True,strong,,
GS-3,Southern California Edison Co,55709cef5457a3b71fdb22a2,55709cef5457a3b71fdb22a2,"Time-of-use - General Service - Demand Metered: TOU-GS-3, Option R",2015-06-01 07:00:00+00:00,Commercial,,586e86b95457a3d3711c9605,586e86b95457a3d3711c9605,"Time-of-use - General Service - Demand Metered: TOU-GS-3, Option R (2kV to 50kV)",2017-01-01 07:00:00+00:00,Commercial,,1.59,True,True,strong,,
GS-3,Southern California Edison Co,55709cef5457a3b71fdb22a2,55709cef5457a3b71fdb22a2,"Time-of-use - General Service - Demand Metered: TOU-GS-3, Option R",2015-06-01 07:00:00+00:00,Commercial,,586e87cc5457a3bc711c9606,586e87cc5457a3bc711c9606,"Time-of-use - General Service - Demand Metered: TOU-GS-3, Option R (50kV-220kV)",2017-01-01 07:00:00+00:00,Commercial,,1.59,True,True,strong,,
GS-3,Southern California Edison Co,55709cef5457a3b71fdb22a2,55709cef5457a3b71fdb22a2,"Time-of-use - General Service - Demand Metered: TOU-GS-3, Option R",2015-06-01 07:00:00+00:00,Commercial,,59c05f655457a3814ebbb27c,59c05f655457a3814ebbb27c,"TOU-GS-3, Option E",2017-12-01 08:00:00+00:00,Commercial,,2.5,True,True,strong,,
GS-3,Southern California Edison Co,55709cef5457a3b71fdb22a2,55709cef5457a3b71fdb22a2,"Time-of-use - General Service - Demand Metered: TOU-GS-3, Option R",2015-06-01 07:00:00+00:00,Commercial,,59c05e4b5457a37206bbb281,59c05e4b5457a37206bbb281,"TOU-GS-3, Option D",2017-12-01 08:00:00+00:00,Commercial,,2.5,True,True,strong,,
GS-3,Southern California Edison Co,55709cef5457a3b71fdb22a2,55709cef5457a3b71fdb22a2,"Time-of-use - General Service - Demand Metered: TOU-GS-3, Option R",2015-06-01 07:00:00+00:00,Commercial,,586e81155457a31a7a1c9605,586e81155457a31a7a1c9605,"Time of Use, General Service, Demand Metered, Option B: GS-3 TOU B (Under 2kV)",2017-01-01 07:00:00+00:00,Commercial,Bundled,1.59,True,False,weak,,
GS-3,Southern California Edison Co,55709cef5457a3b71fdb22a2,55709cef5457a3b71fdb22a2,"Time-of-use - General Service - Demand Metered: TOU-GS-3, Option R",2015-06-01 07:00:00+00:00,Commercial,,5b5f384f5457a39779409a7e,5b5f384f5457a39779409a7e,Time-of-use - General Service - Demand Metered - NonTOU - GS-3 - (under 2 kv),2017-01-01 08:00:00+00:00,Commercial,Bundled,1.59,True,False,weak,,
GS-3,Southern California Edison Co,55709cef5457a3b71fdb22a2,55709cef5457a3b71fdb22a2,"Time-of-use - General Service - Demand Metered: TOU-GS-3, Option R",2015-06-01 07:00:00+00:00,Commercial,,5b5f2c815457a39779409a7d,5b5f2c815457a39779409a7d,Time-of-use - General Service - Super Off Peak - Demand Metered: TOU-GS-3-SOP (under 2 kv),2017-01-01 08:00:00+00:00,Commercial,Bundled,1.59,True,False,weak,,
GS-3,Southern California Edison Co,55709cef5457a3b71fdb22a2,55709cef5457a3b71fdb22a2,"Time-of-use - General Service - Demand Metered: TOU-GS-3, Option R",2015-06-01 07:00:00+00:00,Commercial,,5b5ef3155457a39879409a7b,5b5ef3155457a39879409a7b,"Time-of-use - General Service - Demand Metered: TOU-GS-3, Option CPP (Under 2kV)",2017-01-01 08:00:00+00:00,Commercial,Bundled,1.59,True,False,weak,,
GS-3,Southern California Edison Co,55709cef5457a3b71fdb22a2,55709cef5457a3b71fdb22a2,"Time-of-use - General Service - Demand Metered: TOU-GS-3, Option R",2015-06-01 07:00:00+00:00,Commercial,,5b5f1f965457a39579409a7c,5b5f1f965457a39579409a7c,"Time-of-use - General Service - Demand Metered: TOU-GS-3, Option A (Under 2kV)",2017-01-01 08:00:00+00:00,Commercial,Bundled,1.59,True,False,weak,,
GS-3,Southern California Edison Co,55709cef5457a3b71fdb22a2,55709cef5457a3b71fdb22a2,"Time-of-use - General Service - Demand Metered: TOU-GS-3, Option R",2015-06-01 07:00:00+00:00,Commercial,,5b5f24005457a39779409a7b,5b5f24005457a39779409a7b,"Time-of-use - General Service - Demand Metered: TOU-GS-3, Option B (Under 2kV)",2017-01-01 08:00:00+00:00,Commercial,Bundled,1.59,True,False,weak,,
GS-3,Southern California Edison Co,55709cef5457a3b71fdb22a2,55709cef5457a3b71fdb22a2,"Time-of-use - General Service - Demand Metered: TOU-GS-3, Option R",2015-06-01 07:00:00+00:00,Commercial,,5b5f27b45457a34051409a7c,5b5f27b45457a34051409a7c,"Time-of-use - General Service - Demand Metered: TOU-GS-3, Option R (Under 2kV)",2017-01-01 08:00:00+00:00,Commercial,Bundled,1.59,True,False,weak,,
GS-3,Southern California Edison Co,55709cef5457a3b71fdb22a2,55709cef5457a3b71fdb22a2,"Time-of-use - General Service - Demand Metered: TOU-GS-3, Option R",2015-06-01 07:00:00+00:00,Commercial,,5bc7bf095457a3b5483b43ef,5bc7bf095457a3b5483b43ef,"TOU-GS-3, Option A",2018-10-01 06:00:00+00:00,Commercial,Bundled,3.33,True,False,weak,,
GS-3,Southern California Edison Co,55709cef5457a3b71fdb22a2,55709cef5457a3b71fdb22a2,"Time-of-use - General Service - Demand Metered: TOU-GS-3, Option R",2015-06-01 07:00:00+00:00,Commercial,,5bc7c01e5457a3ee6b3b43ef,5bc7c01e5457a3ee6b3b43ef,"TOU-GS-3, Option B",2018-10-01 06:00:00+00:00,Commercial,Bundled,3.33,True,False,weak,,
GS-3,Southern California Edison Co,55709cef5457a3b71fdb22a2,55709cef5457a3b71fdb22a2,"Time-of-use - General Service - Demand Metered: TOU-GS-3, Option R",2015-06-01 07:00:00+00:00,Commercial,,5bc7c0fe5457a3c9273b43ec,5bc7c0fe5457a3c9273b43ec,"TOU-GS-3, Option R",2018-10-01 06:00:00+00:00,Commercial,Bundled,3.33,True,False,weak,,
GS-3,Southern California Edison Co,55709cef5457a3b71fdb22a2,55709cef5457a3b71fdb22a2,"Time-of-use - General Service - Demand Metered: TOU-GS-3, Option R",2015-06-01 07:00:00+00:00,Commercial,,5c804c6f5457a3fc4c4b0dbb,5c804c6f5457a3fc4c4b0dbb,"Time-of-use - General Service - Demand Metered: TOU-GS-3, Option E (Under 2kV)",2019-03-01 07:00:00+00:00,Commercial,Bundled,3.75,True,False,weak,,
GS-3,Southern California Edison Co,55709cef5457a3b71fdb22a2,55709cef5457a3b71fdb22a2,"Time-of-use - General Service - Demand Metered: TOU-GS-3, Option R",2015-06-01 07:00:00+00:00,Commercial,,5d9cdd9d5457a37118598dcf,5d9cdd9d5457a37118598dcf,"Time-of-use - General Service - Demand Metered: TOU-GS-3, Option D (Under 2kV)",2019-04-12 06:00:00+00:00,Commercial,Bundled,3.86,True,False,weak,,
GS-3,Southern California Edison Co,5570a0385457a33467db22a3,5570a0385457a33467db22a3,Time-Of-Use - General Service - Demand Metered: TOU-GS-3 Option CPP,2015-06-01 07:00:00+00:00,Commercial,,55708b045457a33467db22a2,55708b045457a33467db22a2,"Time-of-use - General Service - Demand Metered: TOU-GS-3, Option B",2016-01-01 08:00:00+00:00,Commercial,,0.59,True,True,strong,,
GS-3,Southern California Edison Co,5570a0385457a33467db22a3,5570a0385457a33467db22a3,Time-Of-Use - General Service - Demand Metered: TOU-GS-3 Option CPP,2015-06-01 07:00:00+00:00,Commercial,,586e7ee45457a3c6711c9605,586e7ee45457a3c6711c9605,"Time-of-use - General Service - Demand Metered: TOU-GS-3, Option A (2kV to 50kV)",2017-01-01 07:00:00+00:00,Commercial,,1.59,True,True,strong,,
GS-3,Southern California Edison Co,5570a0385457a33467db22a3,5570a0385457a33467db22a3,Time-Of-Use - General Service - Demand Metered: TOU-GS-3 Option CPP,2015-06-01 07:00:00+00:00,Commercial,,586e7f055457a3bc711c9605,586e7f055457a3bc711c9605,"Time-of-use - General Service - Demand Metered: TOU-GS-3, Option A (50kV to 220kV)",2017-01-01 07:00:00+00:00,Commercial,,1.59,True,True,strong,,
GS-3,Southern California Edison Co,5570a0385457a33467db22a3,5570a0385457a33467db22a3,Time-Of-Use - General Service - Demand Metered: TOU-GS-3 Option CPP,2015-06-01 07:00:00+00:00,Commercial,,586e7f305457a3dd711c9605,586e7f305457a3dd711c9605,"Time-of-use - General Service - Demand Metered: TOU-GS-3, Option A (at 220kV)",2017-01-01 07:00:00+00:00,Commercial,,1.59,True,True,strong,,
GS-3,Southern California Edison Co,5570a0385457a33467db22a3,5570a0385457a33467db22a3,Time-Of-Use - General Service - Demand Metered: TOU-GS-3 Option CPP,2015-06-01 07:00:00+00:00,Commercial,,586e819e5457a37c711c9605,586e819e5457a37c711c9605,"Time-of-use - General Service - Demand Metered: TOU-GS-3, Option B (2kV-50kV)",2017-01-01 07:00:00+00:00,Commercial,,1.59,True,True,strong,,
GS-3,Southern California Edison Co,5570a0385457a33467db22a3,5570a0385457a33467db22a3,Time-Of-Use - General Service - Demand Metered: TOU-GS-3 Option CPP,2015-06-01 07:00:00+00:00,Commercial,,586e82f95457a3c1711c9605,586e82f95457a3c1711c9605,"Time-of-use - General Service - Demand Metered: TOU-GS-3, Option B (50kV to 220kV)",2017-01-01 07:00:00+00:00,Commercial,,1.59,True,True,strong,,
GS-3,Southern California Edison Co,5570a0385457a33467db22a3,5570a0385457a33467db22a3,Time-Of-Use - General Service - Demand Metered: TOU-GS-3 Option CPP,2015-06-01 07:00:00+00:00,Commercial,,586e86b95457a3d3711c9605,586e86b95457a3d3711c9605,"Time-of-use - General Service - Demand Metered: TOU-GS-3, Option R (2kV to 50kV)",2017-01-01 07:00:00+00:00,Commercial,,1.59,True,True,strong,,
GS-3,Southern California Edison Co,5570a0385457a33467db22a3,5570a0385457a33467db22a3,Time-Of-Use - General Service - Demand Metered: TOU-GS-3 Option CPP,2015-06-01 07:00:00+00:00,Commercial,,586e87cc5457a3bc711c9606,586e87cc5457a3bc711c9606,"Time-of-use - General Service - Demand Metered: TOU-GS-3, Option R (50kV-220kV)",2017-01-01 07:00:00+00:00,Commercial,,1.59,True,True,strong,,
GS-3,Southern California Edison Co,5570a0385457a33467db22a3,5570a0385457a33467db22a3,Time-Of-Use - General Service - Demand Metered: TOU-GS-3 Option CPP,2015-06-01 07:00:00+00:00,Commercial,,59c05f655457a3814ebbb27c,59c05f655457a3814ebbb27c,"TOU-GS-3, Option E",2017-12-01 08:00:00+00:00,Commercial,,2.5,True,True,strong,,
GS-3,Southern California Edison Co,5570a0385457a33467db22a3,5570a0385457a33467db22a3,Time-Of-Use - General Service - Demand Metered: TOU-GS-3 Option CPP,2015-06-01 07:00:00+00:00,Commercial,,59c05e4b5457a37206bbb281,59c05e4b5457a37206bbb281,"TOU-GS-3, Option D",2017-12-01 08:00:00+00:00,Commercial,,2.5,True,True,strong,,
GS-3,Southern California Edison Co,5570a0385457a33467db22a3,5570a0385457a33467db22a3,Time-Of-Use - General Service - Demand Metered: TOU-GS-3 Option CPP,2015-06-01 07:00:00+00:00,Commercial,,586e81155457a31a7a1c9605,586e81155457a31a7a1c9605,"Time of Use, General Service, Demand Metered, Option B: GS-3 TOU B (Under 2kV)",2017-01-01 07:00:00+00:00,Commercial,Bundled,1.59,True,False,weak,,
GS-3,Southern California Edison Co,5570a0385457a33467db22a3,5570a0385457a33467db22a3,Time-Of-Use - General Service - Demand Metered: TOU-GS-3 Option CPP,2015-06-01 07:00:00+00:00,Commercial,,5b5f384f5457a39779409a7e,5b5f384f5457a39779409a7e,Time-of-use - General Service - Demand Metered - NonTOU - GS-3 - (under 2 kv),2017-01-01 08:00:00+00:00,Commercial,Bundled,1.59,True,False,weak,,
GS-3,Southern California Edison Co,5570a0385457a33467db22a3,5570a0385457a33467db22a3,Time-Of-Use - General Service - Demand Metered: TOU-GS-3 Option CPP,2015-06-01 07:00:00+00:00,Commercial,,5b5f2c815457a39779409a7d,5b5f2c815457a39779409a7d,Time-of-use - General Service - Super Off Peak - Demand Metered: TOU-GS-3-SOP (under 2 kv),2017-01-01 08:00:00+00:00,Commercial,Bundled,1.59,True,False,weak,,
GS-3,Southern California Edison Co,5570a0385457a33467db22a3,5570a0385457a33467db22a3,Time-Of-Use - General Service - Demand Metered: TOU-GS-3 Option CPP,2015-06-01 07:00:00+00:00,Commercial,,5b5ef3155457a39879409a7b,5b5ef3155457a39879409a7b,"Time-of-use - General Service - Demand Metered: TOU-GS-3, Option CPP (Under 2kV)",2017-01-01 08:00:00+00:00,Commercial,Bundled,1.59,True,False,weak,,
GS-3,Southern California Edison Co,5570a0385457a33467db22a3,5570a0385457a33467db22a3,Time-Of-Use - General Service - Demand Metered: TOU-GS-3 Option CPP,2015-06-01 07:00:00+00:00,Commercial,,5b5f1f965457a39579409a7c,5b5f1f965457a39579409a7c,"Time-of-use - General Service - Demand Metered: TOU-GS-3, Option A (Under 2kV)",2017-01-01 08:00:00+00:00,Commercial,Bundled,1.59,True,False,weak,,
GS-3,Southern California Edison Co,5570a0385457a33467db22a3,5570a0385457a33467db22a3,Time-Of-Use - General Service - Demand Metered: TOU-GS-3 Option CPP,2015-06-01 07:00:00+00:00,Commercial,,5b5f24005457a39779409a7b,5b5f24005457a39779409a7b,"Time-of-use - General Service - Demand Metered: TOU-GS-3, Option B (Under 2kV)",2017-01-01 08:00:00+00:00,Commercial,Bundled,1.59,True,False,weak,,
GS-3,Southern California Edison Co,5570a0385457a33467db22a3,5570a0385457a33467db22a3,Time-Of-Use - General Service - Demand Metered: TOU-GS-3 Option CPP,2015-06-01 07:00:00+00:00,Commercial,,5b5f27b45457a34051409a7c,5b5f27b45457a34051409a7c,"Time-of-use - General Service - Demand Metered: TOU-GS-3, Option R (Under 2kV)",2017-01-01 08:00:00+00:00,Commercial,Bundled,1.59,True,False,weak,,
GS-3,Southern California Edison Co,5570a0385457a33467db22a3,5570a0385457a33467db22a3,Time-Of-Use - General Service - Demand Metered: TOU-GS-3 Option CPP,2015-06-01 07:00:00+00:00,Commercial,,5bc7bf095457a3b5483b43ef,5bc7bf095457a3b5483b43ef,"TOU-GS-3, Option A",2018-10-01 06:00:00+00:00,Commercial,Bundled,3.33,True,False,weak,,
GS-3,Southern California Edison Co,5570a0385457a33467db22a3,5570a0385457a33467db22a3,Time-Of-Use - General Service - Demand Metered: TOU-GS-3 Option CPP,2015-06-01 07:00:00+00:00,Commercial,,5bc7c01e5457a3ee6b3b43ef,5bc7c01e5457a3ee6b3b43ef,"TOU-GS-3, Option B",2018-10-01 06:00:00+00:00,Commercial,Bundled,3.33,True,False,weak,,
GS-3,Southern California Edison Co,5570a0385457a33467db22a3,5570a0385457a33467db22a3,Time-Of-Use - General Service - Demand Metered: TOU-GS-3 Option CPP,2015-06-01 07:00:00+00:00,Commercial,,5bc7c0fe5457a3c9273b43ec,5bc7c0fe5457a3c9273b43ec,"TOU-GS-3, Option R",2018-10-01 06:00:00+00:00,Commercial,Bundled,3.33,True,False,weak,,
GS-3,Southern California Edison Co,5570a0385457a33467db22a3,5570a0385457a33467db22a3,Time-Of-Use - General Service - Demand Metered: TOU-GS-3 Option CPP,2015-06-01 07:00:00+00:00,Commercial,,5c804c6f5457a3fc4c4b0dbb,5c804c6f5457a3fc4c4b0dbb,"Time-of-use - General Service - Demand Metered: TOU-GS-3, Option E (Under 2kV)",2019-03-01 07:00:00+00:00,Commercial,Bundled,3.75,True,False,weak,,
GS-3,Southern California Edison Co,5570a0385457a33467db22a3,5570a0385457a33467db22a3,Time-Of-Use - General Service - Demand Metered: TOU-GS-3 Option CPP,2015-06-01 07:00:00+00:00,Commercial,,5d9cdd9d5457a37118598dcf,5d9cdd9d5457a37118598dcf,"Time-of-use - General Service - Demand Metered: TOU-GS-3, Option D (Under 2kV)",2019-04-12 06:00:00+00:00,Commercial,Bundled,3.86,True,False,weak,,
GS-3,Southern California Edison Co,5570b8575457a37a19db22a6,5570b8575457a37a19db22a6,Time-of-use - General Service - Demand Metered-Super Off Peak: TOU-GS-3-SOP,2015-06-01 07:00:00+00:00,Commercial,,55708b045457a33467db22a2,55708b045457a33467db22a2,"Time-of-use - General Service - Demand Metered: TOU-GS-3, Option B",2016-01-01 08:00:00+00:00,Commercial,,0.59,True,True,strong,,
GS-3,Southern California Edison Co,5570b8575457a37a19db22a6,5570b8575457a37a19db22a6,Time-of-use - General Service - Demand Metered-Super Off Peak: TOU-GS-3-SOP,2015-06-01 07:00:00+00:00,Commercial,,586e7ee45457a3c6711c9605,586e7ee45457a3c6711c9605,"Time-of-use - General Service - Demand Metered: TOU-GS-3, Option A (2kV to 50kV)",2017-01-01 07:00:00+00:00,Commercial,,1.59,True,True,strong,,
GS-3,Southern California Edison Co,5570b8575457a37a19db22a6,5570b8575457a37a19db22a6,Time-of-use - General Service - Demand Metered-Super Off Peak: TOU-GS-3-SOP,2015-06-01 07:00:00+00:00,Commercial,,586e7f055457a3bc711c9605,586e7f055457a3bc711c9605,"Time-of-use - General Service - Demand Metered: TOU-GS-3, Option A (50kV to 220kV)",2017-01-01 07:00:00+00:00,Commercial,,1.59,True,True,strong,,
GS-3,Southern California Edison Co,5570b8575457a37a19db22a6,5570b8575457a37a19db22a6,Time-of-use - General Service - Demand Metered-Super Off Peak: TOU-GS-3-SOP,2015-06-01 07:00:00+00:00,Commercial,,586e7f305457a3dd711c9605,586e7f305457a3dd711c9605,"Time-of-use - General Service - Demand Metered: TOU-GS-3, Option A (at 220kV)",2017-01-01 07:00:00+00:00,Commercial,,1.59,True,True,strong,,
GS-3,Southern California Edison Co,5570b8575457a37a19db22a6,5570b8575457a37a19db22a6,Time-of-use - General Service - Demand Metered-Super Off Peak: TOU-GS-3-SOP,2015-06-01 07:00:00+00:00,Commercial,,586e819e5457a37c711c9605,586e819e5457a37c711c9605,"Time-of-use - General Service - Demand Metered: TOU-GS-3, Option B (2kV-50kV)",2017-01-01 07:00:00+00:00,Commercial,,1.59,True,True,strong,,
GS-3,Southern California Edison Co,5570b8575457a37a19db22a6,5570b8575457a37a19db22a6,Time-of-use - General Service - Demand Metered-Super Off Peak: TOU-GS-3-SOP,2015-06-01 07:00:00+00:00,Commercial,,586e82f95457a3c1711c9605,586e82f95457a3c1711c9605,"Time-of-use - General Service - Demand Metered: TOU-GS-3, Option B (50kV to 220kV)",2017-01-01 07:00:00+00:00,Commercial,,1.59,True,True,strong,,
GS-3,Southern California Edison Co,5570b8575457a37a19db22a6,5570b8575457a37a19db22a6,Time-of-use - General Service - Demand Metered-Super Off Peak: TOU-GS-3-SOP,2015-06-01 07:00:00+00:00,Commercial,,586e86b95457a3d3711c9605,586e86b95457a3d3711c9605,"Time-of-use - General Service - Demand Metered: TOU-GS-3, Option R (2kV to 50kV)",2017-01-01 07:00:00+00:00,Commercial,,1.59,True,True,strong,,
GS-3,Southern California Edison Co,5570b8575457a37a19db22a6,5570b8575457a37a19db22a6,Time-of-use - General Service - Demand Metered-Super Off Peak: TOU-GS-3-SOP,2015-06-01 07:00:00+00:00,Commercial,,586e87cc5457a3bc711c9606,586e87cc5457a3bc711c9606,"Time-of-use - General Service - Demand Metered: TOU-GS-3, Option R (50kV-220kV)",2017-01-01 07:00:00+00:00,Commercial,,1.59,True,True,strong,,
GS-3,Southern California Edison Co,5570b8575457a37a19db22a6,5570b8575457a37a19db22a6,Time-of-use - General Service - Demand Metered-Super Off Peak: TOU-GS-3-SOP,2015-06-01 07:00:00+00:00,Commercial,,59c05f655457a3814ebbb27c,59c05f655457a3814ebbb27c,"TOU-GS-3, Option E",2017-12-01 08:00:00+00:00,Commercial,,2.5,True,True,strong,,
GS-3,Southern California Edison Co,5570b8575457a37a19db22a6,5570b8575457a37a19db22a6,Time-of-use - General Service - Demand Metered-Super Off Peak: TOU-GS-3-SOP,2015-06-01 07:00:00+00:00,Commercial,,59c05e4b5457a37206bbb281,59c05e4b5457a37206bbb281,"TOU-GS-3, Option D",2017-12-01 08:00:00+00:00,Commercial,,2.5,True,True,strong,,
GS-3,Southern California Edison Co,5570b8575457a37a19db22a6,5570b8575457a37a19db22a6,Time-of-use - General Service - Demand Metered-Super Off Peak: TOU-GS-3-SOP,2015-06-01 07:00:00+00:00,Commercial,,586e81155457a31a7a1c9605,586e81155457a31a7a1c9605,"Time of Use, General Service, Demand Metered, Option B: GS-3 TOU B (Under 2kV)",2017-01-01 07:00:00+00:00,Commercial,Bundled,1.59,True,False,weak,,
GS-3,Southern California Edison Co,5570b8575457a37a19db22a6,5570b8575457a37a19db22a6,Time-of-use - General Service - Demand Metered-Super Off Peak: TOU-GS-3-SOP,2015-06-01 07:00:00+00:00,Commercial,,5b5f384f5457a39779409a7e,5b5f384f5457a39779409a7e,Time-of-use - General Service - Demand Metered - NonTOU - GS-3 - (under 2 kv),2017-01-01 08:00:00+00:00,Commercial,Bundled,1.59,True,False,weak,,
GS-3,Southern California Edison Co,5570b8575457a37a19db22a6,5570b8575457a37a19db22a6,Time-of-use - General Service - Demand Metered-Super Off Peak: TOU-GS-3-SOP,2015-06-01 07:00:00+00:00,Commercial,,5b5f2c815457a39779409a7d,5b5f2c815457a39779409a7d,Time-of-use - General Service - Super Off Peak - Demand Metered: TOU-GS-3-SOP (under 2 kv),2017-01-01 08:00:00+00:00,Commercial,Bundled,1.59,True,False,weak,,
GS-3,Southern California Edison Co,5570b8575457a37a19db22a6,5570b8575457a37a19db22a6,Time-of-use - General Service - Demand Metered-Super Off Peak: TOU-GS-3-SOP,2015-06-01 07:00:00+00:00,Commercial,,5b5ef3155457a39879409a7b,5b5ef3155457a39879409a7b,"Time-of-use - General Service - Demand Metered: TOU-GS-3, Option CPP (Under 2kV)",2017-01-01 08:00:00+00:00,Commercial,Bundled,1.59,True,False,weak,,
GS-3,Southern California Edison Co,5570b8575457a37a19db22a6,5570b8575457a37a19db22a6,Time-of-use - General Service - Demand Metered-Super Off Peak: TOU-GS-3-SOP,2015-06-01 07:00:00+00:00,Commercial,,5b5f1f965457a39579409a7c,5b5f1f965457a39579409a7c,"Time-of-use - General Service - Demand Metered: TOU-GS-3, Option A (Under 2kV)",2017-01-01 08:00:00+00:00,Commercial,Bundled,1.59,True,False,weak,,
GS-3,Southern California Edison Co,5570b8575457a37a19db22a6,5570b8575457a37a19db22a6,Time-of-use - General Service - Demand Metered-Super Off Peak: TOU-GS-3-SOP,2015-06-01 07:00:00+00:00,Commercial,,5b5f24005457a39779409a7b,5b5f24005457a39779409a7b,"Time-of-use - General Service - Demand Metered: TOU-GS-3, Option B (Under 2kV)",2017-01-01 08:00:00+00:00,Commercial,Bundled,1.59,True,False,weak,,
GS-3,Southern California Edison Co,5570b8575457a37a19db22a6,5570b8575457a37a19db22a6,Time-of-use - General Service - Demand Metered-Super Off Peak: TOU-GS-3-SOP,2015-06-01 07:00:00+00:00,Commercial,,5b5f27b45457a34051409a7c,5b5f27b45457a34051409a7c,"Time-of-use - General Service - Demand Metered: TOU-GS-3, Option R (Under 2kV)",2017-01-01 08:00:00+00:00,Commercial,Bundled,1.59,True,False,weak,,
GS-3,Southern California Edison Co,5570b8575457a37a19db22a6,5570b8575457a37a19db22a6,Time-of-use - General Service - Demand Metered-Super Off Peak: TOU-GS-3-SOP,2015-06-01 07:00:00+00:00,Commercial,,5bc7bf095457a3b5483b43ef,5bc7bf095457a3b5483b43ef,"TOU-GS-3, Option A",2018-10-01 06:00:00+00:00,Commercial,Bundled,3.33,True,False,weak,,
GS-3,Southern California Edison Co,5570b8575457a37a19db22a6,5570b8575457a37a19db22a6,Time-of-use - General Service - Demand Metered-Super Off Peak: TOU-GS-3-SOP,2015-06-01 07:00:00+00:00,Commercial,,5bc7c01e5457a3ee6b3b43ef,5bc7c01e5457a3ee6b3b43ef,"TOU-GS-3, Option B",2018-10-01 06:00:00+00:00,Commercial,Bundled,3.33,True,False,weak,,
GS-3,Southern California Edison Co,5570b8575457a37a19db22a6,5570b8575457a37a19db22a6,Time-of-use - General Service - Demand Metered-Super Off Peak: TOU-GS-3-SOP,2015-06-01 07:00:00+00:00,Commercial,,5bc7c0fe5457a3c9273b43ec,5bc7c0fe5457a3c9273b43ec,"TOU-GS-3, Option R",2018-10-01 06:00:00+00:00,Commercial,Bundled,3.33,True,False,weak,,
GS-3,Southern California Edison Co,5570b8575457a37a19db22a6,5570b8575457a37a19db22a6,Time-of-use - General Service - Demand Metered-Super Off Peak: TOU-GS-3-SOP,2015-06-01 07:00:00+00:00,Commercial,,5c804c6f5457a3fc4c4b0dbb,5c804c6f5457a3fc4c4b0dbb,"Time-of-use - General Service - Demand Metered: TOU-GS-3, Option E (Under 2kV)",2019-03-01 07:00:00+00:00,Commercial,Bundled,3.75,True,False,weak,,
GS-3,Southern California Edison Co,5570b8575457a37a19db22a6,5570b8575457a37a19db22a6,Time-of-use - General Service - Demand Metered-Super Off Peak: TOU-GS-3-SOP,2015-06-01 07:00:00+00:00,Commercial,,5d9cdd9d5457a37118598dcf,5d9cdd9d5457a37118598dcf,"Time-of-use - General Service - Demand Metered: TOU-GS-3, Option D (Under 2kV)",2019-04-12 06:00:00+00:00,Commercial,Bundled,3.86,True,False,weak,,
EV-4,Southern California Edison Co,5570c14a5457a3a23cdb22a8,5c817fd27bece2299eceb39c,General Service Time-of-use Electric Vehicle Charging - Demand Metered:TOU-EV-4 (2kv-50kv) - Closed Rate,2018-10-01 07:00:00+00:00,Commercial,Bundled,60ba262b5457a302057ef411,60ba262b5457a302057ef411,General Service Time-of-use Electric Vehicle Charging: TOU-EV-4 Single Phase (Under 2kV) - Closed Rate,2019-03-01 08:00:00+00:00,Commercial,Bundled,0.41,True,True,strong,,
EV-4,Southern California Edison Co,5570c14a5457a3a23cdb22a8,5c817fd27bece2299eceb39c,General Service Time-of-use Electric Vehicle Charging - Demand Metered:TOU-EV-4 (2kv-50kv) - Closed Rate,2018-10-01 07:00:00+00:00,Commercial,Bundled,60ba27bd5457a39e117ef40f,60ba27bd5457a39e117ef40f,General Service Time-of-use Electric Vehicle Charging: TOU-EV-4  (2kV-50kV) - Closed Rate,2019-03-01 08:00:00+00:00,Commercial,Bundled,0.41,True,True,strong,,
EV-4,Southern California Edison Co,5570c14a5457a3a23cdb22a8,5c817fd27bece2299eceb39c,General Service Time-of-use Electric Vehicle Charging - Demand Metered:TOU-EV-4 (2kv-50kv) - Closed Rate,2018-10-01 07:00:00+00:00,Commercial,Bundled,60ba28465457a34f077ef410,60ba28465457a34f077ef410,General Service Time-of-use Electric Vehicle Charging: TOU-EV-4 (50kV-220kV) - Closed Rate,2019-03-01 08:00:00+00:00,Commercial,Bundled,0.41,True,True,strong,,
EV-4,Southern California Edison Co,5570c14a5457a3a23cdb22a8,5c817fd27bece2299eceb39c,General Service Time-of-use Electric Vehicle Charging - Demand Metered:TOU-EV-4 (2kv-50kv) - Closed Rate,2018-10-01 07:00:00+00:00,Commercial,Bundled,60ba28d25457a3194f7ef411,60ba28d25457a3194f7ef411,General Service Time-of-use Electric Vehicle Charging: TOU-EV-4 (220kV and above) - Closed Rate,2019-03-01 08:00:00+00:00,Commercial,Bundled,0.41,True,True,strong,,
GS-1,Southern California Edison Co,55e758485457a3f9058e8004,56b29a2b5457a3654fc2db59,"TOU General Service-1, Non Demand , Option CPP: GS-1 TOU B, Single Phase",2016-01-01 07:00:00+00:00,Commercial,,586d2f4e5457a34b211c9607,586d2f4e5457a34b211c9607,"Time of Use, General Service, Non Demand, Option B: GS-1 TOU B, Single Phase (2 kV - 50 kV)",2017-01-01 07:00:00+00:00,Commercial,,1.0,True,True,strong,,
GS-1,Southern California Edison Co,55e758485457a3f9058e8004,56b29a2b5457a3654fc2db59,"TOU General Service-1, Non Demand , Option CPP: GS-1 TOU B, Single Phase",2016-01-01 07:00:00+00:00,Commercial,,586d3f6c5457a31b1b1c9606,586d3f6c5457a31b1b1c9606,"TOU General Service, Non Demand, Option C: GS-1 TOU C, Three Phase (At 220 kV)",2017-01-01 07:00:00+00:00,Commercial,,1.0,True,True,strong,,
GS-1,Southern California Edison Co,55e758485457a3f9058e8004,56b29a2b5457a3654fc2db59,"TOU General Service-1, Non Demand , Option CPP: GS-1 TOU B, Single Phase",2016-01-01 07:00:00+00:00,Commercial,,586d3e2e5457a3d8341c9606,586d3e2e5457a3d8341c9606,"TOU General Service, Non Demand, Option C: GS-1 TOU C, Single Phase (At 220 kV)",2017-01-01 07:00:00+00:00,Commercial,,1.0,True,True,strong,,
GS-1,Southern California Edison Co,55e758485457a3f9058e8004,56b29a2b5457a3654fc2db59,"TOU General Service-1, Non Demand , Option CPP: GS-1 TOU B, Single Phase",2016-01-01 07:00:00+00:00,Commercial,,586d3d055457a34f211c9607,586d3d055457a34f211c9607,"TOU General Service, Non Demand, Option C: GS-1 TOU C, Three Phase (50 kV - 220 kV)",2017-01-01 07:00:00+00:00,Commercial,,1.0,True,True,strong,,
GS-1,Southern California Edison Co,55e758485457a3f9058e8004,56b29a2b5457a3654fc2db59,"TOU General Service-1, Non Demand , Option CPP: GS-1 TOU B, Single Phase",2016-01-01 07:00:00+00:00,Commercial,,586d3c255457a37d7c1c9605,586d3c255457a37d7c1c9605,"TOU General Service, Non Demand, Option C: GS-1 TOU C, Single Phase (50 kV - 220 kV)",2017-01-01 07:00:00+00:00,Commercial,,1.0,True,True,strong,,
GS-1,Southern California Edison Co,55e758485457a3f9058e8004,56b29a2b5457a3654fc2db59,"TOU General Service-1, Non Demand , Option CPP: GS-1 TOU B, Single Phase",2016-01-01 07:00:00+00:00,Commercial,,586d3a855457a3cb361c9605,586d3a855457a3cb361c9605,"TOU General Service, Non Demand, Option C: GS-1 TOU C, Three Phase (2 kV - 50 kV)",2017-01-01 07:00:00+00:00,Commercial,,1.0,True,True,strong,,
GS-1,Southern California Edison Co,55e758485457a3f9058e8004,56b29a2b5457a3654fc2db59,"TOU General Service-1, Non Demand , Option CPP: GS-1 TOU B, Single Phase",2016-01-01 07:00:00+00:00,Commercial,,586d399f5457a34d211c9605,586d399f5457a34d211c9605,"TOU General Service, Non Demand, Option C: GS-1 TOU C, Single Phase (2 kV - 50 kV)",2017-01-01 07:00:00+00:00,Commercial,,1.0,True,True,strong,,
GS-1,Southern California Edison Co,55e758485457a3f9058e8004,56b29a2b5457a3654fc2db59,"TOU General Service-1, Non Demand , Option CPP: GS-1 TOU B, Single Phase",2016-01-01 07:00:00+00:00,Commercial,,586d35c45457a31b1b1c9605,586d35c45457a31b1b1c9605,"Time of Use, General Service, Non Demand, Option B: GS-1 TOU B, Three Phase (At 220 kV)",2017-01-01 07:00:00+00:00,Commercial,,1.0,True,True,strong,,
GS-1,Southern California Edison Co,55e758485457a3f9058e8004,56b29a2b5457a3654fc2db59,"TOU General Service-1, Non Demand , Option CPP: GS-1 TOU B, Single Phase",2016-01-01 07:00:00+00:00,Commercial,,586d35025457a34b211c9609,586d35025457a34b211c9609,"Time of Use, General Service, Non Demand, Option B: GS-1 TOU B, Single Phase (At 220 kV)",2017-01-01 07:00:00+00:00,Commercial,,1.0,True,True,strong,,
GS-1,Southern California Edison Co,55e758485457a3f9058e8004,56b29a2b5457a3654fc2db59,"TOU General Service-1, Non Demand , Option CPP: GS-1 TOU B, Single Phase",2016-01-01 07:00:00+00:00,Commercial,,586d33f05457a34f211c9606,586d33f05457a34f211c9606,"Time of Use, General Service, Non Demand, Option B: GS-1 TOU B, Three Phase (50 kV - 220 kV)",2017-01-01 07:00:00+00:00,Commercial,,1.0,True,True,strong,,
GS-1,Southern California Edison Co,55e758485457a3f9058e8004,56b29a2b5457a3654fc2db59,"TOU General Service-1, Non Demand , Option CPP: GS-1 TOU B, Single Phase",2016-01-01 07:00:00+00:00,Commercial,,586d32cf5457a34b211c9608,586d32cf5457a34b211c9608,"Time of Use, General Service, Non Demand, Option B: GS-1 TOU B, Single Phase (50 kV - 220 kV)",2017-01-01 07:00:00+00:00,Commercial,,1.0,True,True,strong,,
GS-1,Southern California Edison Co,55e758485457a3f9058e8004,56b29a2b5457a3654fc2db59,"TOU General Service-1, Non Demand , Option CPP: GS-1 TOU B, Single Phase",2016-01-01 07:00:00+00:00,Commercial,,586d30c35457a3d8341c9605,586d30c35457a3d8341c9605,"Time of Use, General Service, Non Demand, Option B: GS-1 TOU B, Three Phase (2 kV - 50 kV)",2017-01-01 07:00:00+00:00,Commercial,,1.0,True,True,strong,,
GS-1,Southern California Edison Co,55e758485457a3f9058e8004,56b29a2b5457a3654fc2db59,"TOU General Service-1, Non Demand , Option CPP: GS-1 TOU B, Single Phase",2016-01-01 07:00:00+00:00,Commercial,,59c059345457a3b066bbb282,59c059345457a3b066bbb282,"TOU-GS-1, Option E",2017-12-01 08:00:00+00:00,Commercial,,1.92,True,True,strong,,
GS-1,Southern California Edison Co,55e758485457a3f9058e8004,56b29a2b5457a3654fc2db59,"TOU General Service-1, Non Demand , Option CPP: GS-1 TOU B, Single Phase",2016-01-01 07:00:00+00:00,Commercial,,59c05a965457a30837bbb27e,59c05a965457a30837bbb27e,"TOU-GS-1, Option D",2017-12-01 08:00:00+00:00,Commercial,,1.92,True,True,strong,,
GS-1,Southern California Edison Co,55e758485457a3f9058e8004,56b29a2b5457a3654fc2db59,"TOU General Service-1, Non Demand , Option CPP: GS-1 TOU B, Single Phase",2016-01-01 07:00:00+00:00,Commercial,,5b5f64835457a35667409a7c,5b5f64835457a35667409a7c,"TOU General Service, Option C: GS-1 TOU B, 3-Phase (Under 2 kV)",2017-01-01 08:00:00+00:00,Commercial,Bundled,1.0,True,False,weak,,
GS-1,Southern California Edison Co,55e758485457a3f9058e8004,56b29a2b5457a3654fc2db59,"TOU General Service-1, Non Demand , Option CPP: GS-1 TOU B, Single Phase",2016-01-01 07:00:00+00:00,Commercial,,5b5f3ca85457a37b63409a7b,5b5f3ca85457a37b63409a7b,"TOU General Service, Option C: GS-1 TOU C, 3-Phase (Under 2 kV)",2017-01-01 08:00:00+00:00,Commercial,Bundled,1.0,True,False,weak,,
GS-1,Southern California Edison Co,55e758485457a3f9058e8004,56b29a2b5457a3654fc2db59,"TOU General Service-1, Non Demand , Option CPP: GS-1 TOU B, Single Phase",2016-01-01 07:00:00+00:00,Commercial,,5df016d95457a3ab783fb277,5df016d95457a3ab783fb277,ME- GS-1 TOU A,2017-01-01 07:00:00+00:00,Commercial,Bundled,1.0,True,False,weak,,
GS-1,Southern California Edison Co,55e758485457a3f9058e8004,56b29a2b5457a3654fc2db59,"TOU General Service-1, Non Demand , Option CPP: GS-1 TOU B, Single Phase",2016-01-01 07:00:00+00:00,Commercial,,5df047f45457a332513fb27a,5df047f45457a332513fb27a,ME- GS-1 TOU C,2017-01-01 07:00:00+00:00,Commercial,Bundled,1.0,True,False,weak,,
GS-1,Southern California Edison Co,55e758485457a3f9058e8004,56b29a2b5457a3654fc2db59,"TOU General Service-1, Non Demand , Option CPP: GS-1 TOU B, Single Phase",2016-01-01 07:00:00+00:00,Commercial,,5b5f69855457a32f7a409a7c,5b5f69855457a32f7a409a7c,"TOU General Service, Option C: GS-1 TOU A, 3-Phase (Under 2 kV)",2017-01-01 08:00:00+00:00,Commercial,Bundled,1.0,True,False,weak,,
GS-1,Southern California Edison Co,55e758485457a3f9058e8004,56b29a2b5457a3654fc2db59,"TOU General Service-1, Non Demand , Option CPP: GS-1 TOU B, Single Phase",2016-01-01 07:00:00+00:00,Commercial,,5dbb53085457a30e46dc72bb,5dbb53085457a30e46dc72bb,"ME GS-1 TOU B, Three Phase (Under 2 kV)",2017-01-01 07:00:00+00:00,Commercial,Bundled,1.0,True,False,weak,,
GS-1,Southern California Edison Co,55e758485457a3f9058e8004,56b29a2b5457a3654fc2db59,"TOU General Service-1, Non Demand , Option CPP: GS-1 TOU B, Single Phase",2016-01-01 07:00:00+00:00,Commercial,,5bc7bd295457a3b5483b43ee,5bc7bd295457a3b5483b43ee,"TOU-GS-1, Option C",2018-10-01 06:00:00+00:00,Commercial,Bundled,2.75,True,False,weak,,
GS-1,Southern California Edison Co,55e758485457a3f9058e8004,56b29a2b5457a3654fc2db59,"TOU General Service-1, Non Demand , Option CPP: GS-1 TOU B, Single Phase",2016-01-01 07:00:00+00:00,Commercial,,5bc7b6c75457a3a2783b43ec,5bc7b6c75457a3a2783b43ec,"TOU-GS-1, Option A",2018-10-01 06:00:00+00:00,Commercial,Bundled,2.75,True,False,weak,,
GS-1,Southern California Edison Co,55e758485457a3f9058e8004,56b29a2b5457a3654fc2db59,"TOU General Service-1, Non Demand , Option CPP: GS-1 TOU B, Single Phase",2016-01-01 07:00:00+00:00,Commercial,,5bc7b9175457a3ee6b3b43ee,5bc7b9175457a3ee6b3b43ee,"TOU-GS-1, Option B",2018-10-01 06:00:00+00:00,Commercial,Bundled,2.75,True,False,weak,,
GS-1,Southern California Edison Co,55e758485457a3f9058e8004,56b29a2b5457a3654fc2db59,"TOU General Service-1, Non Demand , Option CPP: GS-1 TOU B, Single Phase",2016-01-01 07:00:00+00:00,Commercial,,5d9bc5355457a3d965598dce,5d9bc5355457a3d965598dce,"Time of Use, General Service, Option A: GS-1 TOU Option A, Three Phase (Under 2 kV)",2018-10-01 07:00:00+00:00,Commercial,Bundled,2.75,True,False,weak,,
GS-1,Southern California Edison Co,55e758485457a3f9058e8004,56b29a2b5457a3654fc2db59,"TOU General Service-1, Non Demand , Option CPP: GS-1 TOU B, Single Phase",2016-01-01 07:00:00+00:00,Commercial,,5df081605457a38f2a3fb279,5df081605457a38f2a3fb279,ME- GS-1 TOU E,2019-03-01 07:00:00+00:00,Commercial,Bundled,3.16,True,False,weak,,
GS-1,Southern California Edison Co,55e7593c5457a33c288e8006,56b299775457a3555cc2db59,"Time of Use, General Service, Non Demand Metered, Option CPP: GS-1 TOU B, Three Phase",2016-01-01 07:00:00+00:00,Commercial,,586d2f4e5457a34b211c9607,586d2f4e5457a34b211c9607,"Time of Use, General Service, Non Demand, Option B: GS-1 TOU B, Single Phase (2 kV - 50 kV)",2017-01-01 07:00:00+00:00,Commercial,,1.0,True,True,strong,,
GS-1,Southern California Edison Co,55e7593c5457a33c288e8006,56b299775457a3555cc2db59,"Time of Use, General Service, Non Demand Metered, Option CPP: GS-1 TOU B, Three Phase",2016-01-01 07:00:00+00:00,Commercial,,586d3f6c5457a31b1b1c9606,586d3f6c5457a31b1b1c9606,"TOU General Service, Non Demand, Option C: GS-1 TOU C, Three Phase (At 220 kV)",2017-01-01 07:00:00+00:00,Commercial,,1.0,True,True,strong,,
GS-1,Southern California Edison Co,55e7593c5457a33c288e8006,56b299775457a3555cc2db59,"Time of Use, General Service, Non Demand Metered, Option CPP: GS-1 TOU B, Three Phase",2016-01-01 07:00:00+00:00,Commercial,,586d3e2e5457a3d8341c9606,586d3e2e5457a3d8341c9606,"TOU General Service, Non Demand, Option C: GS-1 TOU C, Single Phase (At 220 kV)",2017-01-01 07:00:00+00:00,Commercial,,1.0,True,True,strong,,
GS-1,Southern California Edison Co,55e7593c5457a33c288e8006,56b299775457a3555cc2db59,"Time of Use, General Service, Non Demand Metered, Option CPP: GS-1 TOU B, Three Phase",2016-01-01 07:00:00+00:00,Commercial,,586d3d055457a34f211c9607,586d3d055457a34f211c9607,"TOU General Service, Non Demand, Option C: GS-1 TOU C, Three Phase (50 kV - 220 kV)",2017-01-01 07:00:00+00:00,Commercial,,1.0,True,True,strong,,
GS-1,Southern California Edison Co,55e7593c5457a33c288e8006,56b299775457a3555cc2db59,"Time of Use, General Service, Non Demand Metered, Option CPP: GS-1 TOU B, Three Phase",2016-01-01 07:00:00+00:00,Commercial,,586d3c255457a37d7c1c9605,586d3c255457a37d7c1c9605,"TOU General Service, Non Demand, Option C: GS-1 TOU C, Single Phase (50 kV - 220 kV)",2017-01-01 07:00:00+00:00,Commercial,,1.0,True,True,strong,,
GS-1,Southern California Edison Co,55e7593c5457a33c288e8006,56b299775457a3555cc2db59,"Time of Use, General Service, Non Demand Metered, Option CPP: GS-1 TOU B, Three Phase",2016-01-01 07:00:00+00:00,Commercial,,586d3a855457a3cb361c9605,586d3a855457a3cb361c9605,"TOU General Service, Non Demand, Option C: GS-1 TOU C, Three Phase (2 kV - 50 kV)",2017-01-01 07:00:00+00:00,Commercial,,1.0,True,True,strong,,
GS-1,Southern California Edison Co,55e7593c5457a33c288e8006,56b299775457a3555cc2db59,"Time of Use, General Service, Non Demand Metered, Option CPP: GS-1 TOU B, Three Phase",2016-01-01 07:00:00+00:00,Commercial,,586d399f5457a34d211c9605,586d399f5457a34d211c9605,"TOU General Service, Non Demand, Option C: GS-1 TOU C, Single Phase (2 kV - 50 kV)",2017-01-01 07:00:00+00:00,Commercial,,1.0,True,True,strong,,
GS-1,Southern California Edison Co,55e7593c5457a33c288e8006,56b299775457a3555cc2db59,"Time of Use, General Service, Non Demand Metered, Option CPP: GS-1 TOU B, Three Phase",2016-01-01 07:00:00+00:00,Commercial,,586d35c45457a31b1b1c9605,586d35c45457a31b1b1c9605,"Time of Use, General Service, Non Demand, Option B: GS-1 TOU B, Three Phase (At 220 kV)",2017-01-01 07:00:00+00:00,Commercial,,1.0,True,True,strong,,
GS-1,Southern California Edison Co,55e7593c5457a33c288e8006,56b299775457a3555cc2db59,"Time of Use, General Service, Non Demand Metered, Option CPP: GS-1 TOU B, Three Phase",2016-01-01 07:00:00+00:00,Commercial,,586d35025457a34b211c9609,586d35025457a34b211c9609,"Time of Use, General Service, Non Demand, Option B: GS-1 TOU B, Single Phase (At 220 kV)",2017-01-01 07:00:00+00:00,Commercial,,1.0,True,True,strong,,
GS-1,Southern California Edison Co,55e7593c5457a33c288e8006,56b299775457a3555cc2db59,"Time of Use, General Service, Non Demand Metered, Option CPP: GS-1 TOU B, Three Phase",2016-01-01 07:00:00+00:00,Commercial,,586d33f05457a34f211c9606,586d33f05457a34f211c9606,"Time of Use, General Service, Non Demand, Option B: GS-1 TOU B, Three Phase (50 kV - 220 kV)",2017-01-01 07:00:00+00:00,Commercial,,1.0,True,True,strong,,
GS-1,Southern California Edison Co,55e7593c5457a33c288e8006,56b299775457a3555cc2db59,"Time of Use, General Service, Non Demand Metered, Option CPP: GS-1 TOU B, Three Phase",2016-01-01 07:00:00+00:00,Commercial,,586d32cf5457a34b211c9608,586d32cf5457a34b211c9608,"Time of Use, General Service, Non Demand, Option B: GS-1 TOU B, Single Phase (50 kV - 220 kV)",2017-01-01 07:00:00+00:00,Commercial,,1.0,True,True,strong,,
GS-1,Southern California Edison Co,55e7593c5457a33c288e8006,56b299775457a3555cc2db59,"Time of Use, General Service, Non Demand Metered, Option CPP: GS-1 TOU B, Three Phase",2016-01-01 07:00:00+00:00,Commercial,,586d30c35457a3d8341c9605,586d30c35457a3d8341c9605,"Time of Use, General Service, Non Demand, Option B: GS-1 TOU B, Three Phase (2 kV - 50 kV)",2017-01-01 07:00:00+00:00,Commercial,,1.0,True,True,strong,,
GS-1,Southern California Edison Co,55e7593c5457a33c288e8006,56b299775457a3555cc2db59,"Time of Use, General Service, Non Demand Metered, Option CPP: GS-1 TOU B, Three Phase",2016-01-01 07:00:00+00:00,Commercial,,59c059345457a3b066bbb282,59c059345457a3b066bbb282,"TOU-GS-1, Option E",2017-12-01 08:00:00+00:00,Commercial,,1.92,True,True,strong,,
GS-1,Southern California Edison Co,55e7593c5457a33c288e8006,56b299775457a3555cc2db59,"Time of Use, General Service, Non Demand Metered, Option CPP: GS-1 TOU B, Three Phase",2016-01-01 07:00:00+00:00,Commercial,,59c05a965457a30837bbb27e,59c05a965457a30837bbb27e,"TOU-GS-1, Option D",2017-12-01 08:00:00+00:00,Commercial,,1.92,True,True,strong,,
GS-1,Southern California Edison Co,55e7593c5457a33c288e8006,56b299775457a3555cc2db59,"Time of Use, General Service, Non Demand Metered, Option CPP: GS-1 TOU B, Three Phase",2016-01-01 07:00:00+00:00,Commercial,,5b5f64835457a35667409a7c,5b5f64835457a35667409a7c,"TOU General Service, Option C: GS-1 TOU B, 3-Phase (Under 2 kV)",2017-01-01 08:00:00+00:00,Commercial,Bundled,1.0,True,False,weak,,
GS-1,Southern California Edison Co,55e7593c5457a33c288e8006,56b299775457a3555cc2db59,"Time of Use, General Service, Non Demand Metered, Option CPP: GS-1 TOU B, Three Phase",2016-01-01 07:00:00+00:00,Commercial,,5b5f3ca85457a37b63409a7b,5b5f3ca85457a37b63409a7b,"TOU General Service, Option C: GS-1 TOU C, 3-Phase (Under 2 kV)",2017-01-01 08:00:00+00:00,Commercial,Bundled,1.0,True,False,weak,,
GS-1,Southern California Edison Co,55e7593c5457a33c288e8006,56b299775457a3555cc2db59,"Time of Use, General Service, Non Demand Metered, Option CPP: GS-1 TOU B, Three Phase",2016-01-01 07:00:00+00:00,Commercial,,5df016d95457a3ab783fb277,5df016d95457a3ab783fb277,ME- GS-1 TOU A,2017-01-01 07:00:00+00:00,Commercial,Bundled,1.0,True,False,weak,,
GS-1,Southern California Edison Co,55e7593c5457a33c288e8006,56b299775457a3555cc2db59,"Time of Use, General Service, Non Demand Metered, Option CPP: GS-1 TOU B, Three Phase",2016-01-01 07:00:00+00:00,Commercial,,5df047f45457a332513fb27a,5df047f45457a332513fb27a,ME- GS-1 TOU C,2017-01-01 07:00:00+00:00,Commercial,Bundled,1.0,True,False,weak,,
GS-1,Southern California Edison Co,55e7593c5457a33c288e8006,56b299775457a3555cc2db59,"Time of Use, General Service, Non Demand Metered, Option CPP: GS-1 TOU B, Three Phase",2016-01-01 07:00:00+00:00,Commercial,,5b5f69855457a32f7a409a7c,5b5f69855457a32f7a409a7c,"TOU General Service, Option C: GS-1 TOU A, 3-Phase (Under 2 kV)",2017-01-01 08:00:00+00:00,Commercial,Bundled,1.0,True,False,weak,,
GS-1,Southern California Edison Co,55e7593c5457a33c288e8006,56b299775457a3555cc2db59,"Time of Use, General Service, Non Demand Metered, Option CPP: GS-1 TOU B, Three Phase",2016-01-01 07:00:00+00:00,Commercial,,5dbb53085457a30e46dc72bb,5dbb53085457a30e46dc72bb,"ME GS-1 TOU B, Three Phase (Under 2 kV)",2017-01-01 07:00:00+00:00,Commercial,Bundled,1.0,True,False,weak,,
GS-1,Southern California Edison Co,55e7593c5457a33c288e8006,56b299775457a3555cc2db59,"Time of Use, General Service, Non Demand Metered, Option CPP: GS-1 TOU B, Three Phase",2016-01-01 07:00:00+00:00,Commercial,,5bc7bd295457a3b5483b43ee,5bc7bd295457a3b5483b43ee,"TOU-GS-1, Option C",2018-10-01 06:00:00+00:00,Commercial,Bundled,2.75,True,False,weak,,
GS-1,Southern California Edison Co,55e7593c5457a33c288e8006,56b299775457a3555cc2db59,"Time of Use, General Service, Non Demand Metered, Option CPP: GS-1 TOU B, Three Phase",2016-01-01 07:00:00+00:00,Commercial,,5bc7b6c75457a3a2783b43ec,5bc7b6c75457a3a2783b43ec,"TOU-GS-1, Option A",2018-10-01 06:00:00+00:00,Commercial,Bundled,2.75,True,False,weak,,
GS-1,Southern California Edison Co,55e7593c5457a33c288e8006,56b299775457a3555cc2db59,"Time of Use, General Service, Non Demand Metered, Option CPP: GS-1 TOU B, Three Phase",2016-01-01 07:00:00+00:00,Commercial,,5bc7b9175457a3ee6b3b43ee,5bc7b9175457a3ee6b3b43ee,"TOU-GS-1, Option B",2018-10-01 06:00:00+00:00,Commercial,Bundled,2.75,True,False,weak,,
GS-1,Southern California Edison Co,55e7593c5457a33c288e8006,56b299775457a3555cc2db59,"Time of Use, General Service, Non Demand Metered, Option CPP: GS-1 TOU B, Three Phase",2016-01-01 07:00:00+00:00,Commercial,,5d9bc5355457a3d965598dce,5d9bc5355457a3d965598dce,"Time of Use, General Service, Option A: GS-1 TOU Option A, Three Phase (Under 2 kV)",2018-10-01 07:00:00+00:00,Commercial,Bundled,2.75,True,False,weak,,
GS-1,Southern California Edison Co,55e7593c5457a33c288e8006,56b299775457a3555cc2db59,"Time of Use, General Service, Non Demand Metered, Option CPP: GS-1 TOU B, Three Phase",2016-01-01 07:00:00+00:00,Commercial,,5df081605457a38f2a3fb279,5df081605457a38f2a3fb279,ME- GS-1 TOU E,2019-03-01 07:00:00+00:00,Commercial,Bundled,3.16,True,False,weak,,
GS-2,Southern California Edison Co,574f6b105457a3d8785e629e,574f6b105457a3d8785e629e,"Time of Use, General Service, Demand Metered, TOU-GS-2, Option B",2016-05-02 06:00:00+00:00,Commercial,,586d4bf65457a366061c9606,586d4bf65457a366061c9606,"Time of Use, General Service, Demand Metered, Option GS-2 TOU A, Single Phase (At 220kV)",2017-01-01 07:00:00+00:00,Commercial,,0.67,True,True,strong,,
GS-2,Southern California Edison Co,574f6b105457a3d8785e629e,574f6b105457a3d8785e629e,"Time of Use, General Service, Demand Metered, TOU-GS-2, Option B",2016-05-02 06:00:00+00:00,Commercial,,586d4ca75457a348111c9605,586d4ca75457a348111c9605,"Time of Use, General Service, Demand Metered, Option A: GS-2 TOU A, Three Phase (At 220kV)",2017-01-01 07:00:00+00:00,Commercial,,0.67,True,True,strong,,
GS-2,Southern California Edison Co,574f6b105457a3d8785e629e,574f6b105457a3d8785e629e,"Time of Use, General Service, Demand Metered, TOU-GS-2, Option B",2016-05-02 06:00:00+00:00,Commercial,,59c05cde5457a30837bbb280,59c05cde5457a30837bbb280,"TOU-GS-2, Option E",2017-12-01 08:00:00+00:00,Commercial,,1.58,True,True,strong,,
GS-2,Southern California Edison Co,574f6b105457a3d8785e629e,574f6b105457a3d8785e629e,"Time of Use, General Service, Demand Metered, TOU-GS-2, Option B",2016-05-02 06:00:00+00:00,Commercial,,59c05bc05457a30837bbb27f,59c05bc05457a30837bbb27f,"TOU-GS-2, Option D",2017-12-01 08:00:00+00:00,Commercial,Delivery with Standard Offer,1.58,True,False,weak,,
GS-2,Southern California Edison Co,574f6b105457a3d8785e629e,574f6b105457a3d8785e629e,"Time of Use, General Service, Demand Metered, TOU-GS-2, Option B",2016-05-02 06:00:00+00:00,Commercial,,5bc7ba425457a3b5483b43ed,5bc7ba425457a3b5483b43ed,"TOU-GS-2, Option A",2018-10-01 06:00:00+00:00,Commercial,Bundled,2.41,True,False,weak,,
GS-2,Southern California Edison Co,574f6b105457a3d8785e629e,574f6b105457a3d8785e629e,"Time of Use, General Service, Demand Metered, TOU-GS-2, Option B",2016-05-02 06:00:00+00:00,Commercial,,5bc7bc025457a32d493b43ed,5bc7bc025457a32d493b43ed,"TOU-GS-2, Option B",2018-10-01 06:00:00+00:00,Commercial,Bundled,2.41,True,False,weak,,
GS-2,Southern California Edison Co,574f6b105457a3d8785e629e,574f6b105457a3d8785e629e,"Time of Use, General Service, Demand Metered, TOU-GS-2, Option B",2016-05-02 06:00:00+00:00,Commercial,,5bc7be2a5457a3a2783b43ed,5bc7be2a5457a3a2783b43ed,"TOU-GS-2, Option R",2018-10-01 06:00:00+00:00,Commercial,Bundled,2.41,True,False,weak,,
GS-2,Southern California Edison Co,574f6b105457a3d8785e629e,574f6b105457a3d8785e629e,"Time of Use, General Service, Demand Metered, TOU-GS-2, Option B",2016-05-02 06:00:00+00:00,Commercial,,5cdb9d385457a3616340c5d2,5cdb9d385457a3616340c5d2,"Time of Use, General Service, Demand Metered, Option E: GS-2 TOU E, Three Phase (Under 2 kV)",2019-04-12 07:00:00+00:00,Commercial,Bundled,2.94,True,False,weak,,
GS-2,Southern California Edison Co,574f6b105457a3d8785e629e,574f6b105457a3d8785e629e,"Time of Use, General Service, Demand Metered, TOU-GS-2, Option B",2016-05-02 06:00:00+00:00,Commercial,,5cdb9e605457a3b72b40c5d3,5cdb9e605457a3b72b40c5d3,"Time of Use, General Service, Demand Metered, Option D: GS-2 TOU D, Three Phase (Under 2 kV)",2019-04-12 07:00:00+00:00,Commercial,Bundled,2.94,True,False,weak,,
GS-2,Southern California Edison Co,586d4bf65457a366061c9606,5c81808d7bece2299eceb3d5,"Time of Use, General Service, Demand Metered, Option GS-2 TOU A, Single Phase (At 220kV)",2018-10-01 07:00:00+00:00,Commercial,Bundled,5cdb9d385457a3616340c5d2,5cdb9d385457a3616340c5d2,"Time of Use, General Service, Demand Metered, Option E: GS-2 TOU E, Three Phase (Under 2 kV)",2019-04-12 07:00:00+00:00,Commercial,Bundled,0.53,True,True,strong,,
GS-2,Southern California Edison Co,586d4bf65457a366061c9606,5c81808d7bece2299eceb3d5,"Time of Use, General Service, Demand Metered, Option GS-2 TOU A, Single Phase (At 220kV)",2018-10-01 07:00:00+00:00,Commercial,Bundled,5cdb9e605457a3b72b40c5d3,5cdb9e605457a3b72b40c5d3,"Time of Use, General Service, Demand Metered, Option D: GS-2 TOU D, Three Phase (Under 2 kV)",2019-04-12 07:00:00+00:00,Commercial,Bundled,0.53,True,True,strong,,
GS-2,Southern California Edison Co,586d4ca75457a348111c9605,5c81808a7bece2299eceb3d4,"Time of Use, General Service, Demand Metered, Option A: GS-2 TOU A, Three Phase (At 220kV)",2018-10-01 07:00:00+00:00,Commercial,Bundled,5cdb9d385457a3616340c5d2,5cdb9d385457a3616340c5d2,"Time of Use, General Service, Demand Metered, Option E: GS-2 TOU E, Three Phase (Under 2 kV)",2019-04-12 07:00:00+00:00,Commercial,Bundled,0.53,True,True,strong,,
GS-2,Southern California Edison Co,586d4ca75457a348111c9605,5c81808a7bece2299eceb3d4,"Time of Use, General Service, Demand Metered, Option A: GS-2 TOU A, Three Phase (At 220kV)",2018-10-01 07:00:00+00:00,Commercial,Bundled,5cdb9e605457a3b72b40c5d3,5cdb9e605457a3b72b40c5d3,"Time of Use, General Service, Demand Metered, Option D: GS-2 TOU D, Three Phase (Under 2 kV)",2019-04-12 07:00:00+00:00,Commercial,Bundled,0.53,True,True,strong,,
GS-3,Southern California Edison Co,586e7ee45457a3c6711c9605,5c81805f7bece2299eceb3c5,"Time-of-use - General Service - Demand Metered: TOU-GS-3, Option A (2kV to 50kV)",2018-10-01 07:00:00+00:00,Commercial,Bundled,5c804c6f5457a3fc4c4b0dbb,5c804c6f5457a3fc4c4b0dbb,"Time-of-use - General Service - Demand Metered: TOU-GS-3, Option E (Under 2kV)",2019-03-01 07:00:00+00:00,Commercial,Bundled,0.41,True,True,strong,,
GS-3,Southern California Edison Co,586e7ee45457a3c6711c9605,5c81805f7bece2299eceb3c5,"Time-of-use - General Service - Demand Metered: TOU-GS-3, Option A (2kV to 50kV)",2018-10-01 07:00:00+00:00,Commercial,Bundled,5d9cdd9d5457a37118598dcf,5d9cdd9d5457a37118598dcf,"Time-of-use - General Service - Demand Metered: TOU-GS-3, Option D (Under 2kV)",2019-04-12 06:00:00+00:00,Commercial,Bundled,0.53,True,True,strong,,
GS-3,Southern California Edison Co,586e7f055457a3bc711c9605,5c81805c7bece2299eceb3c4,"Time-of-use - General Service - Demand Metered: TOU-GS-3, Option A (50kV to 220kV)",2018-10-01 07:00:00+00:00,Commercial,Bundled,5c804c6f5457a3fc4c4b0dbb,5c804c6f5457a3fc4c4b0dbb,"Time-of-use - General Service - Demand Metered: TOU-GS-3, Option E (Under 2kV)",2019-03-01 07:00:00+00:00,Commercial,Bundled,0.41,True,True,strong,,
GS-3,Southern California Edison Co,586e7f055457a3bc711c9605,5c81805c7bece2299eceb3c4,"Time-of-use - General Service - Demand Metered: TOU-GS-3, Option A (50kV to 220kV)",2018-10-01 07:00:00+00:00,Commercial,Bundled,5d9cdd9d5457a37118598dcf,5d9cdd9d5457a37118598dcf,"Time-of-use - General Service - Demand Metered: TOU-GS-3, Option D (Under 2kV)",2019-04-12 06:00:00+00:00,Commercial,Bundled,0.53,True,True,strong,,
GS-3,Southern California Edison Co,586e7f305457a3dd711c9605,5c8180597bece2299eceb3c3,"Time-of-use - General Service - Demand Metered: TOU-GS-3, Option A (at 220kV)",2018-10-01 07:00:00+00:00,Commercial,Bundled,5c804c6f5457a3fc4c4b0dbb,5c804c6f5457a3fc4c4b0dbb,"Time-of-use - General Service - Demand Metered: TOU-GS-3, Option E (Under 2kV)",2019-03-01 07:00:00+00:00,Commercial,Bundled,0.41,True,True,strong,,
GS-3,Southern California Edison Co,586e7f305457a3dd711c9605,5c8180597bece2299eceb3c3,"Time-of-use - General Service - Demand Metered: TOU-GS-3, Option A (at 220kV)",2018-10-01 07:00:00+00:00,Commercial,Bundled,5d9cdd9d5457a37118598dcf,5d9cdd9d5457a37118598dcf,"Time-of-use - General Service - Demand Metered: TOU-GS-3, Option D (Under 2kV)",2019-04-12 06:00:00+00:00,Commercial,Bundled,0.53,True,True,strong,,
GS-3,Southern California Edison Co,586e81155457a31a7a1c9605,5c8180567bece2299eceb3c2,"Time of Use, General Service, Demand Metered, Option B: GS-3 TOU B (Under 2kV)",2018-10-01 07:00:00+00:00,Commercial,Bundled,5c804c6f5457a3fc4c4b0dbb,5c804c6f5457a3fc4c4b0dbb,"Time-of-use - General Service - Demand Metered: TOU-GS-3, Option E (Under 2kV)",2019-03-01 07:00:00+00:00,Commercial,Bundled,0.41,True,True,strong,,
GS-3,Southern California Edison Co,586e81155457a31a7a1c9605,5c8180567bece2299eceb3c2,"Time of Use, General Service, Demand Metered, Option B: GS-3 TOU B (Under 2kV)",2018-10-01 07:00:00+00:00,Commercial,Bundled,5d9cdd9d5457a37118598dcf,5d9cdd9d5457a37118598dcf,"Time-of-use - General Service - Demand Metered: TOU-GS-3, Option D (Under 2kV)",2019-04-12 06:00:00+00:00,Commercial,Bundled,0.53,True,True,strong,,
TOU-8,Southern California Edison Co,587014c55457a36f0d1c9606,587014c55457a36f0d1c9606,"Time-Of-Use - General Service - Large: TOU-8, Option A (Under 2 kV)",2017-01-01 07:00:00+00:00,Commercial,,59c0608e5457a3c813bbb282,59c0608e5457a3c813bbb282,"TOU-8, Option D (BELOW 2 KV)",2017-12-01 08:00:00+00:00,Commercial,,0.91,True,True,strong,,
TOU-8,Southern California Edison Co,587014c55457a36f0d1c9606,587014c55457a36f0d1c9606,"Time-Of-Use - General Service - Large: TOU-8, Option A (Under 2 kV)",2017-01-01 07:00:00+00:00,Commercial,,59c0616d5457a3d348bbb27c,59c0616d5457a3d348bbb27c,"TOU-8, Option E (BELOW 2 KV)",2017-12-01 08:00:00+00:00,Commercial,,0.91,True,True,strong,,
TOU-8,Southern California Edison Co,587014c55457a36f0d1c9606,587014c55457a36f0d1c9606,"Time-Of-Use - General Service - Large: TOU-8, Option A (Under 2 kV)",2017-01-01 07:00:00+00:00,Commercial,,5bc7c2105457a32d493b43ee,5bc7c2105457a32d493b43ee,"TOU-8, Option A (BELOW 2 KV)",2018-10-01 06:00:00+00:00,Commercial,Bundled,1.74,True,False,weak,,
TOU-8,Southern California Edison Co,587014c55457a36f0d1c9606,587014c55457a36f0d1c9606,"Time-Of-Use - General Service - Large: TOU-8, Option A (Under 2 kV)",2017-01-01 07:00:00+00:00,Commercial,,5bc7c3045457a3ee6b3b43f0,5bc7c3045457a3ee6b3b43f0,"TOU-8, Option B (BELOW 2 KV)",2018-10-01 06:00:00+00:00,Commercial,Bundled,1.74,True,False,weak,,
TOU-8,Southern California Edison Co,587014c55457a36f0d1c9606,587014c55457a36f0d1c9606,"Time-Of-Use - General Service - Large: TOU-8, Option A (Under 2 kV)",2017-01-01 07:00:00+00:00,Commercial,,5bc7c4515457a333213b43ec,5bc7c4515457a333213b43ec,"TOU-8, Option R (BELOW 2 KV)",2018-10-01 06:00:00+00:00,Commercial,Bundled,1.74,True,False,weak,,
TOU-8,Southern California Edison Co,587014c55457a36f0d1c9606,587014c55457a36f0d1c9606,"Time-Of-Use - General Service - Large: TOU-8, Option A (Under 2 kV)",2017-01-01 07:00:00+00:00,Commercial,,5cdbb2615457a3b72b40c5d4,5cdbb2615457a3b72b40c5d4,"Time-Of-Use - General Service - Large: TOU-8, Option E (Under 2 kV)",2019-04-12 07:00:00+00:00,Commercial,Bundled,2.28,True,False,weak,,
TOU-8,Southern California Edison Co,587014c55457a36f0d1c9606,587014c55457a36f0d1c9606,"Time-Of-Use - General Service - Large: TOU-8, Option A (Under 2 kV)",2017-01-01 07:00:00+00:00,Commercial,,5cdbb4e05457a3616340c5d4,5cdbb4e05457a3616340c5d4,"Time-Of-Use - General Service - Large: TOU-8, Option D (Under 2 kV)",2019-04-12 07:00:00+00:00,Commercial,Bundled,2.28,True,False,weak,,
TOU-8,Southern California Edison Co,587016a85457a3d7241c9605,587016a85457a3d7241c9605,"Time-Of-Use - General Service - Large: TOU-8, Option B (Under 2 kV)",2017-01-01 08:00:00+00:00,Commercial,Bundled,5bc7c2105457a32d493b43ee,5bc7c2105457a32d493b43ee,"TOU-8, Option A (BELOW 2 KV)",2018-10-01 06:00:00+00:00,Commercial,Bundled,1.74,True,True,strong,,
TOU-8,Southern California Edison Co,587016a85457a3d7241c9605,587016a85457a3d7241c9605,"Time-Of-Use - General Service - Large: TOU-8, Option B (Under 2 kV)",2017-01-01 08:00:00+00:00,Commercial,Bundled,5bc7c3045457a3ee6b3b43f0,5bc7c3045457a3ee6b3b43f0,"TOU-8, Option B (BELOW 2 KV)",2018-10-01 06:00:00+00:00,Commercial,Bundled,1.74,True,True,strong,,
TOU-8,Southern California Edison Co,587016a85457a3d7241c9605,587016a85457a3d7241c9605,"Time-Of-Use - General Service - Large: TOU-8, Option B (Under 2 kV)",2017-01-01 08:00:00+00:00,Commercial,Bundled,5bc7c4515457a333213b43ec,5bc7c4515457a333213b43ec,"TOU-8, Option R (BELOW 2 KV)",2018-10-01 06:00:00+00:00,Commercial,Bundled,1.74,True,True,strong,,
TOU-8,Southern California Edison Co,587016a85457a3d7241c9605,587016a85457a3d7241c9605,"Time-Of-Use - General Service - Large: TOU-8, Option B (Under 2 kV)",2017-01-01 08:00:00+00:00,Commercial,Bundled,5cdbb2615457a3b72b40c5d4,5cdbb2615457a3b72b40c5d4,"Time-Of-Use - General Service - Large: TOU-8, Option E (Under 2 kV)",2019-04-12 07:00:00+00:00,Commercial,Bundled,2.27,True,True,strong,,
TOU-8,Southern California Edison Co,587016a85457a3d7241c9605,587016a85457a3d7241c9605,"Time-Of-Use - General Service - Large: TOU-8, Option B (Under 2 kV)",2017-01-01 08:00:00+00:00,Commercial,Bundled,5cdbb4e05457a3616340c5d4,5cdbb4e05457a3616340c5d4,"Time-Of-Use - General Service - Large: TOU-8, Option D (Under 2 kV)",2019-04-12 07:00:00+00:00,Commercial,Bundled,2.27,True,True,strong,,
TOU-8,Southern California Edison Co,587016a85457a3d7241c9605,587016a85457a3d7241c9605,"Time-Of-Use - General Service - Large: TOU-8, Option B (Under 2 kV)",2017-01-01 08:00:00+00:00,Commercial,Bundled,59c0608e5457a3c813bbb282,59c0608e5457a3c813bbb282,"TOU-8, Option D (BELOW 2 KV)",2017-12-01 08:00:00+00:00,Commercial,,0.91,True,False,weak,,
TOU-8,Southern California Edison Co,587016a85457a3d7241c9605,587016a85457a3d7241c9605,"Time-Of-Use - General Service - Large: TOU-8, Option B (Under 2 kV)",2017-01-01 08:00:00+00:00,Commercial,Bundled,59c0616d5457a3d348bbb27c,59c0616d5457a3d348bbb27c,"TOU-8, Option E (BELOW 2 KV)",2017-12-01 08:00:00+00:00,Commercial,,0.91,True,False,weak,,
GS-1,Southern California Edison Co,59c059345457a3b066bbb282,59c059345457a3b066bbb282,"TOU-GS-1, Option E",2017-12-01 08:00:00+00:00,Commercial,,5bc7b6c75457a3a2783b43ec,5bc7b6c75457a3a2783b43ec,"TOU-GS-1, Option A",2018-10-01 06:00:00+00:00,Commercial,Bundled,0.83,True,False,weak,,
GS-1,Southern California Edison Co,59c059345457a3b066bbb282,59c059345457a3b066bbb282,"TOU-GS-1, Option E",2017-12-01 08:00:00+00:00,Commercial,,5bc7b9175457a3ee6b3b43ee,5bc7b9175457a3ee6b3b43ee,"TOU-GS-1, Option B",2018-10-01 06:00:00+00:00,Commercial,Bundled,0.83,True,False,weak,,
GS-1,Southern California Edison Co,59c059345457a3b066bbb282,59c059345457a3b066bbb282,"TOU-GS-1, Option E",2017-12-01 08:00:00+00:00,Commercial,,5bc7bd295457a3b5483b43ee,5bc7bd295457a3b5483b43ee,"TOU-GS-1, Option C",2018-10-01 06:00:00+00:00,Commercial,Bundled,0.83,True,False,weak,,
GS-1,Southern California Edison Co,59c059345457a3b066bbb282,59c059345457a3b066bbb282,"TOU-GS-1, Option E",2017-12-01 08:00:00+00:00,Commercial,,5d9bc5355457a3d965598dce,5d9bc5355457a3d965598dce,"Time of Use, General Service, Option A: GS-1 TOU Option A, Three Phase (Under 2 kV)",2018-10-01 07:00:00+00:00,Commercial,Bundled,0.83,True,False,weak,,
GS-1,Southern California Edison Co,59c059345457a3b066bbb282,59c059345457a3b066bbb282,"TOU-GS-1, Option E",2017-12-01 08:00:00+00:00,Commercial,,5df081605457a38f2a3fb279,5df081605457a38f2a3fb279,ME- GS-1 TOU E,2019-03-01 07:00:00+00:00,Commercial,Bundled,1.24,True,False,weak,,
GS-1,Southern California Edison Co,59c05a965457a30837bbb27e,5e0fd72e5457a3be65fa5c5d,ME- GS-1 TOU D,2020-01-01 07:00:00+00:00,Commercial,Bundled,652ee687b2e5059d2c0aa14d,652ee687b2e5059d2c0aa14d,"TOU General Service, Non Demand, Option E: GS-1 TOU E, Single Phase (Under 2 kV)",2023-10-01 07:00:00+00:00,Commercial,Bundled,3.75,True,True,strong,,
GS-1,Southern California Edison Co,59c05a965457a30837bbb27e,5e0fd72e5457a3be65fa5c5d,ME- GS-1 TOU D,2020-01-01 07:00:00+00:00,Commercial,Bundled,652ee871a11be1be82060dae,652ee871a11be1be82060dae,"TOU General Service, Non Demand, Option E: GS-1 TOU E, Three Phase (Under 2 kV)",2023-10-01 07:00:00+00:00,Commercial,Bundled,3.75,True,True,strong,,
GS-1,Southern California Edison Co,59c05a965457a30837bbb27e,5e0fd72e5457a3be65fa5c5d,ME- GS-1 TOU D,2020-01-01 07:00:00+00:00,Commercial,Bundled,652ee9174154d1b3ba095a6f,652ee9174154d1b3ba095a6f,"TOU General Service, Non Demand, Option E: GS-1 TOU E, Single Phase (2 kV-50kV)",2023-10-01 07:00:00+00:00,Commercial,Bundled,3.75,True,True,strong,,
GS-1,Southern California Edison Co,59c05a965457a30837bbb27e,5e0fd72e5457a3be65fa5c5d,ME- GS-1 TOU D,2020-01-01 07:00:00+00:00,Commercial,Bundled,652ee99ca11be1be82060daf,652ee99ca11be1be82060daf,"TOU General Service, Non Demand, Option E: GS-1 TOU E, Three Phase (2 kV-50kV)",2023-10-01 07:00:00+00:00,Commercial,Bundled,3.75,True,True,strong,,
GS-1,Southern California Edison Co,59c05a965457a30837bbb27e,5e0fd72e5457a3be65fa5c5d,ME- GS-1 TOU D,2020-01-01 07:00:00+00:00,Commercial,Bundled,652f1ea5cb43e728cc0155ce,652f1ea5cb43e728cc0155ce,"TOU General Service, Non Demand, Option E: GS-1 TOU E, Single Phase (50kV-220kV)",2023-10-01 07:00:00+00:00,Commercial,Bundled,3.75,True,True,strong,,
GS-1,Southern California Edison Co,59c05a965457a30837bbb27e,5e0fd72e5457a3be65fa5c5d,ME- GS-1 TOU D,2020-01-01 07:00:00+00:00,Commercial,Bundled,652f1f108e4fb93294052fcf,652f1f108e4fb93294052fcf,"TOU General Service, Non Demand, Option E: GS-1 TOU E, Three Phase (50kV-220kV)",2023-10-01 07:00:00+00:00,Commercial,Bundled,3.75,True,True,strong,,
GS-1,Southern California Edison Co,59c05a965457a30837bbb27e,5e0fd72e5457a3be65fa5c5d,ME- GS-1 TOU D,2020-01-01 07:00:00+00:00,Commercial,Bundled,652f1f36b2e5059d2c0aa150,652f1f36b2e5059d2c0aa150,"TOU General Service, Non Demand, Option E: GS-1 TOU E, Single Phase (At 220kV)",2023-10-01 07:00:00+00:00,Commercial,Bundled,3.75,True,True,strong,,
GS-1,Southern California Edison Co,59c05a965457a30837bbb27e,5e0fd72e5457a3be65fa5c5d,ME- GS-1 TOU D,2020-01-01 07:00:00+00:00,Commercial,Bundled,652f1f7d6a33f57d380f800e,652f1f7d6a33f57d380f800e,"TOU General Service, Non Demand, Option E: GS-1 TOU E, Three Phase (At 220kV)",2023-10-01 07:00:00+00:00,Commercial,Bundled,3.75,True,True,strong,,
GS-1,Southern California Edison Co,59c05a965457a30837bbb27e,5e0fd72e5457a3be65fa5c5d,ME- GS-1 TOU D,2020-01-01 07:00:00+00:00,Commercial,Bundled,652f25f2a11be1be82060db2,652f25f2a11be1be82060db2,"Time of Use, General Service, Demand Metered, Option D: GS-1 TOU D, Single Phase (Under 2 kV)",2023-10-01 07:00:00+00:00,Commercial,Bundled,3.75,True,True,strong,,
GS-1,Southern California Edison Co,59c05a965457a30837bbb27e,5e0fd72e5457a3be65fa5c5d,ME- GS-1 TOU D,2020-01-01 07:00:00+00:00,Commercial,Bundled,652f274fcb43e728cc0155cf,652f274fcb43e728cc0155cf,"Time of Use, General Service, Demand Metered, Option D: GS-1 TOU D, Three Phase (Under 2 kV)",2023-10-01 07:00:00+00:00,Commercial,Bundled,3.75,True,True,strong,,
GS-1,Southern California Edison Co,59c05a965457a30837bbb27e,5e0fd72e5457a3be65fa5c5d,ME- GS-1 TOU D,2020-01-01 07:00:00+00:00,Commercial,Bundled,652f27f14154d1b3ba095a72,652f27f14154d1b3ba095a72,"Time of Use, General Service, Demand Metered, Option D: GS-1 TOU D, Single Phase (2 kV - 50kV)",2023-10-01 07:00:00+00:00,Commercial,Bundled,3.75,True,True,strong,,
GS-1,Southern California Edison Co,59c05a965457a30837bbb27e,5e0fd72e5457a3be65fa5c5d,ME- GS-1 TOU D,2020-01-01 07:00:00+00:00,Commercial,Bundled,652f2865fee6dee2fe074701,652f2865fee6dee2fe074701,"Time of Use, General Service, Demand Metered, Option D: GS-1 TOU D, Three Phase (2 kV - 50kV)",2023-10-01 07:00:00+00:00,Commercial,Bundled,3.75,True,True,strong,,
GS-1,Southern California Edison Co,59c05a965457a30837bbb27e,5e0fd72e5457a3be65fa5c5d,ME- GS-1 TOU D,2020-01-01 07:00:00+00:00,Commercial,Bundled,652f2a4a8e4fb93294052fd0,652f2a4a8e4fb93294052fd0,"Time of Use, General Service, Demand Metered, Option D: GS-1 TOU D, Single Phase (50kV-220kV)",2023-10-01 07:00:00+00:00,Commercial,Bundled,3.75,True,True,strong,,
GS-1,Southern California Edison Co,59c05a965457a30837bbb27e,5e0fd72e5457a3be65fa5c5d,ME- GS-1 TOU D,2020-01-01 07:00:00+00:00,Commercial,Bundled,652f2abc6a33f57d380f800f,652f2abc6a33f57d380f800f,"Time of Use, General Service, Demand Metered, Option D: GS-1 TOU D, Three Phase (50kV-220kV)",2023-10-01 07:00:00+00:00,Commercial,Bundled,3.75,True,True,strong,,
GS-1,Southern California Edison Co,59c05a965457a30837bbb27e,5e0fd72e5457a3be65fa5c5d,ME- GS-1 TOU D,2020-01-01 07:00:00+00:00,Commercial,Bundled,652f2afc6a33f57d380f8010,652f2afc6a33f57d380f8010,"Time of Use, General Service, Demand Metered, Option D: GS-1 TOU D, Single Phase (At 220kV)",2023-10-01 07:00:00+00:00,Commercial,Bundled,3.75,True,True,strong,,
GS-1,Southern California Edison Co,59c05a965457a30837bbb27e,5e0fd72e5457a3be65fa5c5d,ME- GS-1 TOU D,2020-01-01 07:00:00+00:00,Commercial,Bundled,652f2b5e297b3d7e30057930,652f2b5e297b3d7e30057930,"Time of Use, General Service, Demand Metered, Option D: GS-1 TOU D, Three Phase (At 220kV)",2023-10-01 07:00:00+00:00,Commercial,Bundled,3.75,True,True,strong,,
GS-2,Southern California Edison Co,59c05bc05457a30837bbb27f,59c05bc05457a30837bbb27f,"TOU-GS-2, Option D",2017-12-01 08:00:00+00:00,Commercial,Delivery with Standard Offer,5bc7ba425457a3b5483b43ed,5bc7ba425457a3b5483b43ed,"TOU-GS-2, Option A",2018-10-01 06:00:00+00:00,Commercial,Bundled,0.83,True,False,weak,,
GS-2,Southern California Edison Co,59c05bc05457a30837bbb27f,59c05bc05457a30837bbb27f,"TOU-GS-2, Option D",2017-12-01 08:00:00+00:00,Commercial,Delivery with Standard Offer,5bc7bc025457a32d493b43ed,5bc7bc025457a32d493b43ed,"TOU-GS-2, Option B",2018-10-01 06:00:00+00:00,Commercial,Bundled,0.83,True,False,weak,,
GS-2,Southern California Edison Co,59c05bc05457a30837bbb27f,59c05bc05457a30837bbb27f,"TOU-GS-2, Option D",2017-12-01 08:00:00+00:00,Commercial,Delivery with Standard Offer,5bc7be2a5457a3a2783b43ed,5bc7be2a5457a3a2783b43ed,"TOU-GS-2, Option R",2018-10-01 06:00:00+00:00,Commercial,Bundled,0.83,True,False,weak,,
GS-2,Southern California Edison Co,59c05bc05457a30837bbb27f,59c05bc05457a30837bbb27f,"TOU-GS-2, Option D",2017-12-01 08:00:00+00:00,Commercial,Delivery with Standard Offer,5cdb9d385457a3616340c5d2,5cdb9d385457a3616340c5d2,"Time of Use, General Service, Demand Metered, Option E: GS-2 TOU E, Three Phase (Under 2 kV)",2019-04-12 07:00:00+00:00,Commercial,Bundled,1.36,True,False,weak,,
GS-2,Southern California Edison Co,59c05bc05457a30837bbb27f,59c05bc05457a30837bbb27f,"TOU-GS-2, Option D",2017-12-01 08:00:00+00:00,Commercial,Delivery with Standard Offer,5cdb9e605457a3b72b40c5d3,5cdb9e605457a3b72b40c5d3,"Time of Use, General Service, Demand Metered, Option D: GS-2 TOU D, Three Phase (Under 2 kV)",2019-04-12 07:00:00+00:00,Commercial,Bundled,1.36,True,False,weak,,
GS-2,Southern California Edison Co,59c05cde5457a30837bbb280,59c05cde5457a30837bbb280,"TOU-GS-2, Option E",2017-12-01 08:00:00+00:00,Commercial,,5bc7ba425457a3b5483b43ed,5bc7ba425457a3b5483b43ed,"TOU-GS-2, Option A",2018-10-01 06:00:00+00:00,Commercial,Bundled,0.83,True,False,weak,,
GS-2,Southern California Edison Co,59c05cde5457a30837bbb280,59c05cde5457a30837bbb280,"TOU-GS-2, Option E",2017-12-01 08:00:00+00:00,Commercial,,5bc7bc025457a32d493b43ed,5bc7bc025457a32d493b43ed,"TOU-GS-2, Option B",2018-10-01 06:00:00+00:00,Commercial,Bundled,0.83,True,False,weak,,
GS-2,Southern California Edison Co,59c05cde5457a30837bbb280,59c05cde5457a30837bbb280,"TOU-GS-2, Option E",2017-12-01 08:00:00+00:00,Commercial,,5bc7be2a5457a3a2783b43ed,5bc7be2a5457a3a2783b43ed,"TOU-GS-2, Option R",2018-10-01 06:00:00+00:00,Commercial,Bundled,0.83,True,False,weak,,
GS-2,Southern California Edison Co,59c05cde5457a30837bbb280,59c05cde5457a30837bbb280,"TOU-GS-2, Option E",2017-12-01 08:00:00+00:00,Commercial,,5cdb9d385457a3616340c5d2,5cdb9d385457a3616340c5d2,"Time of Use, General Service, Demand Metered, Option E: GS-2 TOU E, Three Phase (Under 2 kV)",2019-04-12 07:00:00+00:00,Commercial,Bundled,1.36,True,False,weak,,
GS-2,Southern California Edison Co,59c05cde5457a30837bbb280,59c05cde5457a30837bbb280,"TOU-GS-2, Option E",2017-12-01 08:00:00+00:00,Commercial,,5cdb9e605457a3b72b40c5d3,5cdb9e605457a3b72b40c5d3,"Time of Use, General Service, Demand Metered, Option D: GS-2 TOU D, Three Phase (Under 2 kV)",2019-04-12 07:00:00+00:00,Commercial,Bundled,1.36,True,False,weak,,
GS-3,Southern California Edison Co,59c05e4b5457a37206bbb281,59c05e4b5457a37206bbb281,"TOU-GS-3, Option D",2017-12-01 08:00:00+00:00,Commercial,,5bc7bf095457a3b5483b43ef,5bc7bf095457a3b5483b43ef,"TOU-GS-3, Option A",2018-10-01 06:00:00+00:00,Commercial,Bundled,0.83,True,False,weak,,
GS-3,Southern California Edison Co,59c05e4b5457a37206bbb281,59c05e4b5457a37206bbb281,"TOU-GS-3, Option D",2017-12-01 08:00:00+00:00,Commercial,,5bc7c01e5457a3ee6b3b43ef,5bc7c01e5457a3ee6b3b43ef,"TOU-GS-3, Option B",2018-10-01 06:00:00+00:00,Commercial,Bundled,0.83,True,False,weak,,
GS-3,Southern California Edison Co,59c05e4b5457a37206bbb281,59c05e4b5457a37206bbb281,"TOU-GS-3, Option D",2017-12-01 08:00:00+00:00,Commercial,,5bc7c0fe5457a3c9273b43ec,5bc7c0fe5457a3c9273b43ec,"TOU-GS-3, Option R",2018-10-01 06:00:00+00:00,Commercial,Bundled,0.83,True,False,weak,,
GS-3,Southern California Edison Co,59c05e4b5457a37206bbb281,59c05e4b5457a37206bbb281,"TOU-GS-3, Option D",2017-12-01 08:00:00+00:00,Commercial,,5c804c6f5457a3fc4c4b0dbb,5c804c6f5457a3fc4c4b0dbb,"Time-of-use - General Service - Demand Metered: TOU-GS-3, Option E (Under 2kV)",2019-03-01 07:00:00+00:00,Commercial,Bundled,1.24,True,False,weak,,
GS-3,Southern California Edison Co,59c05e4b5457a37206bbb281,59c05e4b5457a37206bbb281,"TOU-GS-3, Option D",2017-12-01 08:00:00+00:00,Commercial,,5d9cdd9d5457a37118598dcf,5d9cdd9d5457a37118598dcf,"Time-of-use - General Service - Demand Metered: TOU-GS-3, Option D (Under 2kV)",2019-04-12 06:00:00+00:00,Commercial,Bundled,1.36,True,False,weak,,
GS-3,Southern California Edison Co,59c05f655457a3814ebbb27c,59c05f655457a3814ebbb27c,"TOU-GS-3, Option E",2017-12-01 08:00:00+00:00,Commercial,,5bc7bf095457a3b5483b43ef,5bc7bf095457a3b5483b43ef,"TOU-GS-3, Option A",2018-10-01 06:00:00+00:00,Commercial,Bundled,0.83,True,False,weak,,
GS-3,Southern California Edison Co,59c05f655457a3814ebbb27c,59c05f655457a3814ebbb27c,"TOU-GS-3, Option E",2017-12-01 08:00:00+00:00,Commercial,,5bc7c01e5457a3ee6b3b43ef,5bc7c01e5457a3ee6b3b43ef,"TOU-GS-3, Option B",2018-10-01 06:00:00+00:00,Commercial,Bundled,0.83,True,False,weak,,
GS-3,Southern California Edison Co,59c05f655457a3814ebbb27c,59c05f655457a3814ebbb27c,"TOU-GS-3, Option E",2017-12-01 08:00:00+00:00,Commercial,,5bc7c0fe5457a3c9273b43ec,5bc7c0fe5457a3c9273b43ec,"TOU-GS-3, Option R",2018-10-01 06:00:00+00:00,Commercial,Bundled,0.83,True,False,weak,,
GS-3,Southern California Edison Co,59c05f655457a3814ebbb27c,59c05f655457a3814ebbb27c,"TOU-GS-3, Option E",2017-12-01 08:00:00+00:00,Commercial,,5c804c6f5457a3fc4c4b0dbb,5c804c6f5457a3fc4c4b0dbb,"Time-of-use - General Service - Demand Metered: TOU-GS-3, Option E (Under 2kV)",2019-03-01 07:00:00+00:00,Commercial,Bundled,1.24,True,False,weak,,
GS-3,Southern California Edison Co,59c05f655457a3814ebbb27c,59c05f655457a3814ebbb27c,"TOU-GS-3, Option E",2017-12-01 08:00:00+00:00,Commercial,,5d9cdd9d5457a37118598dcf,5d9cdd9d5457a37118598dcf,"Time-of-use - General Service - Demand Metered: TOU-GS-3, Option D (Under 2kV)",2019-04-12 06:00:00+00:00,Commercial,Bundled,1.36,True,False,weak,,
TOU-8,Southern California Edison Co,59c0608e5457a3c813bbb282,59c0608e5457a3c813bbb282,"TOU-8, Option D (BELOW 2 KV)",2017-12-01 08:00:00+00:00,Commercial,,5bc7c2105457a32d493b43ee,5bc7c2105457a32d493b43ee,"TOU-8, Option A (BELOW 2 KV)",2018-10-01 06:00:00+00:00,Commercial,Bundled,0.83,True,False,weak,,
TOU-8,Southern California Edison Co,59c0608e5457a3c813bbb282,59c0608e5457a3c813bbb282,"TOU-8, Option D (BELOW 2 KV)",2017-12-01 08:00:00+00:00,Commercial,,5bc7c3045457a3ee6b3b43f0,5bc7c3045457a3ee6b3b43f0,"TOU-8, Option B (BELOW 2 KV)",2018-10-01 06:00:00+00:00,Commercial,Bundled,0.83,True,False,weak,,
TOU-8,Southern California Edison Co,59c0608e5457a3c813bbb282,59c0608e5457a3c813bbb282,"TOU-8, Option D (BELOW 2 KV)",2017-12-01 08:00:00+00:00,Commercial,,5bc7c4515457a333213b43ec,5bc7c4515457a333213b43ec,"TOU-8, Option R (BELOW 2 KV)",2018-10-01 06:00:00+00:00,Commercial,Bundled,0.83,True,False,weak,,
TOU-8,Southern California Edison Co,59c0608e5457a3c813bbb282,59c0608e5457a3c813bbb282,"TOU-8, Option D (BELOW 2 KV)",2017-12-01 08:00:00+00:00,Commercial,,5cdbb2615457a3b72b40c5d4,5cdbb2615457a3b72b40c5d4,"Time-Of-Use - General Service - Large: TOU-8, Option E (Under 2 kV)",2019-04-12 07:00:00+00:00,Commercial,Bundled,1.36,True,False,weak,,
TOU-8,Southern California Edison Co,59c0608e5457a3c813bbb282,59c0608e5457a3c813bbb282,"TOU-8, Option D (BELOW 2 KV)",2017-12-01 08:00:00+00:00,Commercial,,5cdbb4e05457a3616340c5d4,5cdbb4e05457a3616340c5d4,"Time-Of-Use - General Service - Large: TOU-8, Option D (Under 2 kV)",2019-04-12 07:00:00+00:00,Commercial,Bundled,1.36,True,False,weak,,
TOU-8,Southern California Edison Co,59c0616d5457a3d348bbb27c,59c0616d5457a3d348bbb27c,"TOU-8, Option E (BELOW 2 KV)",2017-12-01 08:00:00+00:00,Commercial,,5bc7c2105457a32d493b43ee,5bc7c2105457a32d493b43ee,"TOU-8, Option A (BELOW 2 KV)",2018-10-01 06:00:00+00:00,Commercial,Bundled,0.83,True,False,weak,,
TOU-8,Southern California Edison Co,59c0616d5457a3d348bbb27c,59c0616d5457a3d348bbb27c,"TOU-8, Option E (BELOW 2 KV)",2017-12-01 08:00:00+00:00,Commercial,,5bc7c3045457a3ee6b3b43f0,5bc7c3045457a3ee6b3b43f0,"TOU-8, Option B (BELOW 2 KV)",2018-10-01 06:00:00+00:00,Commercial,Bundled,0.83,True,False,weak,,
TOU-8,Southern California Edison Co,59c0616d5457a3d348bbb27c,59c0616d5457a3d348bbb27c,"TOU-8, Option E (BELOW 2 KV)",2017-12-01 08:00:00+00:00,Commercial,,5bc7c4515457a333213b43ec,5bc7c4515457a333213b43ec,"TOU-8, Option R (BELOW 2 KV)",2018-10-01 06:00:00+00:00,Commercial,Bundled,0.83,True,False,weak,,
TOU-8,Southern California Edison Co,59c0616d5457a3d348bbb27c,59c0616d5457a3d348bbb27c,"TOU-8, Option E (BELOW 2 KV)",2017-12-01 08:00:00+00:00,Commercial,,5cdbb2615457a3b72b40c5d4,5cdbb2615457a3b72b40c5d4,"Time-Of-Use - General Service - Large: TOU-8, Option E (Under 2 kV)",2019-04-12 07:00:00+00:00,Commercial,Bundled,1.36,True,False,weak,,
TOU-8,Southern California Edison Co,59c0616d5457a3d348bbb27c,59c0616d5457a3d348bbb27c,"TOU-8, Option E (BELOW 2 KV)",2017-12-01 08:00:00+00:00,Commercial,,5cdbb4e05457a3616340c5d4,5cdbb4e05457a3616340c5d4,"Time-Of-Use - General Service - Large: TOU-8, Option D (Under 2 kV)",2019-04-12 07:00:00+00:00,Commercial,Bundled,1.36,True,False,weak,,
TOU-8,Southern California Edison Co,5b593df35457a3a33426b8f8,5c8026b35457a3193c4b0dbb,"Time-Of-Use - General Service - Large: TOU-8, Option A (Under 2 kV)",2019-03-01 07:00:00+00:00,Commercial,Bundled,5cdbb2615457a3b72b40c5d4,5cdbb2615457a3b72b40c5d4,"Time-Of-Use - General Service - Large: TOU-8, Option E (Under 2 kV)",2019-04-12 07:00:00+00:00,Commercial,Bundled,0.11,True,True,strong,,
TOU-8,Southern California Edison Co,5b593df35457a3a33426b8f8,5c8026b35457a3193c4b0dbb,"Time-Of-Use - General Service - Large: TOU-8, Option A (Under 2 kV)",2019-03-01 07:00:00+00:00,Commercial,Bundled,5cdbb4e05457a3616340c5d4,5cdbb4e05457a3616340c5d4,"Time-Of-Use - General Service - Large: TOU-8, Option D (Under 2 kV)",2019-04-12 07:00:00+00:00,Commercial,Bundled,0.11,True,True,strong,,
TOU-8,Southern California Edison Co,5b5943bc5457a3463a26b8f8,5b5946fb5457a39e3b26b8f8,"Time-Of-Use - General Service - Large: TOU-8, Option CPP (Under 2 kV)",2018-06-01 06:00:00+00:00,Commercial,Bundled,5bc7c2105457a32d493b43ee,5bc7c2105457a32d493b43ee,"TOU-8, Option A (BELOW 2 KV)",2018-10-01 06:00:00+00:00,Commercial,Bundled,0.33,True,True,strong,,
TOU-8,Southern California Edison Co,5b5943bc5457a3463a26b8f8,5b5946fb5457a39e3b26b8f8,"Time-Of-Use - General Service - Large: TOU-8, Option CPP (Under 2 kV)",2018-06-01 06:00:00+00:00,Commercial,Bundled,5bc7c3045457a3ee6b3b43f0,5bc7c3045457a3ee6b3b43f0,"TOU-8, Option B (BELOW 2 KV)",2018-10-01 06:00:00+00:00,Commercial,Bundled,0.33,True,True,strong,,
TOU-8,Southern California Edison Co,5b5943bc5457a3463a26b8f8,5b5946fb5457a39e3b26b8f8,"Time-Of-Use - General Service - Large: TOU-8, Option CPP (Under 2 kV)",2018-06-01 06:00:00+00:00,Commercial,Bundled,5bc7c4515457a333213b43ec,5bc7c4515457a333213b43ec,"TOU-8, Option R (BELOW 2 KV)",2018-10-01 06:00:00+00:00,Commercial,Bundled,0.33,True,True,strong,,
TOU-8,Southern California Edison Co,5b5943bc5457a3463a26b8f8,5b5946fb5457a39e3b26b8f8,"Time-Of-Use - General Service - Large: TOU-8, Option CPP (Under 2 kV)",2018-06-01 06:00:00+00:00,Commercial,Bundled,5cdbb2615457a3b72b40c5d4,5cdbb2615457a3b72b40c5d4,"Time-Of-Use - General Service - Large: TOU-8, Option E (Under 2 kV)",2019-04-12 07:00:00+00:00,Commercial,Bundled,0.86,True,True,strong,,
TOU-8,Southern California Edison Co,5b5943bc5457a3463a26b8f8,5b5946fb5457a39e3b26b8f8,"Time-Of-Use - General Service - Large: TOU-8, Option CPP (Under 2 kV)",2018-06-01 06:00:00+00:00,Commercial,Bundled,5cdbb4e05457a3616340c5d4,5cdbb4e05457a3616340c5d4,"Time-Of-Use - General Service - Large: TOU-8, Option D (Under 2 kV)",2019-04-12 07:00:00+00:00,Commercial,Bundled,0.86,True,True,strong,,
GS-3,Southern California Edison Co,5b5ef3155457a39879409a7b,5b5efe935457a39e79409a7c,"Time-of-use - General Service - Demand Metered: TOU-GS-3, Option CPP (Under 2kV)",2018-06-01 06:00:00+00:00,Commercial,Bundled,5bc7bf095457a3b5483b43ef,5bc7bf095457a3b5483b43ef,"TOU-GS-3, Option A",2018-10-01 06:00:00+00:00,Commercial,Bundled,0.33,True,True,strong,,
GS-3,Southern California Edison Co,5b5ef3155457a39879409a7b,5b5efe935457a39e79409a7c,"Time-of-use - General Service - Demand Metered: TOU-GS-3, Option CPP (Under 2kV)",2018-06-01 06:00:00+00:00,Commercial,Bundled,5bc7c01e5457a3ee6b3b43ef,5bc7c01e5457a3ee6b3b43ef,"TOU-GS-3, Option B",2018-10-01 06:00:00+00:00,Commercial,Bundled,0.33,True,True,strong,,
GS-3,Southern California Edison Co,5b5ef3155457a39879409a7b,5b5efe935457a39e79409a7c,"Time-of-use - General Service - Demand Metered: TOU-GS-3, Option CPP (Under 2kV)",2018-06-01 06:00:00+00:00,Commercial,Bundled,5bc7c0fe5457a3c9273b43ec,5bc7c0fe5457a3c9273b43ec,"TOU-GS-3, Option R",2018-10-01 06:00:00+00:00,Commercial,Bundled,0.33,True,True,strong,,
GS-3,Southern California Edison Co,5b5ef3155457a39879409a7b,5b5efe935457a39e79409a7c,"Time-of-use - General Service - Demand Metered: TOU-GS-3, Option CPP (Under 2kV)",2018-06-01 06:00:00+00:00,Commercial,Bundled,5c804c6f5457a3fc4c4b0dbb,5c804c6f5457a3fc4c4b0dbb,"Time-of-use - General Service - Demand Metered: TOU-GS-3, Option E (Under 2kV)",2019-03-01 07:00:00+00:00,Commercial,Bundled,0.75,True,True,strong,,
GS-3,Southern California Edison Co,5b5ef3155457a39879409a7b,5b5efe935457a39e79409a7c,"Time-of-use - General Service - Demand Metered: TOU-GS-3, Option CPP (Under 2kV)",2018-06-01 06:00:00+00:00,Commercial,Bundled,5d9cdd9d5457a37118598dcf,5d9cdd9d5457a37118598dcf,"Time-of-use - General Service - Demand Metered: TOU-GS-3, Option D (Under 2kV)",2019-04-12 06:00:00+00:00,Commercial,Bundled,0.86,True,True,strong,,
GS-3,Southern California Edison Co,5b5f1f965457a39579409a7c,5c8049ce5457a3d63c4b0dbc,"Time-of-use - General Service - Demand Metered: TOU-GS-3, Option A (Under 2kV)",2019-03-01 07:00:00+00:00,Commercial,Bundled,5d9cdd9d5457a37118598dcf,5d9cdd9d5457a37118598dcf,"Time-of-use - General Service - Demand Metered: TOU-GS-3, Option D (Under 2kV)",2019-04-12 06:00:00+00:00,Commercial,Bundled,0.11,True,True,strong,,
GS-3,Southern California Edison Co,5b5f2c815457a39779409a7d,5b5f357a5457a34251409a7b,Time-of-use - General Service - Super Off Peak - Demand Metered: TOU-GS-3-SOP (under 2 kv),2018-06-01 06:00:00+00:00,Commercial,Bundled,5bc7bf095457a3b5483b43ef,5bc7bf095457a3b5483b43ef,"TOU-GS-3, Option A",2018-10-01 06:00:00+00:00,Commercial,Bundled,0.33,True,True,strong,,
GS-3,Southern California Edison Co,5b5f2c815457a39779409a7d,5b5f357a5457a34251409a7b,Time-of-use - General Service - Super Off Peak - Demand Metered: TOU-GS-3-SOP (under 2 kv),2018-06-01 06:00:00+00:00,Commercial,Bundled,5bc7c01e5457a3ee6b3b43ef,5bc7c01e5457a3ee6b3b43ef,"TOU-GS-3, Option B",2018-10-01 06:00:00+00:00,Commercial,Bundled,0.33,True,True,strong,,
GS-3,Southern California Edison Co,5b5f2c815457a39779409a7d,5b5f357a5457a34251409a7b,Time-of-use - General Service - Super Off Peak - Demand Metered: TOU-GS-3-SOP (under 2 kv),2018-06-01 06:00:00+00:00,Commercial,Bundled,5bc7c0fe5457a3c9273b43ec,5bc7c0fe5457a3c9273b43ec,"TOU-GS-3, Option R",2018-10-01 06:00:00+00:00,Commercial,Bundled,0.33,True,True,strong,,
GS-3,Southern California Edison Co,5b5f2c815457a39779409a7d,5b5f357a5457a34251409a7b,Time-of-use - General Service - Super Off Peak - Demand Metered: TOU-GS-3-SOP (under 2 kv),2018-06-01 06:00:00+00:00,Commercial,Bundled,5c804c6f5457a3fc4c4b0dbb,5c804c6f5457a3fc4c4b0dbb,"Time-of-use - General Service - Demand Metered: TOU-GS-3, Option E (Under 2kV)",2019-03-01 07:00:00+00:00,Commercial,Bundled,0.75,True,True,strong,,
GS-3,Southern California Edison Co,5b5f2c815457a39779409a7d,5b5f357a5457a34251409a7b,Time-of-use - General Service - Super Off Peak - Demand Metered: TOU-GS-3-SOP (under 2 kv),2018-06-01 06:00:00+00:00,Commercial,Bundled,5d9cdd9d5457a37118598dcf,5d9cdd9d5457a37118598dcf,"Time-of-use - General Service - Demand Metered: TOU-GS-3, Option D (Under 2kV)",2019-04-12 06:00:00+00:00,Commercial,Bundled,0.86,True,True,strong,,
GS-3,Southern California Edison Co,5b5f384f5457a39779409a7e,5b5f384f5457a39779409a7e,Time-of-use - General Service - Demand Metered - NonTOU - GS-3 - (under 2 kv),2017-01-01 08:00:00+00:00,Commercial,Bundled,5bc7bf095457a3b5483b43ef,5bc7bf095457a3b5483b43ef,"TOU-GS-3, Option A",2018-10-01 06:00:00+00:00,Commercial,Bundled,1.74,True,True,strong,,
GS-3,Southern California Edison Co,5b5f384f5457a39779409a7e,5b5f384f5457a39779409a7e,Time-of-use - General Service - Demand Metered - NonTOU - GS-3 - (under 2 kv),2017-01-01 08:00:00+00:00,Commercial,Bundled,5bc7c01e5457a3ee6b3b43ef,5bc7c01e5457a3ee6b3b43ef,"TOU-GS-3, Option B",2018-10-01 06:00:00+00:00,Commercial,Bundled,1.74,True,True,strong,,
GS-3,Southern California Edison Co,5b5f384f5457a39779409a7e,5b5f384f5457a39779409a7e,Time-of-use - General Service - Demand Metered - NonTOU - GS-3 - (under 2 kv),2017-01-01 08:00:00+00:00,Commercial,Bundled,5bc7c0fe5457a3c9273b43ec,5bc7c0fe5457a3c9273b43ec,"TOU-GS-3, Option R",2018-10-01 06:00:00+00:00,Commercial,Bundled,1.74,True,True,strong,,
GS-3,Southern California Edison Co,5b5f384f5457a39779409a7e,5b5f384f5457a39779409a7e,Time-of-use - General Service - Demand Metered - NonTOU - GS-3 - (under 2 kv),2017-01-01 08:00:00+00:00,Commercial,Bundled,5c804c6f5457a3fc4c4b0dbb,5c804c6f5457a3fc4c4b0dbb,"Time-of-use - General Service - Demand Metered: TOU-GS-3, Option E (Under 2kV)",2019-03-01 07:00:00+00:00,Commercial,Bundled,2.16,True,True,strong,,
GS-3,Southern California Edison Co,5b5f384f5457a39779409a7e,5b5f384f5457a39779409a7e,Time-of-use - General Service - Demand Metered - NonTOU - GS-3 - (under 2 kv),2017-01-01 08:00:00+00:00,Commercial,Bundled,5d9cdd9d5457a37118598dcf,5d9cdd9d5457a37118598dcf,"Time-of-use - General Service - Demand Metered: TOU-GS-3, Option D (Under 2kV)",2019-04-12 06:00:00+00:00,Commercial,Bundled,2.27,True,True,strong,,
GS-3,Southern California Edison Co,5b5f384f5457a39779409a7e,5b5f384f5457a39779409a7e,Time-of-use - General Service - Demand Metered - NonTOU - GS-3 - (under 2 kv),2017-01-01 08:00:00+00:00,Commercial,Bundled,59c05e4b5457a37206bbb281,59c05e4b5457a37206bbb281,"TOU-GS-3, Option D",2017-12-01 08:00:00+00:00,Commercial,,0.91,True,False,weak,,
GS-3,Southern California Edison Co,5b5f384f5457a39779409a7e,5b5f384f5457a39779409a7e,Time-of-use - General Service - Demand Metered - NonTOU - GS-3 - (under 2 kv),2017-01-01 08:00:00+00:00,Commercial,Bundled,59c05f655457a3814ebbb27c,59c05f655457a3814ebbb27c,"TOU-GS-3, Option E",2017-12-01 08:00:00+00:00,Commercial,,0.91,True,False,weak,,
GS-1,Southern California Edison Co,5b5f3ca85457a37b63409a7b,5b5f5e155457a3ce65409a7b,"TOU General Service, Option C: GS-1 TOU C, 3-Phase (Under 2 kV)",2018-06-01 06:00:00+00:00,Commercial,Bundled,5bc7b6c75457a3a2783b43ec,5bc7b6c75457a3a2783b43ec,"TOU-GS-1, Option A",2018-10-01 06:00:00+00:00,Commercial,Bundled,0.33,True,True,strong,,
GS-1,Southern California Edison Co,5b5f3ca85457a37b63409a7b,5b5f5e155457a3ce65409a7b,"TOU General Service, Option C: GS-1 TOU C, 3-Phase (Under 2 kV)",2018-06-01 06:00:00+00:00,Commercial,Bundled,5bc7b9175457a3ee6b3b43ee,5bc7b9175457a3ee6b3b43ee,"TOU-GS-1, Option B",2018-10-01 06:00:00+00:00,Commercial,Bundled,0.33,True,True,strong,,
GS-1,Southern California Edison Co,5b5f3ca85457a37b63409a7b,5b5f5e155457a3ce65409a7b,"TOU General Service, Option C: GS-1 TOU C, 3-Phase (Under 2 kV)",2018-06-01 06:00:00+00:00,Commercial,Bundled,5bc7bd295457a3b5483b43ee,5bc7bd295457a3b5483b43ee,"TOU-GS-1, Option C",2018-10-01 06:00:00+00:00,Commercial,Bundled,0.33,True,True,strong,,
GS-1,Southern California Edison Co,5b5f3ca85457a37b63409a7b,5b5f5e155457a3ce65409a7b,"TOU General Service, Option C: GS-1 TOU C, 3-Phase (Under 2 kV)",2018-06-01 06:00:00+00:00,Commercial,Bundled,5d9bc5355457a3d965598dce,5d9bc5355457a3d965598dce,"Time of Use, General Service, Option A: GS-1 TOU Option A, Three Phase (Under 2 kV)",2018-10-01 07:00:00+00:00,Commercial,Bundled,0.33,True,True,strong,,
GS-1,Southern California Edison Co,5b5f3ca85457a37b63409a7b,5b5f5e155457a3ce65409a7b,"TOU General Service, Option C: GS-1 TOU C, 3-Phase (Under 2 kV)",2018-06-01 06:00:00+00:00,Commercial,Bundled,5df081605457a38f2a3fb279,5df081605457a38f2a3fb279,ME- GS-1 TOU E,2019-03-01 07:00:00+00:00,Commercial,Bundled,0.75,True,True,strong,,
GS-1,Southern California Edison Co,5b5f64835457a35667409a7c,5b5f69015457a3ef78409a7c,"TOU General Service, Option C: GS-1 TOU B, 3-Phase (Under 2 kV)",2018-06-01 06:00:00+00:00,Commercial,Bundled,5bc7b6c75457a3a2783b43ec,5bc7b6c75457a3a2783b43ec,"TOU-GS-1, Option A",2018-10-01 06:00:00+00:00,Commercial,Bundled,0.33,True,True,strong,,
GS-1,Southern California Edison Co,5b5f64835457a35667409a7c,5b5f69015457a3ef78409a7c,"TOU General Service, Option C: GS-1 TOU B, 3-Phase (Under 2 kV)",2018-06-01 06:00:00+00:00,Commercial,Bundled,5bc7b9175457a3ee6b3b43ee,5bc7b9175457a3ee6b3b43ee,"TOU-GS-1, Option B",2018-10-01 06:00:00+00:00,Commercial,Bundled,0.33,True,True,strong,,
GS-1,Southern California Edison Co,5b5f64835457a35667409a7c,5b5f69015457a3ef78409a7c,"TOU General Service, Option C: GS-1 TOU B, 3-Phase (Under 2 kV)",2018-06-01 06:00:00+00:00,Commercial,Bundled,5bc7bd295457a3b5483b43ee,5bc7bd295457a3b5483b43ee,"TOU-GS-1, Option C",2018-10-01 06:00:00+00:00,Commercial,Bundled,0.33,True,True,strong,,
GS-1,Southern California Edison Co,5b5f64835457a35667409a7c,5b5f69015457a3ef78409a7c,"TOU General Service, Option C: GS-1 TOU B, 3-Phase (Under 2 kV)",2018-06-01 06:00:00+00:00,Commercial,Bundled,5d9bc5355457a3d965598dce,5d9bc5355457a3d965598dce,"Time of Use, General Service, Option A: GS-1 TOU Option A, Three Phase (Under 2 kV)",2018-10-01 07:00:00+00:00,Commercial,Bundled,0.33,True,True,strong,,
GS-1,Southern California Edison Co,5b5f64835457a35667409a7c,5b5f69015457a3ef78409a7c,"TOU General Service, Option C: GS-1 TOU B, 3-Phase (Under 2 kV)",2018-06-01 06:00:00+00:00,Commercial,Bundled,5df081605457a38f2a3fb279,5df081605457a38f2a3fb279,ME- GS-1 TOU E,2019-03-01 07:00:00+00:00,Commercial,Bundled,0.75,True,True,strong,,
GS-1,Southern California Edison Co,5b5f69855457a32f7a409a7c,5b5f6ad95457a37c63409a7b,"TOU General Service, Option C: GS-1 TOU A, 3-Phase (Under 2 kV)",2018-06-01 06:00:00+00:00,Commercial,Bundled,5bc7b6c75457a3a2783b43ec,5bc7b6c75457a3a2783b43ec,"TOU-GS-1, Option A",2018-10-01 06:00:00+00:00,Commercial,Bundled,0.33,True,True,strong,,
GS-1,Southern California Edison Co,5b5f69855457a32f7a409a7c,5b5f6ad95457a37c63409a7b,"TOU General Service, Option C: GS-1 TOU A, 3-Phase (Under 2 kV)",2018-06-01 06:00:00+00:00,Commercial,Bundled,5bc7b9175457a3ee6b3b43ee,5bc7b9175457a3ee6b3b43ee,"TOU-GS-1, Option B",2018-10-01 06:00:00+00:00,Commercial,Bundled,0.33,True,True,strong,,
GS-1,Southern California Edison Co,5b5f69855457a32f7a409a7c,5b5f6ad95457a37c63409a7b,"TOU General Service, Option C: GS-1 TOU A, 3-Phase (Under 2 kV)",2018-06-01 06:00:00+00:00,Commercial,Bundled,5bc7bd295457a3b5483b43ee,5bc7bd295457a3b5483b43ee,"TOU-GS-1, Option C",2018-10-01 06:00:00+00:00,Commercial,Bundled,0.33,True,True,strong,,
GS-1,Southern California Edison Co,5b5f69855457a32f7a409a7c,5b5f6ad95457a37c63409a7b,"TOU General Service, Option C: GS-1 TOU A, 3-Phase (Under 2 kV)",2018-06-01 06:00:00+00:00,Commercial,Bundled,5d9bc5355457a3d965598dce,5d9bc5355457a3d965598dce,"Time of Use, General Service, Option A: GS-1 TOU Option A, Three Phase (Under 2 kV)",2018-10-01 07:00:00+00:00,Commercial,Bundled,0.33,True,True,strong,,
GS-1,Southern California Edison Co,5b5f69855457a32f7a409a7c,5b5f6ad95457a37c63409a7b,"TOU General Service, Option C: GS-1 TOU A, 3-Phase (Under 2 kV)",2018-06-01 06:00:00+00:00,Commercial,Bundled,5df081605457a38f2a3fb279,5df081605457a38f2a3fb279,ME- GS-1 TOU E,2019-03-01 07:00:00+00:00,Commercial,Bundled,0.75,True,True,strong,,
TOU-8,Southern California Edison Co,5b85d81a5457a34d068b4567,5b85d81a5457a34d068b4567,"Time-Of-Use - General Service - Large: TOU-8, Option A (2 kV - 50kV)",2017-01-01 07:00:00+00:00,Commercial,Bundled,5bc7c2105457a32d493b43ee,5bc7c2105457a32d493b43ee,"TOU-8, Option A (BELOW 2 KV)",2018-10-01 06:00:00+00:00,Commercial,Bundled,1.74,True,True,strong,,
TOU-8,Southern California Edison Co,5b85d81a5457a34d068b4567,5b85d81a5457a34d068b4567,"Time-Of-Use - General Service - Large: TOU-8, Option A (2 kV - 50kV)",2017-01-01 07:00:00+00:00,Commercial,Bundled,5bc7c3045457a3ee6b3b43f0,5bc7c3045457a3ee6b3b43f0,"TOU-8, Option B (BELOW 2 KV)",2018-10-01 06:00:00+00:00,Commercial,Bundled,1.74,True,True,strong,,
TOU-8,Southern California Edison Co,5b85d81a5457a34d068b4567,5b85d81a5457a34d068b4567,"Time-Of-Use - General Service - Large: TOU-8, Option A (2 kV - 50kV)",2017-01-01 07:00:00+00:00,Commercial,Bundled,5bc7c4515457a333213b43ec,5bc7c4515457a333213b43ec,"TOU-8, Option R (BELOW 2 KV)",2018-10-01 06:00:00+00:00,Commercial,Bundled,1.74,True,True,strong,,
TOU-8,Southern California Edison Co,5b85d81a5457a34d068b4567,5b85d81a5457a34d068b4567,"Time-Of-Use - General Service - Large: TOU-8, Option A (2 kV - 50kV)",2017-01-01 07:00:00+00:00,Commercial,Bundled,5cdbb2615457a3b72b40c5d4,5cdbb2615457a3b72b40c5d4,"Time-Of-Use - General Service - Large: TOU-8, Option E (Under 2 kV)",2019-04-12 07:00:00+00:00,Commercial,Bundled,2.28,True,True,strong,,
TOU-8,Southern California Edison Co,5b85d81a5457a34d068b4567,5b85d81a5457a34d068b4567,"Time-Of-Use - General Service - Large: TOU-8, Option A (2 kV - 50kV)",2017-01-01 07:00:00+00:00,Commercial,Bundled,5cdbb4e05457a3616340c5d4,5cdbb4e05457a3616340c5d4,"Time-Of-Use - General Service - Large: TOU-8, Option D (Under 2 kV)",2019-04-12 07:00:00+00:00,Commercial,Bundled,2.28,True,True,strong,,
TOU-8,Southern California Edison Co,5b85d81a5457a34d068b4567,5b85d81a5457a34d068b4567,"Time-Of-Use - General Service - Large: TOU-8, Option A (2 kV - 50kV)",2017-01-01 07:00:00+00:00,Commercial,Bundled,59c0608e5457a3c813bbb282,59c0608e5457a3c813bbb282,"TOU-8, Option D (BELOW 2 KV)",2017-12-01 08:00:00+00:00,Commercial,,0.91,True,False,weak,,
TOU-8,Southern California Edison Co,5b85d81a5457a34d068b4567,5b85d81a5457a34d068b4567,"Time-Of-Use - General Service - Large: TOU-8, Option A (2 kV - 50kV)",2017-01-01 07:00:00+00:00,Commercial,Bundled,59c0616d5457a3d348bbb27c,59c0616d5457a3d348bbb27c,"TOU-8, Option E (BELOW 2 KV)",2017-12-01 08:00:00+00:00,Commercial,,0.91,True,False,weak,,
GS-1,Southern California Edison Co,5bc7b6c75457a3a2783b43ec,5bc7b6c75457a3a2783b43ec,"TOU-GS-1, Option A",2018-10-01 06:00:00+00:00,Commercial,Bundled,5df081605457a38f2a3fb279,5df081605457a38f2a3fb279,ME- GS-1 TOU E,2019-03-01 07:00:00+00:00,Commercial,Bundled,0.41,True,True,strong,,
GS-1,Southern California Edison Co,5bc7b9175457a3ee6b3b43ee,5bc7b9175457a3ee6b3b43ee,"TOU-GS-1, Option B",2018-10-01 06:00:00+00:00,Commercial,Bundled,5df081605457a38f2a3fb279,5df081605457a38f2a3fb279,ME- GS-1 TOU E,2019-03-01 07:00:00+00:00,Commercial,Bundled,0.41,True,True,strong,,
GS-2,Southern California Edison Co,5bc7ba425457a3b5483b43ed,5bc7ba425457a3b5483b43ed,"TOU-GS-2, Option A",2018-10-01 06:00:00+00:00,Commercial,Bundled,5cdb9d385457a3616340c5d2,5cdb9d385457a3616340c5d2,"Time of Use, General Service, Demand Metered, Option E: GS-2 TOU E, Three Phase (Under 2 kV)",2019-04-12 07:00:00+00:00,Commercial,Bundled,0.53,True,True,strong,,
GS-2,Southern California Edison Co,5bc7ba425457a3b5483b43ed,5bc7ba425457a3b5483b43ed,"TOU-GS-2, Option A",2018-10-01 06:00:00+00:00,Commercial,Bundled,5cdb9e605457a3b72b40c5d3,5cdb9e605457a3b72b40c5d3,"Time of Use, General Service, Demand Metered, Option D: GS-2 TOU D, Three Phase (Under 2 kV)",2019-04-12 07:00:00+00:00,Commercial,Bundled,0.53,True,True,strong,,
GS-2,Southern California Edison Co,5bc7bc025457a32d493b43ed,5bc7bc025457a32d493b43ed,"TOU-GS-2, Option B",2018-10-01 06:00:00+00:00,Commercial,Bundled,5cdb9d385457a3616340c5d2,5cdb9d385457a3616340c5d2,"Time of Use, General Service, Demand Metered, Option E: GS-2 TOU E, Three Phase (Under 2 kV)",2019-04-12 07:00:00+00:00,Commercial,Bundled,0.53,True,True,strong,,
GS-2,Southern California Edison Co,5bc7bc025457a32d493b43ed,5bc7bc025457a32d493b43ed,"TOU-GS-2, Option B",2018-10-01 06:00:00+00:00,Commercial,Bundled,5cdb9e605457a3b72b40c5d3,5cdb9e605457a3b72b40c5d3,"Time of Use, General Service, Demand Metered, Option D: GS-2 TOU D, Three Phase (Under 2 kV)",2019-04-12 07:00:00+00:00,Commercial,Bundled,0.53,True,True,strong,,
GS-1,Southern California Edison Co,5bc7bd295457a3b5483b43ee,5bc7bd295457a3b5483b43ee,"TOU-GS-1, Option C",2018-10-01 06:00:00+00:00,Commercial,Bundled,5df081605457a38f2a3fb279,5df081605457a38f2a3fb279,ME- GS-1 TOU E,2019-03-01 07:00:00+00:00,Commercial,Bundled,0.41,True,True,strong,,
GS-2,Southern California Edison Co,5bc7be2a5457a3a2783b43ed,5bc7be2a5457a3a2783b43ed,"TOU-GS-2, Option R",2018-10-01 06:00:00+00:00,Commercial,Bundled,5cdb9d385457a3616340c5d2,5cdb9d385457a3616340c5d2,"Time of Use, General Service, Demand Metered, Option E: GS-2 TOU E, Three Phase (Under 2 kV)",2019-04-12 07:00:00+00:00,Commercial,Bundled,0.53,True,True,strong,,
GS-2,Southern California Edison Co,5bc7be2a5457a3a2783b43ed,5bc7be2a5457a3a2783b43ed,"TOU-GS-2, Option R",2018-10-01 06:00:00+00:00,Commercial,Bundled,5cdb9e605457a3b72b40c5d3,5cdb9e605457a3b72b40c5d3,"Time of Use, General Service, Demand Metered, Option D: GS-2 TOU D, Three Phase (Under 2 kV)",2019-04-12 07:00:00+00:00,Commercial,Bundled,0.53,True,True,strong,,
GS-3,Southern California Edison Co,5bc7bf095457a3b5483b43ef,5bc7bf095457a3b5483b43ef,"TOU-GS-3, Option A",2018-10-01 06:00:00+00:00,Commercial,Bundled,5c804c6f5457a3fc4c4b0dbb,5c804c6f5457a3fc4c4b0dbb,"Time-of-use - General Service - Demand Metered: TOU-GS-3, Option E (Under 2kV)",2019-03-01 07:00:00+00:00,Commercial,Bundled,0.41,True,True,strong,,
GS-3,Southern California Edison Co,5bc7bf095457a3b5483b43ef,5bc7bf095457a3b5483b43ef,"TOU-GS-3, Option A",2018-10-01 06:00:00+00:00,Commercial,Bundled,5d9cdd9d5457a37118598dcf,5d9cdd9d5457a37118598dcf,"Time-of-use - General Service - Demand Metered: TOU-GS-3, Option D (Under 2kV)",2019-04-12 06:00:00+00:00,Commercial,Bundled,0.53,True,True,strong,,
GS-3,Southern California Edison Co,5bc7c01e5457a3ee6b3b43ef,5bc7c01e5457a3ee6b3b43ef,"TOU-GS-3, Option B",2018-10-01 06:00:00+00:00,Commercial,Bundled,5c804c6f5457a3fc4c4b0dbb,5c804c6f5457a3fc4c4b0dbb,"Time-of-use - General Service - Demand Metered: TOU-GS-3, Option E (Under 2kV)",2019-03-01 07:00:00+00:00,Commercial,Bundled,0.41,True,True,strong,,
GS-3,Southern California Edison Co,5bc7c01e5457a3ee6b3b43ef,5bc7c01e5457a3ee6b3b43ef,"TOU-GS-3, Option B",2018-10-01 06:00:00+00:00,Commercial,Bundled,5d9cdd9d5457a37118598dcf,5d9cdd9d5457a37118598dcf,"Time-of-use - General Service - Demand Metered: TOU-GS-3, Option D (Under 2kV)",2019-04-12 06:00:00+00:00,Commercial,Bundled,0.53,True,True,strong,,
GS-3,Southern California Edison Co,5bc7c0fe5457a3c9273b43ec,5bc7c0fe5457a3c9273b43ec,"TOU-GS-3, Option R",2018-10-01 06:00:00+00:00,Commercial,Bundled,5c804c6f5457a3fc4c4b0dbb,5c804c6f5457a3fc4c4b0dbb,"Time-of-use - General Service - Demand Metered: TOU-GS-3, Option E (Under 2kV)",2019-03-01 07:00:00+00:00,Commercial,Bundled,0.41,True,True,strong,,
GS-3,Southern California Edison Co,5bc7c0fe5457a3c9273b43ec,5bc7c0fe5457a3c9273b43ec,"TOU-GS-3, Option R",2018-10-01 06:00:00+00:00,Commercial,Bundled,5d9cdd9d5457a37118598dcf,5d9cdd9d5457a37118598dcf,"Time-of-use - General Service - Demand Metered: TOU-GS-3, Option D (Under 2kV)",2019-04-12 06:00:00+00:00,Commercial,Bundled,0.53,True,True,strong,,
TOU-8,Southern California Edison Co,5bc7c2105457a32d493b43ee,5bc7c2105457a32d493b43ee,"TOU-8, Option A (BELOW 2 KV)",2018-10-01 06:00:00+00:00,Commercial,Bundled,5cdbb2615457a3b72b40c5d4,5cdbb2615457a3b72b40c5d4,"Time-Of-Use - General Service - Large: TOU-8, Option E (Under 2 kV)",2019-04-12 07:00:00+00:00,Commercial,Bundled,0.53,True,True,strong,,
TOU-8,Southern California Edison Co,5bc7c2105457a32d493b43ee,5bc7c2105457a32d493b43ee,"TOU-8, Option A (BELOW 2 KV)",2018-10-01 06:00:00+00:00,Commercial,Bundled,5cdbb4e05457a3616340c5d4,5cdbb4e05457a3616340c5d4,"Time-Of-Use - General Service - Large: TOU-8, Option D (Under 2 kV)",2019-04-12 07:00:00+00:00,Commercial,Bundled,0.53,True,True,strong,,
TOU-8,Southern California Edison Co,5bc7c3045457a3ee6b3b43f0,5bc7c3045457a3ee6b3b43f0,"TOU-8, Option B (BELOW 2 KV)",2018-10-01 06:00:00+00:00,Commercial,Bundled,5cdbb2615457a3b72b40c5d4,5cdbb2615457a3b72b40c5d4,"Time-Of-Use - General Service - Large: TOU-8, Option E (Under 2 kV)",2019-04-12 07:00:00+00:00,Commercial,Bundled,0.53,True,True,strong,,
TOU-8,Southern California Edison Co,5bc7c3045457a3ee6b3b43f0,5bc7c3045457a3ee6b3b43f0,"TOU-8, Option B (BELOW 2 KV)",2018-10-01 06:00:00+00:00,Commercial,Bundled,5cdbb4e05457a3616340c5d4,5cdbb4e05457a3616340c5d4,"Time-Of-Use - General Service - Large: TOU-8, Option D (Under 2 kV)",2019-04-12 07:00:00+00:00,Commercial,Bundled,0.53,True,True,strong,,
TOU-8,Southern California Edison Co,5bc7c4515457a333213b43ec,5bc7c4515457a333213b43ec,"TOU-8, Option R (BELOW 2 KV)",2018-10-01 06:00:00+00:00,Commercial,Bundled,5cdbb2615457a3b72b40c5d4,5cdbb2615457a3b72b40c5d4,"Time-Of-Use - General Service - Large: TOU-8, Option E (Under 2 kV)",2019-04-12 07:00:00+00:00,Commercial,Bundled,0.53,True,True,strong,,
TOU-8,Southern California Edison Co,5bc7c4515457a333213b43ec,5bc7c4515457a333213b43ec,"TOU-8, Option R (BELOW 2 KV)",2018-10-01 06:00:00+00:00,Commercial,Bundled,5cdbb4e05457a3616340c5d4,5cdbb4e05457a3616340c5d4,"Time-Of-Use - General Service - Large: TOU-8, Option D (Under 2 kV)",2019-04-12 07:00:00+00:00,Commercial,Bundled,0.53,True,True,strong,,
TOU-8,Southern California Edison Co,5c8028985457a3d93c4b0dbc,5c8028985457a3d93c4b0dbc,"Time-Of-Use - General Service - Large: TOU-8, Option D (Under 2 kV)",2015-03-01 08:00:00+00:00,Commercial,Bundled,5b593df35457a3a33426b8f8,5b593df35457a3a33426b8f8,"Time-Of-Use - General Service - Large: TOU-8, Option A (Under 2 kV)",2017-01-01 07:00:00+00:00,Commercial,Bundled,1.84,True,True,strong,,
TOU-8,Southern California Edison Co,5c8028985457a3d93c4b0dbc,5c8028985457a3d93c4b0dbc,"Time-Of-Use - General Service - Large: TOU-8, Option D (Under 2 kV)",2015-03-01 08:00:00+00:00,Commercial,Bundled,5b59413d5457a3f33726b8f8,5b59413d5457a3f33726b8f8,"Time-Of-Use - General Service - Large: TOU-8, Option R (under 2kV)",2017-01-01 07:00:00+00:00,Commercial,Bundled,1.84,True,True,strong,,
TOU-8,Southern California Edison Co,5c8028985457a3d93c4b0dbc,5c8028985457a3d93c4b0dbc,"Time-Of-Use - General Service - Large: TOU-8, Option D (Under 2 kV)",2015-03-01 08:00:00+00:00,Commercial,Bundled,5b85d81a5457a34d068b4567,5b85d81a5457a34d068b4567,"Time-Of-Use - General Service - Large: TOU-8, Option A (2 kV - 50kV)",2017-01-01 07:00:00+00:00,Commercial,Bundled,1.84,True,True,strong,,
TOU-8,Southern California Edison Co,5c8028985457a3d93c4b0dbc,5c8028985457a3d93c4b0dbc,"Time-Of-Use - General Service - Large: TOU-8, Option D (Under 2 kV)",2015-03-01 08:00:00+00:00,Commercial,Bundled,587016a85457a3d7241c9605,587016a85457a3d7241c9605,"Time-Of-Use - General Service - Large: TOU-8, Option B (Under 2 kV)",2017-01-01 08:00:00+00:00,Commercial,Bundled,1.84,True,True,strong,,
TOU-8,Southern California Edison Co,5c8028985457a3d93c4b0dbc,5c8028985457a3d93c4b0dbc,"Time-Of-Use - General Service - Large: TOU-8, Option D (Under 2 kV)",2015-03-01 08:00:00+00:00,Commercial,Bundled,5b5943bc5457a3463a26b8f8,5b5943bc5457a3463a26b8f8,"Time-Of-Use - General Service - Large: TOU-8, Option CPP (Under 2 kV)",2017-01-01 08:00:00+00:00,Commercial,Bundled,1.84,True,True,strong,,
TOU-8,Southern California Edison Co,5c8028985457a3d93c4b0dbc,5c8028985457a3d93c4b0dbc,"Time-Of-Use - General Service - Large: TOU-8, Option D (Under 2 kV)",2015-03-01 08:00:00+00:00,Commercial,Bundled,5bc7c2105457a32d493b43ee,5bc7c2105457a32d493b43ee,"TOU-8, Option A (BELOW 2 KV)",2018-10-01 06:00:00+00:00,Commercial,Bundled,3.58,True,True,strong,,
TOU-8,Southern California Edison Co,5c8028985457a3d93c4b0dbc,5c8028985457a3d93c4b0dbc,"Time-Of-Use - General Service - Large: TOU-8, Option D (Under 2 kV)",2015-03-01 08:00:00+00:00,Commercial,Bundled,5bc7c3045457a3ee6b3b43f0,5bc7c3045457a3ee6b3b43f0,"TOU-8, Option B (BELOW 2 KV)",2018-10-01 06:00:00+00:00,Commercial,Bundled,3.58,True,True,strong,,
TOU-8,Southern California Edison Co,5c8028985457a3d93c4b0dbc,5c8028985457a3d93c4b0dbc,"Time-Of-Use - General Service - Large: TOU-8, Option D (Under 2 kV)",2015-03-01 08:00:00+00:00,Commercial,Bundled,5bc7c4515457a333213b43ec,5bc7c4515457a333213b43ec,"TOU-8, Option R (BELOW 2 KV)",2018-10-01 06:00:00+00:00,Commercial,Bundled,3.58,True,True,strong,,
TOU-8,Southern California Edison Co,5c8028985457a3d93c4b0dbc,5c8028985457a3d93c4b0dbc,"Time-Of-Use - General Service - Large: TOU-8, Option D (Under 2 kV)",2015-03-01 08:00:00+00:00,Commercial,Bundled,5571b8695457a38e37db22a5,5571b8695457a38e37db22a5,"Time-Of-Use - General Service - Large: TOU-8, Option R (above 50kV)",2015-06-01 07:00:00+00:00,Commercial,,0.25,True,False,weak,,
TOU-8,Southern California Edison Co,5c8028985457a3d93c4b0dbc,5c8028985457a3d93c4b0dbc,"Time-Of-Use - General Service - Large: TOU-8, Option D (Under 2 kV)",2015-03-01 08:00:00+00:00,Commercial,Bundled,587014c55457a36f0d1c9606,587014c55457a36f0d1c9606,"Time-Of-Use - General Service - Large: TOU-8, Option A (Under 2 kV)",2017-01-01 07:00:00+00:00,Commercial,,1.84,True,False,weak,,
TOU-8,Southern California Edison Co,5c8028985457a3d93c4b0dbc,5c8028985457a3d93c4b0dbc,"Time-Of-Use - General Service - Large: TOU-8, Option D (Under 2 kV)",2015-03-01 08:00:00+00:00,Commercial,Bundled,59c0608e5457a3c813bbb282,59c0608e5457a3c813bbb282,"TOU-8, Option D (BELOW 2 KV)",2017-12-01 08:00:00+00:00,Commercial,,2.75,True,False,weak,,
TOU-8,Southern California Edison Co,5c8028985457a3d93c4b0dbc,5c8028985457a3d93c4b0dbc,"Time-Of-Use - General Service - Large: TOU-8, Option D (Under 2 kV)",2015-03-01 08:00:00+00:00,Commercial,Bundled,59c0616d5457a3d348bbb27c,59c0616d5457a3d348bbb27c,"TOU-8, Option E (BELOW 2 KV)",2017-12-01 08:00:00+00:00,Commercial,,2.75,True,False,weak,,
TOU-8,Southern California Edison Co,5c802c755457a3773e4b0dbc,5c802c755457a3773e4b0dbc,"Time-Of-Use - General Service - Large: TOU-8, Option E (Under 2 kV)",2015-03-01 08:00:00+00:00,Commercial,Bundled,5b593df35457a3a33426b8f8,5b593df35457a3a33426b8f8,"Time-Of-Use - General Service - Large: TOU-8, Option A (Under 2 kV)",2017-01-01 07:00:00+00:00,Commercial,Bundled,1.84,True,True,strong,,
TOU-8,Southern California Edison Co,5c802c755457a3773e4b0dbc,5c802c755457a3773e4b0dbc,"Time-Of-Use - General Service - Large: TOU-8, Option E (Under 2 kV)",2015-03-01 08:00:00+00:00,Commercial,Bundled,5b59413d5457a3f33726b8f8,5b59413d5457a3f33726b8f8,"Time-Of-Use - General Service - Large: TOU-8, Option R (under 2kV)",2017-01-01 07:00:00+00:00,Commercial,Bundled,1.84,True,True,strong,,
TOU-8,Southern California Edison Co,5c802c755457a3773e4b0dbc,5c802c755457a3773e4b0dbc,"Time-Of-Use - General Service - Large: TOU-8, Option E (Under 2 kV)",2015-03-01 08:00:00+00:00,Commercial,Bundled,5b85d81a5457a34d068b4567,5b85d81a5457a34d068b4567,"Time-Of-Use - General Service - Large: TOU-8, Option A (2 kV - 50kV)",2017-01-01 07:00:00+00:00,Commercial,Bundled,1.84,True,True,strong,,
TOU-8,Southern California Edison Co,5c802c755457a3773e4b0dbc,5c802c755457a3773e4b0dbc,"Time-Of-Use - General Service - Large: TOU-8, Option E (Under 2 kV)",2015-03-01 08:00:00+00:00,Commercial,Bundled,587016a85457a3d7241c9605,587016a85457a3d7241c9605,"Time-Of-Use - General Service - Large: TOU-8, Option B (Under 2 kV)",2017-01-01 08:00:00+00:00,Commercial,Bundled,1.84,True,True,strong,,
TOU-8,Southern California Edison Co,5c802c755457a3773e4b0dbc,5c802c755457a3773e4b0dbc,"Time-Of-Use - General Service - Large: TOU-8, Option E (Under 2 kV)",2015-03-01 08:00:00+00:00,Commercial,Bundled,5b5943bc5457a3463a26b8f8,5b5943bc5457a3463a26b8f8,"Time-Of-Use - General Service - Large: TOU-8, Option CPP (Under 2 kV)",2017-01-01 08:00:00+00:00,Commercial,Bundled,1.84,True,True,strong,,
TOU-8,Southern California Edison Co,5c802c755457a3773e4b0dbc,5c802c755457a3773e4b0dbc,"Time-Of-Use - General Service - Large: TOU-8, Option E (Under 2 kV)",2015-03-01 08:00:00+00:00,Commercial,Bundled,5bc7c2105457a32d493b43ee,5bc7c2105457a32d493b43ee,"TOU-8, Option A (BELOW 2 KV)",2018-10-01 06:00:00+00:00,Commercial,Bundled,3.58,True,True,strong,,
TOU-8,Southern California Edison Co,5c802c755457a3773e4b0dbc,5c802c755457a3773e4b0dbc,"Time-Of-Use - General Service - Large: TOU-8, Option E (Under 2 kV)",2015-03-01 08:00:00+00:00,Commercial,Bundled,5bc7c3045457a3ee6b3b43f0,5bc7c3045457a3ee6b3b43f0,"TOU-8, Option B (BELOW 2 KV)",2018-10-01 06:00:00+00:00,Commercial,Bundled,3.58,True,True,strong,,
TOU-8,Southern California Edison Co,5c802c755457a3773e4b0dbc,5c802c755457a3773e4b0dbc,"Time-Of-Use - General Service - Large: TOU-8, Option E (Under 2 kV)",2015-03-01 08:00:00+00:00,Commercial,Bundled,5bc7c4515457a333213b43ec,5bc7c4515457a333213b43ec,"TOU-8, Option R (BELOW 2 KV)",2018-10-01 06:00:00+00:00,Commercial,Bundled,3.58,True,True,strong,,
TOU-8,Southern California Edison Co,5c802c755457a3773e4b0dbc,5c802c755457a3773e4b0dbc,"Time-Of-Use - General Service - Large: TOU-8, Option E (Under 2 kV)",2015-03-01 08:00:00+00:00,Commercial,Bundled,5571b8695457a38e37db22a5,5571b8695457a38e37db22a5,"Time-Of-Use - General Service - Large: TOU-8, Option R (above 50kV)",2015-06-01 07:00:00+00:00,Commercial,,0.25,True,False,weak,,
TOU-8,Southern California Edison Co,5c802c755457a3773e4b0dbc,5c802c755457a3773e4b0dbc,"Time-Of-Use - General Service - Large: TOU-8, Option E (Under 2 kV)",2015-03-01 08:00:00+00:00,Commercial,Bundled,587014c55457a36f0d1c9606,587014c55457a36f0d1c9606,"Time-Of-Use - General Service - Large: TOU-8, Option A (Under 2 kV)",2017-01-01 07:00:00+00:00,Commercial,,1.84,True,False,weak,,
TOU-8,Southern California Edison Co,5c802c755457a3773e4b0dbc,5c802c755457a3773e4b0dbc,"Time-Of-Use - General Service - Large: TOU-8, Option E (Under 2 kV)",2015-03-01 08:00:00+00:00,Commercial,Bundled,59c0608e5457a3c813bbb282,59c0608e5457a3c813bbb282,"TOU-8, Option D (BELOW 2 KV)",2017-12-01 08:00:00+00:00,Commercial,,2.75,True,False,weak,,
TOU-8,Southern California Edison Co,5c802c755457a3773e4b0dbc,5c802c755457a3773e4b0dbc,"Time-Of-Use - General Service - Large: TOU-8, Option E (Under 2 kV)",2015-03-01 08:00:00+00:00,Commercial,Bundled,59c0616d5457a3d348bbb27c,59c0616d5457a3d348bbb27c,"TOU-8, Option E (BELOW 2 KV)",2017-12-01 08:00:00+00:00,Commercial,,2.75,True,False,weak,,
GS-2,Southern California Edison Co,5c9080fb5457a3102a07bc77,5c9080fb5457a3102a07bc77,"Time of Use, General Service, Demand Metered, Option E: GS-2 TOU E, Three Phase (Under 2 kV)",2015-02-28 08:00:00+00:00,Commercial,Bundled,5bc7bc025457a32d493b43ed,5bc7bc025457a32d493b43ed,"TOU-GS-2, Option B",2018-10-01 06:00:00+00:00,Commercial,Bundled,3.59,True,True,strong,,
GS-2,Southern California Edison Co,5c9080fb5457a3102a07bc77,5c9080fb5457a3102a07bc77,"Time of Use, General Service, Demand Metered, Option E: GS-2 TOU E, Three Phase (Under 2 kV)",2015-02-28 08:00:00+00:00,Commercial,Bundled,5bc7ba425457a3b5483b43ed,5bc7ba425457a3b5483b43ed,"TOU-GS-2, Option A",2018-10-01 06:00:00+00:00,Commercial,Bundled,3.59,True,True,strong,,
GS-2,Southern California Edison Co,5c9080fb5457a3102a07bc77,5c9080fb5457a3102a07bc77,"Time of Use, General Service, Demand Metered, Option E: GS-2 TOU E, Three Phase (Under 2 kV)",2015-02-28 08:00:00+00:00,Commercial,Bundled,5bc7be2a5457a3a2783b43ed,5bc7be2a5457a3a2783b43ed,"TOU-GS-2, Option R",2018-10-01 06:00:00+00:00,Commercial,Bundled,3.59,True,True,strong,,
GS-2,Southern California Edison Co,5c9080fb5457a3102a07bc77,5c9080fb5457a3102a07bc77,"Time of Use, General Service, Demand Metered, Option E: GS-2 TOU E, Three Phase (Under 2 kV)",2015-02-28 08:00:00+00:00,Commercial,Bundled,55705ad65457a3f449db22a3,55705ad65457a3f449db22a3,"General Service - Demand: GS-2, Single Phase Service; Closed Rate",2015-06-01 06:00:00+00:00,Commercial,,0.25,True,False,weak,,
GS-2,Southern California Edison Co,5c9080fb5457a3102a07bc77,5c9080fb5457a3102a07bc77,"Time of Use, General Service, Demand Metered, Option E: GS-2 TOU E, Three Phase (Under 2 kV)",2015-02-28 08:00:00+00:00,Commercial,Bundled,557083bc5457a37a19db22a3,557083bc5457a37a19db22a3,"Time of Use, General Service, Demand Metered, Critical Peak-Lite Option: TOU-GS-2 CPP-Lite, Three Phase; REPEAT rate",2015-06-01 06:00:00+00:00,Commercial,,0.25,True,False,weak,,
GS-2,Southern California Edison Co,5c9080fb5457a3102a07bc77,5c9080fb5457a3102a07bc77,"Time of Use, General Service, Demand Metered, Option E: GS-2 TOU E, Three Phase (Under 2 kV)",2015-02-28 08:00:00+00:00,Commercial,Bundled,55707e995457a37354db22a5,55707e995457a37354db22a5,"Time of Use, General Service, Demand Metered, Critical Peak-Lite Option: TOU-GS-2 CPP-Lite, Single Phase; REPEAT rate",2015-06-01 06:00:00+00:00,Commercial,,0.25,True,False,weak,,
GS-2,Southern California Edison Co,5c9080fb5457a3102a07bc77,5c9080fb5457a3102a07bc77,"Time of Use, General Service, Demand Metered, Option E: GS-2 TOU E, Three Phase (Under 2 kV)",2015-02-28 08:00:00+00:00,Commercial,Bundled,55707a575457a37354db22a4,55707a575457a37354db22a4,"Time of Use, General Service, Demand Metered, Critical Peak Option: TOU-GS-2 CPP, Single Phase",2015-06-01 07:00:00+00:00,Commercial,,0.25,True,False,weak,,
GS-2,Southern California Edison Co,5c9080fb5457a3102a07bc77,5c9080fb5457a3102a07bc77,"Time of Use, General Service, Demand Metered, Option E: GS-2 TOU E, Three Phase (Under 2 kV)",2015-02-28 08:00:00+00:00,Commercial,Bundled,557076bc5457a3a23cdb22a6,557076bc5457a3a23cdb22a6,"Time of Use, General Service, Demand Metered, Option R: GS-2 TOU R - Three phase",2015-06-01 07:00:00+00:00,Commercial,,0.25,True,False,weak,,
GS-2,Southern California Edison Co,5c9080fb5457a3102a07bc77,5c9080fb5457a3102a07bc77,"Time of Use, General Service, Demand Metered, Option E: GS-2 TOU E, Three Phase (Under 2 kV)",2015-02-28 08:00:00+00:00,Commercial,Bundled,55706f305457a31422db22a4,55706f305457a31422db22a4,"Time of Use, General Service, Demand Metered, Option R: GS-2 TOU R - Single phase",2015-06-01 07:00:00+00:00,Commercial,,0.25,True,False,weak,,
GS-2,Southern California Edison Co,5c9080fb5457a3102a07bc77,5c9080fb5457a3102a07bc77,"Time of Use, General Service, Demand Metered, Option E: GS-2 TOU E, Three Phase (Under 2 kV)",2015-02-28 08:00:00+00:00,Commercial,Bundled,55707d1c5457a3f449db22a4,55707d1c5457a3f449db22a4,"Time of Use, General Service, Demand Metered, Critical Peak Option: TOU-GS-2 CPP, Three Phase",2015-06-01 07:00:00+00:00,Commercial,,0.25,True,False,weak,,
GS-2,Southern California Edison Co,5c9080fb5457a3102a07bc77,5c9080fb5457a3102a07bc77,"Time of Use, General Service, Demand Metered, Option E: GS-2 TOU E, Three Phase (Under 2 kV)",2015-02-28 08:00:00+00:00,Commercial,Bundled,557069245457a37354db22a2,557069245457a37354db22a2,"Time of Use, General Service, Demand Metered, Option B: GS-2 TOU B, Single Phase",2015-06-01 07:00:00+00:00,Commercial,,0.25,True,False,weak,,
GS-2,Southern California Edison Co,5c9080fb5457a3102a07bc77,5c9080fb5457a3102a07bc77,"Time of Use, General Service, Demand Metered, Option E: GS-2 TOU E, Three Phase (Under 2 kV)",2015-02-28 08:00:00+00:00,Commercial,Bundled,557067a65457a3b602db22a3,557067a65457a3b602db22a3,"Time of Use, General Service, Demand Metered, Option A: GS-2 TOU A, Three Phase",2015-06-01 07:00:00+00:00,Commercial,,0.25,True,False,weak,,
GS-2,Southern California Edison Co,5c9080fb5457a3102a07bc77,5c9080fb5457a3102a07bc77,"Time of Use, General Service, Demand Metered, Option E: GS-2 TOU E, Three Phase (Under 2 kV)",2015-02-28 08:00:00+00:00,Commercial,Bundled,557063955457a3fb54db22a2,557063955457a3fb54db22a2,"Time of Use, General Service, Demand Metered, Option A: GS-2 TOU A, Single Phase",2015-06-01 07:00:00+00:00,Commercial,,0.25,True,False,weak,,
GS-2,Southern California Edison Co,5c9080fb5457a3102a07bc77,5c9080fb5457a3102a07bc77,"Time of Use, General Service, Demand Metered, Option E: GS-2 TOU E, Three Phase (Under 2 kV)",2015-02-28 08:00:00+00:00,Commercial,Bundled,55705f695457a3a23cdb22a3,55705f695457a3a23cdb22a3,General Service - Demand: GS-2 - Three Phase; Closed Rate,2015-06-01 06:00:00+00:00,Commercial,,0.25,True,False,weak,,
GS-2,Southern California Edison Co,5c9080fb5457a3102a07bc77,5c9080fb5457a3102a07bc77,"Time of Use, General Service, Demand Metered, Option E: GS-2 TOU E, Three Phase (Under 2 kV)",2015-02-28 08:00:00+00:00,Commercial,Bundled,55706d4c5457a31422db22a3,55706d4c5457a31422db22a3,"Time of Use, General Service, Demand Metered, Option B: GS-2 TOU B, Three Phase",2015-06-01 07:00:00+00:00,Commercial,,0.25,True,False,weak,,
GS-2,Southern California Edison Co,5c9080fb5457a3102a07bc77,5c9080fb5457a3102a07bc77,"Time of Use, General Service, Demand Metered, Option E: GS-2 TOU E, Three Phase (Under 2 kV)",2015-02-28 08:00:00+00:00,Commercial,Bundled,574f6b105457a3d8785e629e,574f6b105457a3d8785e629e,"Time of Use, General Service, Demand Metered, TOU-GS-2, Option B",2016-05-02 06:00:00+00:00,Commercial,,1.17,True,False,weak,,
GS-2,Southern California Edison Co,5c9080fb5457a3102a07bc77,5c9080fb5457a3102a07bc77,"Time of Use, General Service, Demand Metered, Option E: GS-2 TOU E, Three Phase (Under 2 kV)",2015-02-28 08:00:00+00:00,Commercial,Bundled,586d4bf65457a366061c9606,586d4bf65457a366061c9606,"Time of Use, General Service, Demand Metered, Option GS-2 TOU A, Single Phase (At 220kV)",2017-01-01 07:00:00+00:00,Commercial,,1.84,True,False,weak,,
GS-2,Southern California Edison Co,5c9080fb5457a3102a07bc77,5c9080fb5457a3102a07bc77,"Time of Use, General Service, Demand Metered, Option E: GS-2 TOU E, Three Phase (Under 2 kV)",2015-02-28 08:00:00+00:00,Commercial,Bundled,586d4ca75457a348111c9605,586d4ca75457a348111c9605,"Time of Use, General Service, Demand Metered, Option A: GS-2 TOU A, Three Phase (At 220kV)",2017-01-01 07:00:00+00:00,Commercial,,1.84,True,False,weak,,
GS-2,Southern California Edison Co,5c9080fb5457a3102a07bc77,5c9080fb5457a3102a07bc77,"Time of Use, General Service, Demand Metered, Option E: GS-2 TOU E, Three Phase (Under 2 kV)",2015-02-28 08:00:00+00:00,Commercial,Bundled,59c05bc05457a30837bbb27f,59c05bc05457a30837bbb27f,"TOU-GS-2, Option D",2017-12-01 08:00:00+00:00,Commercial,Delivery with Standard Offer,2.76,True,False,weak,,
GS-2,Southern California Edison Co,5c9080fb5457a3102a07bc77,5c9080fb5457a3102a07bc77,"Time of Use, General Service, Demand Metered, Option E: GS-2 TOU E, Three Phase (Under 2 kV)",2015-02-28 08:00:00+00:00,Commercial,Bundled,59c05cde5457a30837bbb280,59c05cde5457a30837bbb280,"TOU-GS-2, Option E",2017-12-01 08:00:00+00:00,Commercial,,2.76,True,False,weak,,
GS-2,Southern California Edison Co,5c9114ea5457a37e5307bc77,5c9114ea5457a37e5307bc77,"Time of Use, General Service, Demand Metered, Option D: GS-2 TOU D, Three Phase (Under 2 kV)",2015-02-28 08:00:00+00:00,Commercial,Bundled,5bc7bc025457a32d493b43ed,5bc7bc025457a32d493b43ed,"TOU-GS-2, Option B",2018-10-01 06:00:00+00:00,Commercial,Bundled,3.59,True,True,strong,,
GS-2,Southern California Edison Co,5c9114ea5457a37e5307bc77,5c9114ea5457a37e5307bc77,"Time of Use, General Service, Demand Metered, Option D: GS-2 TOU D, Three Phase (Under 2 kV)",2015-02-28 08:00:00+00:00,Commercial,Bundled,5bc7ba425457a3b5483b43ed,5bc7ba425457a3b5483b43ed,"TOU-GS-2, Option A",2018-10-01 06:00:00+00:00,Commercial,Bundled,3.59,True,True,strong,,
GS-2,Southern California Edison Co,5c9114ea5457a37e5307bc77,5c9114ea5457a37e5307bc77,"Time of Use, General Service, Demand Metered, Option D: GS-2 TOU D, Three Phase (Under 2 kV)",2015-02-28 08:00:00+00:00,Commercial,Bundled,5bc7be2a5457a3a2783b43ed,5bc7be2a5457a3a2783b43ed,"TOU-GS-2, Option R",2018-10-01 06:00:00+00:00,Commercial,Bundled,3.59,True,True,strong,,
GS-2,Southern California Edison Co,5c9114ea5457a37e5307bc77,5c9114ea5457a37e5307bc77,"Time of Use, General Service, Demand Metered, Option D: GS-2 TOU D, Three Phase (Under 2 kV)",2015-02-28 08:00:00+00:00,Commercial,Bundled,55705ad65457a3f449db22a3,55705ad65457a3f449db22a3,"General Service - Demand: GS-2, Single Phase Service; Closed Rate",2015-06-01 06:00:00+00:00,Commercial,,0.25,True,False,weak,,
GS-2,Southern California Edison Co,5c9114ea5457a37e5307bc77,5c9114ea5457a37e5307bc77,"Time of Use, General Service, Demand Metered, Option D: GS-2 TOU D, Three Phase (Under 2 kV)",2015-02-28 08:00:00+00:00,Commercial,Bundled,557083bc5457a37a19db22a3,557083bc5457a37a19db22a3,"Time of Use, General Service, Demand Metered, Critical Peak-Lite Option: TOU-GS-2 CPP-Lite, Three Phase; REPEAT rate",2015-06-01 06:00:00+00:00,Commercial,,0.25,True,False,weak,,
GS-2,Southern California Edison Co,5c9114ea5457a37e5307bc77,5c9114ea5457a37e5307bc77,"Time of Use, General Service, Demand Metered, Option D: GS-2 TOU D, Three Phase (Under 2 kV)",2015-02-28 08:00:00+00:00,Commercial,Bundled,55707e995457a37354db22a5,55707e995457a37354db22a5,"Time of Use, General Service, Demand Metered, Critical Peak-Lite Option: TOU-GS-2 CPP-Lite, Single Phase; REPEAT rate",2015-06-01 06:00:00+00:00,Commercial,,0.25,True,False,weak,,
GS-2,Southern California Edison Co,5c9114ea5457a37e5307bc77,5c9114ea5457a37e5307bc77,"Time of Use, General Service, Demand Metered, Option D: GS-2 TOU D, Three Phase (Under 2 kV)",2015-02-28 08:00:00+00:00,Commercial,Bundled,55707a575457a37354db22a4,55707a575457a37354db22a4,"Time of Use, General Service, Demand Metered, Critical Peak Option: TOU-GS-2 CPP, Single Phase",2015-06-01 07:00:00+00:00,Commercial,,0.25,True,False,weak,,
GS-2,Southern California Edison Co,5c9114ea5457a37e5307bc77,5c9114ea5457a37e5307bc77,"Time of Use, General Service, Demand Metered, Option D: GS-2 TOU D, Three Phase (Under 2 kV)",2015-02-28 08:00:00+00:00,Commercial,Bundled,557076bc5457a3a23cdb22a6,557076bc5457a3a23cdb22a6,"Time of Use, General Service, Demand Metered, Option R: GS-2 TOU R - Three phase",2015-06-01 07:00:00+00:00,Commercial,,0.25,True,False,weak,,
GS-2,Southern California Edison Co,5c9114ea5457a37e5307bc77,5c9114ea5457a37e5307bc77,"Time of Use, General Service, Demand Metered, Option D: GS-2 TOU D, Three Phase (Under 2 kV)",2015-02-28 08:00:00+00:00,Commercial,Bundled,55706f305457a31422db22a4,55706f305457a31422db22a4,"Time of Use, General Service, Demand Metered, Option R: GS-2 TOU R - Single phase",2015-06-01 07:00:00+00:00,Commercial,,0.25,True,False,weak,,
GS-2,Southern California Edison Co,5c9114ea5457a37e5307bc77,5c9114ea5457a37e5307bc77,"Time of Use, General Service, Demand Metered, Option D: GS-2 TOU D, Three Phase (Under 2 kV)",2015-02-28 08:00:00+00:00,Commercial,Bundled,55707d1c5457a3f449db22a4,55707d1c5457a3f449db22a4,"Time of Use, General Service, Demand Metered, Critical Peak Option: TOU-GS-2 CPP, Three Phase",2015-06-01 07:00:00+00:00,Commercial,,0.25,True,False,weak,,
GS-2,Southern California Edison Co,5c9114ea5457a37e5307bc77,5c9114ea5457a37e5307bc77,"Time of Use, General Service, Demand Metered, Option D: GS-2 TOU D, Three Phase (Under 2 kV)",2015-02-28 08:00:00+00:00,Commercial,Bundled,557069245457a37354db22a2,557069245457a37354db22a2,"Time of Use, General Service, Demand Metered, Option B: GS-2 TOU B, Single Phase",2015-06-01 07:00:00+00:00,Commercial,,0.25,True,False,weak,,
GS-2,Southern California Edison Co,5c9114ea5457a37e5307bc77,5c9114ea5457a37e5307bc77,"Time of Use, General Service, Demand Metered, Option D: GS-2 TOU D, Three Phase (Under 2 kV)",2015-02-28 08:00:00+00:00,Commercial,Bundled,557067a65457a3b602db22a3,557067a65457a3b602db22a3,"Time of Use, General Service, Demand Metered, Option A: GS-2 TOU A, Three Phase",2015-06-01 07:00:00+00:00,Commercial,,0.25,True,False,weak,,
GS-2,Southern California Edison Co,5c9114ea5457a37e5307bc77,5c9114ea5457a37e5307bc77,"Time of Use, General Service, Demand Metered, Option D: GS-2 TOU D, Three Phase (Under 2 kV)",2015-02-28 08:00:00+00:00,Commercial,Bundled,557063955457a3fb54db22a2,557063955457a3fb54db22a2,"Time of Use, General Service, Demand Metered, Option A: GS-2 TOU A, Single Phase",2015-06-01 07:00:00+00:00,Commercial,,0.25,True,False,weak,,
GS-2,Southern California Edison Co,5c9114ea5457a37e5307bc77,5c9114ea5457a37e5307bc77,"Time of Use, General Service, Demand Metered, Option D: GS-2 TOU D, Three Phase (Under 2 kV)",2015-02-28 08:00:00+00:00,Commercial,Bundled,55705f695457a3a23cdb22a3,55705f695457a3a23cdb22a3,General Service - Demand: GS-2 - Three Phase; Closed Rate,2015-06-01 06:00:00+00:00,Commercial,,0.25,True,False,weak,,
GS-2,Southern California Edison Co,5c9114ea5457a37e5307bc77,5c9114ea5457a37e5307bc77,"Time of Use, General Service, Demand Metered, Option D: GS-2 TOU D, Three Phase (Under 2 kV)",2015-02-28 08:00:00+00:00,Commercial,Bundled,55706d4c5457a31422db22a3,55706d4c5457a31422db22a3,"Time of Use, General Service, Demand Metered, Option B: GS-2 TOU B, Three Phase",2015-06-01 07:00:00+00:00,Commercial,,0.25,True,False,weak,,
GS-2,Southern California Edison Co,5c9114ea5457a37e5307bc77,5c9114ea5457a37e5307bc77,"Time of Use, General Service, Demand Metered, Option D: GS-2 TOU D, Three Phase (Under 2 kV)",2015-02-28 08:00:00+00:00,Commercial,Bundled,574f6b105457a3d8785e629e,574f6b105457a3d8785e629e,"Time of Use, General Service, Demand Metered, TOU-GS-2, Option B",2016-05-02 06:00:00+00:00,Commercial,,1.17,True,False,weak,,
GS-2,Southern California Edison Co,5c9114ea5457a37e5307bc77,5c9114ea5457a37e5307bc77,"Time of Use, General Service, Demand Metered, Option D: GS-2 TOU D, Three Phase (Under 2 kV)",2015-02-28 08:00:00+00:00,Commercial,Bundled,586d4bf65457a366061c9606,586d4bf65457a366061c9606,"Time of Use, General Service, Demand Metered, Option GS-2 TOU A, Single Phase (At 220kV)",2017-01-01 07:00:00+00:00,Commercial,,1.84,True,False,weak,,
GS-2,Southern California Edison Co,5c9114ea5457a37e5307bc77,5c9114ea5457a37e5307bc77,"Time of Use, General Service, Demand Metered, Option D: GS-2 TOU D, Three Phase (Under 2 kV)",2015-02-28 08:00:00+00:00,Commercial,Bundled,586d4ca75457a348111c9605,586d4ca75457a348111c9605,"Time of Use, General Service, Demand Metered, Option A: GS-2 TOU A, Three Phase (At 220kV)",2017-01-01 07:00:00+00:00,Commercial,,1.84,True,False,weak,,
GS-2,Southern California Edison Co,5c9114ea5457a37e5307bc77,5c9114ea5457a37e5307bc77,"Time of Use, General Service, Demand Metered, Option D: GS-2 TOU D, Three Phase (Under 2 kV)",2015-02-28 08:00:00+00:00,Commercial,Bundled,59c05bc05457a30837bbb27f,59c05bc05457a30837bbb27f,"TOU-GS-2, Option D",2017-12-01 08:00:00+00:00,Commercial,Delivery with Standard Offer,2.76,True,False,weak,,
GS-2,Southern California Edison Co,5c9114ea5457a37e5307bc77,5c9114ea5457a37e5307bc77,"Time of Use, General Service, Demand Metered, Option D: GS-2 TOU D, Three Phase (Under 2 kV)",2015-02-28 08:00:00+00:00,Commercial,Bundled,59c05cde5457a30837bbb280,59c05cde5457a30837bbb280,"TOU-GS-2, Option E",2017-12-01 08:00:00+00:00,Commercial,,2.76,True,False,weak,,
GS-1,Southern California Edison Co,5dbb53085457a30e46dc72bb,5e0fd9175457a39e24fa5c5d,"ME GS-1 TOU B, Three Phase (Under 2 kV)",2020-01-01 07:00:00+00:00,Commercial,Bundled,652ee687b2e5059d2c0aa14d,652ee687b2e5059d2c0aa14d,"TOU General Service, Non Demand, Option E: GS-1 TOU E, Single Phase (Under 2 kV)",2023-10-01 07:00:00+00:00,Commercial,Bundled,3.75,True,True,strong,,
GS-1,Southern California Edison Co,5dbb53085457a30e46dc72bb,5e0fd9175457a39e24fa5c5d,"ME GS-1 TOU B, Three Phase (Under 2 kV)",2020-01-01 07:00:00+00:00,Commercial,Bundled,652ee871a11be1be82060dae,652ee871a11be1be82060dae,"TOU General Service, Non Demand, Option E: GS-1 TOU E, Three Phase (Under 2 kV)",2023-10-01 07:00:00+00:00,Commercial,Bundled,3.75,True,True,strong,,
GS-1,Southern California Edison Co,5dbb53085457a30e46dc72bb,5e0fd9175457a39e24fa5c5d,"ME GS-1 TOU B, Three Phase (Under 2 kV)",2020-01-01 07:00:00+00:00,Commercial,Bundled,652ee9174154d1b3ba095a6f,652ee9174154d1b3ba095a6f,"TOU General Service, Non Demand, Option E: GS-1 TOU E, Single Phase (2 kV-50kV)",2023-10-01 07:00:00+00:00,Commercial,Bundled,3.75,True,True,strong,,
GS-1,Southern California Edison Co,5dbb53085457a30e46dc72bb,5e0fd9175457a39e24fa5c5d,"ME GS-1 TOU B, Three Phase (Under 2 kV)",2020-01-01 07:00:00+00:00,Commercial,Bundled,652ee99ca11be1be82060daf,652ee99ca11be1be82060daf,"TOU General Service, Non Demand, Option E: GS-1 TOU E, Three Phase (2 kV-50kV)",2023-10-01 07:00:00+00:00,Commercial,Bundled,3.75,True,True,strong,,
GS-1,Southern California Edison Co,5dbb53085457a30e46dc72bb,5e0fd9175457a39e24fa5c5d,"ME GS-1 TOU B, Three Phase (Under 2 kV)",2020-01-01 07:00:00+00:00,Commercial,Bundled,652f1ea5cb43e728cc0155ce,652f1ea5cb43e728cc0155ce,"TOU General Service, Non Demand, Option E: GS-1 TOU E, Single Phase (50kV-220kV)",2023-10-01 07:00:00+00:00,Commercial,Bundled,3.75,True,True,strong,,
GS-1,Southern California Edison Co,5dbb53085457a30e46dc72bb,5e0fd9175457a39e24fa5c5d,"ME GS-1 TOU B, Three Phase (Under 2 kV)",2020-01-01 07:00:00+00:00,Commercial,Bundled,652f1f108e4fb93294052fcf,652f1f108e4fb93294052fcf,"TOU General Service, Non Demand, Option E: GS-1 TOU E, Three Phase (50kV-220kV)",2023-10-01 07:00:00+00:00,Commercial,Bundled,3.75,True,True,strong,,
GS-1,Southern California Edison Co,5dbb53085457a30e46dc72bb,5e0fd9175457a39e24fa5c5d,"ME GS-1 TOU B, Three Phase (Under 2 kV)",2020-01-01 07:00:00+00:00,Commercial,Bundled,652f1f36b2e5059d2c0aa150,652f1f36b2e5059d2c0aa150,"TOU General Service, Non Demand, Option E: GS-1 TOU E, Single Phase (At 220kV)",2023-10-01 07:00:00+00:00,Commercial,Bundled,3.75,True,True,strong,,
GS-1,Southern California Edison Co,5dbb53085457a30e46dc72bb,5e0fd9175457a39e24fa5c5d,"ME GS-1 TOU B, Three Phase (Under 2 kV)",2020-01-01 07:00:00+00:00,Commercial,Bundled,652f1f7d6a33f57d380f800e,652f1f7d6a33f57d380f800e,"TOU General Service, Non Demand, Option E: GS-1 TOU E, Three Phase (At 220kV)",2023-10-01 07:00:00+00:00,Commercial,Bundled,3.75,True,True,strong,,
GS-1,Southern California Edison Co,5dbb53085457a30e46dc72bb,5e0fd9175457a39e24fa5c5d,"ME GS-1 TOU B, Three Phase (Under 2 kV)",2020-01-01 07:00:00+00:00,Commercial,Bundled,652f25f2a11be1be82060db2,652f25f2a11be1be82060db2,"Time of Use, General Service, Demand Metered, Option D: GS-1 TOU D, Single Phase (Under 2 kV)",2023-10-01 07:00:00+00:00,Commercial,Bundled,3.75,True,True,strong,,
GS-1,Southern California Edison Co,5dbb53085457a30e46dc72bb,5e0fd9175457a39e24fa5c5d,"ME GS-1 TOU B, Three Phase (Under 2 kV)",2020-01-01 07:00:00+00:00,Commercial,Bundled,652f274fcb43e728cc0155cf,652f274fcb43e728cc0155cf,"Time of Use, General Service, Demand Metered, Option D: GS-1 TOU D, Three Phase (Under 2 kV)",2023-10-01 07:00:00+00:00,Commercial,Bundled,3.75,True,True,strong,,
GS-1,Southern California Edison Co,5dbb53085457a30e46dc72bb,5e0fd9175457a39e24fa5c5d,"ME GS-1 TOU B, Three Phase (Under 2 kV)",2020-01-01 07:00:00+00:00,Commercial,Bundled,652f27f14154d1b3ba095a72,652f27f14154d1b3ba095a72,"Time of Use, General Service, Demand Metered, Option D: GS-1 TOU D, Single Phase (2 kV - 50kV)",2023-10-01 07:00:00+00:00,Commercial,Bundled,3.75,True,True,strong,,
GS-1,Southern California Edison Co,5dbb53085457a30e46dc72bb,5e0fd9175457a39e24fa5c5d,"ME GS-1 TOU B, Three Phase (Under 2 kV)",2020-01-01 07:00:00+00:00,Commercial,Bundled,652f2865fee6dee2fe074701,652f2865fee6dee2fe074701,"Time of Use, General Service, Demand Metered, Option D: GS-1 TOU D, Three Phase (2 kV - 50kV)",2023-10-01 07:00:00+00:00,Commercial,Bundled,3.75,True,True,strong,,
GS-1,Southern California Edison Co,5dbb53085457a30e46dc72bb,5e0fd9175457a39e24fa5c5d,"ME GS-1 TOU B, Three Phase (Under 2 kV)",2020-01-01 07:00:00+00:00,Commercial,Bundled,652f2a4a8e4fb93294052fd0,652f2a4a8e4fb93294052fd0,"Time of Use, General Service, Demand Metered, Option D: GS-1 TOU D, Single Phase (50kV-220kV)",2023-10-01 07:00:00+00:00,Commercial,Bundled,3.75,True,True,strong,,
GS-1,Southern California Edison Co,5dbb53085457a30e46dc72bb,5e0fd9175457a39e24fa5c5d,"ME GS-1 TOU B, Three Phase (Under 2 kV)",2020-01-01 07:00:00+00:00,Commercial,Bundled,652f2abc6a33f57d380f800f,652f2abc6a33f57d380f800f,"Time of Use, General Service, Demand Metered, Option D: GS-1 TOU D, Three Phase (50kV-220kV)",2023-10-01 07:00:00+00:00,Commercial,Bundled,3.75,True,True,strong,,
GS-1,Southern California Edison Co,5dbb53085457a30e46dc72bb,5e0fd9175457a39e24fa5c5d,"ME GS-1 TOU B, Three Phase (Under 2 kV)",2020-01-01 07:00:00+00:00,Commercial,Bundled,652f2afc6a33f57d380f8010,652f2afc6a33f57d380f8010,"Time of Use, General Service, Demand Metered, Option D: GS-1 TOU D, Single Phase (At 220kV)",2023-10-01 07:00:00+00:00,Commercial,Bundled,3.75,True,True,strong,,
GS-1,Southern California Edison Co,5dbb53085457a30e46dc72bb,5e0fd9175457a39e24fa5c5d,"ME GS-1 TOU B, Three Phase (Under 2 kV)",2020-01-01 07:00:00+00:00,Commercial,Bundled,652f2b5e297b3d7e30057930,652f2b5e297b3d7e30057930,"Time of Use, General Service, Demand Metered, Option D: GS-1 TOU D, Three Phase (At 220kV)",2023-10-01 07:00:00+00:00,Commercial,Bundled,3.75,True,True,strong,,
GS-1,Southern California Edison Co,5df016d95457a3ab783fb277,5e0fd85a5457a3c949fa5c5d,ME- GS-1 TOU A,2020-01-01 07:00:00+00:00,Commercial,Bundled,652ee687b2e5059d2c0aa14d,652ee687b2e5059d2c0aa14d,"TOU General Service, Non Demand, Option E: GS-1 TOU E, Single Phase (Under 2 kV)",2023-10-01 07:00:00+00:00,Commercial,Bundled,3.75,True,True,strong,,
GS-1,Southern California Edison Co,5df016d95457a3ab783fb277,5e0fd85a5457a3c949fa5c5d,ME- GS-1 TOU A,2020-01-01 07:00:00+00:00,Commercial,Bundled,652ee871a11be1be82060dae,652ee871a11be1be82060dae,"TOU General Service, Non Demand, Option E: GS-1 TOU E, Three Phase (Under 2 kV)",2023-10-01 07:00:00+00:00,Commercial,Bundled,3.75,True,True,strong,,
GS-1,Southern California Edison Co,5df016d95457a3ab783fb277,5e0fd85a5457a3c949fa5c5d,ME- GS-1 TOU A,2020-01-01 07:00:00+00:00,Commercial,Bundled,652ee9174154d1b3ba095a6f,652ee9174154d1b3ba095a6f,"TOU General Service, Non Demand, Option E: GS-1 TOU E, Single Phase (2 kV-50kV)",2023-10-01 07:00:00+00:00,Commercial,Bundled,3.75,True,True,strong,,
GS-1,Southern California Edison Co,5df016d95457a3ab783fb277,5e0fd85a5457a3c949fa5c5d,ME- GS-1 TOU A,2020-01-01 07:00:00+00:00,Commercial,Bundled,652ee99ca11be1be82060daf,652ee99ca11be1be82060daf,"TOU General Service, Non Demand, Option E: GS-1 TOU E, Three Phase (2 kV-50kV)",2023-10-01 07:00:00+00:00,Commercial,Bundled,3.75,True,True,strong,,
GS-1,Southern California Edison Co,5df016d95457a3ab783fb277,5e0fd85a5457a3c949fa5c5d,ME- GS-1 TOU A,2020-01-01 07:00:00+00:00,Commercial,Bundled,652f1ea5cb43e728cc0155ce,652f1ea5cb43e728cc0155ce,"TOU General Service, Non Demand, Option E: GS-1 TOU E, Single Phase (50kV-220kV)",2023-10-01 07:00:00+00:00,Commercial,Bundled,3.75,True,True,strong,,
GS-1,Southern California Edison Co,5df016d95457a3ab783fb277,5e0fd85a5457a3c949fa5c5d,ME- GS-1 TOU A,2020-01-01 07:00:00+00:00,Commercial,Bundled,652f1f108e4fb93294052fcf,652f1f108e4fb93294052fcf,"TOU General Service, Non Demand, Option E: GS-1 TOU E, Three Phase (50kV-220kV)",2023-10-01 07:00:00+00:00,Commercial,Bundled,3.75,True,True,strong,,
GS-1,Southern California Edison Co,5df016d95457a3ab783fb277,5e0fd85a5457a3c949fa5c5d,ME- GS-1 TOU A,2020-01-01 07:00:00+00:00,Commercial,Bundled,652f1f36b2e5059d2c0aa150,652f1f36b2e5059d2c0aa150,"TOU General Service, Non Demand, Option E: GS-1 TOU E, Single Phase (At 220kV)",2023-10-01 07:00:00+00:00,Commercial,Bundled,3.75,True,True,strong,,
GS-1,Southern California Edison Co,5df016d95457a3ab783fb277,5e0fd85a5457a3c949fa5c5d,ME- GS-1 TOU A,2020-01-01 07:00:00+00:00,Commercial,Bundled,652f1f7d6a33f57d380f800e,652f1f7d6a33f57d380f800e,"TOU General Service, Non Demand, Option E: GS-1 TOU E, Three Phase (At 220kV)",2023-10-01 07:00:00+00:00,Commercial,Bundled,3.75,True,True,strong,,
GS-1,Southern California Edison Co,5df016d95457a3ab783fb277,5e0fd85a5457a3c949fa5c5d,ME- GS-1 TOU A,2020-01-01 07:00:00+00:00,Commercial,Bundled,652f25f2a11be1be82060db2,652f25f2a11be1be82060db2,"Time of Use, General Service, Demand Metered, Option D: GS-1 TOU D, Single Phase (Under 2 kV)",2023-10-01 07:00:00+00:00,Commercial,Bundled,3.75,True,True,strong,,
GS-1,Southern California Edison Co,5df016d95457a3ab783fb277,5e0fd85a5457a3c949fa5c5d,ME- GS-1 TOU A,2020-01-01 07:00:00+00:00,Commercial,Bundled,652f274fcb43e728cc0155cf,652f274fcb43e728cc0155cf,"Time of Use, General Service, Demand Metered, Option D: GS-1 TOU D, Three Phase (Under 2 kV)",2023-10-01 07:00:00+00:00,Commercial,Bundled,3.75,True,True,strong,,
GS-1,Southern California Edison Co,5df016d95457a3ab783fb277,5e0fd85a5457a3c949fa5c5d,ME- GS-1 TOU A,2020-01-01 07:00:00+00:00,Commercial,Bundled,652f27f14154d1b3ba095a72,652f27f14154d1b3ba095a72,"Time of Use, General Service, Demand Metered, Option D: GS-1 TOU D, Single Phase (2 kV - 50kV)",2023-10-01 07:00:00+00:00,Commercial,Bundled,3.75,True,True,strong,,
GS-1,Southern California Edison Co,5df016d95457a3ab783fb277,5e0fd85a5457a3c949fa5c5d,ME- GS-1 TOU A,2020-01-01 07:00:00+00:00,Commercial,Bundled,652f2865fee6dee2fe074701,652f2865fee6dee2fe074701,"Time of Use, General Service, Demand Metered, Option D: GS-1 TOU D, Three Phase (2 kV - 50kV)",2023-10-01 07:00:00+00:00,Commercial,Bundled,3.75,True,True,strong,,
GS-1,Southern California Edison Co,5df016d95457a3ab783fb277,5e0fd85a5457a3c949fa5c5d,ME- GS-1 TOU A,2020-01-01 07:00:00+00:00,Commercial,Bundled,652f2a4a8e4fb93294052fd0,652f2a4a8e4fb93294052fd0,"Time of Use, General Service, Demand Metered, Option D: GS-1 TOU D, Single Phase (50kV-220kV)",2023-10-01 07:00:00+00:00,Commercial,Bundled,3.75,True,True,strong,,
GS-1,Southern California Edison Co,5df016d95457a3ab783fb277,5e0fd85a5457a3c949fa5c5d,ME- GS-1 TOU A,2020-01-01 07:00:00+00:00,Commercial,Bundled,652f2abc6a33f57d380f800f,652f2abc6a33f57d380f800f,"Time of Use, General Service, Demand Metered, Option D: GS-1 TOU D, Three Phase (50kV-220kV)",2023-10-01 07:00:00+00:00,Commercial,Bundled,3.75,True,True,strong,,
GS-1,Southern California Edison Co,5df016d95457a3ab783fb277,5e0fd85a5457a3c949fa5c5d,ME- GS-1 TOU A,2020-01-01 07:00:00+00:00,Commercial,Bundled,652f2afc6a33f57d380f8010,652f2afc6a33f57d380f8010,"Time of Use, General Service, Demand Metered, Option D: GS-1 TOU D, Single Phase (At 220kV)",2023-10-01 07:00:00+00:00,Commercial,Bundled,3.75,True,True,strong,,
GS-1,Southern California Edison Co,5df016d95457a3ab783fb277,5e0fd85a5457a3c949fa5c5d,ME- GS-1 TOU A,2020-01-01 07:00:00+00:00,Commercial,Bundled,652f2b5e297b3d7e30057930,652f2b5e297b3d7e30057930,"Time of Use, General Service, Demand Metered, Option D: GS-1 TOU D, Three Phase (At 220kV)",2023-10-01 07:00:00+00:00,Commercial,Bundled,3.75,True,True,strong,,
GS-1,Southern California Edison Co,5df047f45457a332513fb27a,5e0fd7b65457a3074afa5c5d,ME- GS-1 TOU C,2020-01-01 07:00:00+00:00,Commercial,Bundled,652ee687b2e5059d2c0aa14d,652ee687b2e5059d2c0aa14d,"TOU General Service, Non Demand, Option E: GS-1 TOU E, Single Phase (Under 2 kV)",2023-10-01 07:00:00+00:00,Commercial,Bundled,3.75,True,True,strong,,
GS-1,Southern California Edison Co,5df047f45457a332513fb27a,5e0fd7b65457a3074afa5c5d,ME- GS-1 TOU C,2020-01-01 07:00:00+00:00,Commercial,Bundled,652ee871a11be1be82060dae,652ee871a11be1be82060dae,"TOU General Service, Non Demand, Option E: GS-1 TOU E, Three Phase (Under 2 kV)",2023-10-01 07:00:00+00:00,Commercial,Bundled,3.75,True,True,strong,,
GS-1,Southern California Edison Co,5df047f45457a332513fb27a,5e0fd7b65457a3074afa5c5d,ME- GS-1 TOU C,2020-01-01 07:00:00+00:00,Commercial,Bundled,652ee9174154d1b3ba095a6f,652ee9174154d1b3ba095a6f,"TOU General Service, Non Demand, Option E: GS-1 TOU E, Single Phase (2 kV-50kV)",2023-10-01 07:00:00+00:00,Commercial,Bundled,3.75,True,True,strong,,
GS-1,Southern California Edison Co,5df047f45457a332513fb27a,5e0fd7b65457a3074afa5c5d,ME- GS-1 TOU C,2020-01-01 07:00:00+00:00,Commercial,Bundled,652ee99ca11be1be82060daf,652ee99ca11be1be82060daf,"TOU General Service, Non Demand, Option E: GS-1 TOU E, Three Phase (2 kV-50kV)",2023-10-01 07:00:00+00:00,Commercial,Bundled,3.75,True,True,strong,,
GS-1,Southern California Edison Co,5df047f45457a332513fb27a,5e0fd7b65457a3074afa5c5d,ME- GS-1 TOU C,2020-01-01 07:00:00+00:00,Commercial,Bundled,652f1ea5cb43e728cc0155ce,652f1ea5cb43e728cc0155ce,"TOU General Service, Non Demand, Option E: GS-1 TOU E, Single Phase (50kV-220kV)",2023-10-01 07:00:00+00:00,Commercial,Bundled,3.75,True,True,strong,,
GS-1,Southern California Edison Co,5df047f45457a332513fb27a,5e0fd7b65457a3074afa5c5d,ME- GS-1 TOU C,2020-01-01 07:00:00+00:00,Commercial,Bundled,652f1f108e4fb93294052fcf,652f1f108e4fb93294052fcf,"TOU General Service, Non Demand, Option E: GS-1 TOU E, Three Phase (50kV-220kV)",2023-10-01 07:00:00+00:00,Commercial,Bundled,3.75,True,True,strong,,
GS-1,Southern California Edison Co,5df047f45457a332513fb27a,5e0fd7b65457a3074afa5c5d,ME- GS-1 TOU C,2020-01-01 07:00:00+00:00,Commercial,Bundled,652f1f36b2e5059d2c0aa150,652f1f36b2e5059d2c0aa150,"TOU General Service, Non Demand, Option E: GS-1 TOU E, Single Phase (At 220kV)",2023-10-01 07:00:00+00:00,Commercial,Bundled,3.75,True,True,strong,,
GS-1,Southern California Edison Co,5df047f45457a332513fb27a,5e0fd7b65457a3074afa5c5d,ME- GS-1 TOU C,2020-01-01 07:00:00+00:00,Commercial,Bundled,652f1f7d6a33f57d380f800e,652f1f7d6a33f57d380f800e,"TOU General Service, Non Demand, Option E: GS-1 TOU E, Three Phase (At 220kV)",2023-10-01 07:00:00+00:00,Commercial,Bundled,3.75,True,True,strong,,
GS-1,Southern California Edison Co,5df047f45457a332513fb27a,5e0fd7b65457a3074afa5c5d,ME- GS-1 TOU C,2020-01-01 07:00:00+00:00,Commercial,Bundled,652f25f2a11be1be82060db2,652f25f2a11be1be82060db2,"Time of Use, General Service, Demand Metered, Option D: GS-1 TOU D, Single Phase (Under 2 kV)",2023-10-01 07:00:00+00:00,Commercial,Bundled,3.75,True,True,strong,,
GS-1,Southern California Edison Co,5df047f45457a332513fb27a,5e0fd7b65457a3074afa5c5d,ME- GS-1 TOU C,2020-01-01 07:00:00+00:00,Commercial,Bundled,652f274fcb43e728cc0155cf,652f274fcb43e728cc0155cf,"Time of Use, General Service, Demand Metered, Option D: GS-1 TOU D, Three Phase (Under 2 kV)",2023-10-01 07:00:00+00:00,Commercial,Bundled,3.75,True,True,strong,,
GS-1,Southern California Edison Co,5df047f45457a332513fb27a,5e0fd7b65457a3074afa5c5d,ME- GS-1 TOU C,2020-01-01 07:00:00+00:00,Commercial,Bundled,652f27f14154d1b3ba095a72,652f27f14154d1b3ba095a72,"Time of Use, General Service, Demand Metered, Option D: GS-1 TOU D, Single Phase (2 kV - 50kV)",2023-10-01 07:00:00+00:00,Commercial,Bundled,3.75,True,True,strong,,
GS-1,Southern California Edison Co,5df047f45457a332513fb27a,5e0fd7b65457a3074afa5c5d,ME- GS-1 TOU C,2020-01-01 07:00:00+00:00,Commercial,Bundled,652f2865fee6dee2fe074701,652f2865fee6dee2fe074701,"Time of Use, General Service, Demand Metered, Option D: GS-1 TOU D, Three Phase (2 kV - 50kV)",2023-10-01 07:00:00+00:00,Commercial,Bundled,3.75,True,True,strong,,
GS-1,Southern California Edison Co,5df047f45457a332513fb27a,5e0fd7b65457a3074afa5c5d,ME- GS-1 TOU C,2020-01-01 07:00:00+00:00,Commercial,Bundled,652f2a4a8e4fb93294052fd0,652f2a4a8e4fb93294052fd0,"Time of Use, General Service, Demand Metered, Option D: GS-1 TOU D, Single Phase (50kV-220kV)",2023-10-01 07:00:00+00:00,Commercial,Bundled,3.75,True,True,strong,,
GS-1,Southern California Edison Co,5df047f45457a332513fb27a,5e0fd7b65457a3074afa5c5d,ME- GS-1 TOU C,2020-01-01 07:00:00+00:00,Commercial,Bundled,652f2abc6a33f57d380f800f,652f2abc6a33f57d380f800f,"Time of Use, General Service, Demand Metered, Option D: GS-1 TOU D, Three Phase (50kV-220kV)",2023-10-01 07:00:00+00:00,Commercial,Bundled,3.75,True,True,strong,,
GS-1,Southern California Edison Co,5df047f45457a332513fb27a,5e0fd7b65457a3074afa5c5d,ME- GS-1 TOU C,2020-01-01 07:00:00+00:00,Commercial,Bundled,652f2afc6a33f57d380f8010,652f2afc6a33f57d380f8010,"Time of Use, General Service, Demand Metered, Option D: GS-1 TOU D, Single Phase (At 220kV)",2023-10-01 07:00:00+00:00,Commercial,Bundled,3.75,True,True,strong,,
GS-1,Southern California Edison Co,5df047f45457a332513fb27a,5e0fd7b65457a3074afa5c5d,ME- GS-1 TOU C,2020-01-01 07:00:00+00:00,Commercial,Bundled,652f2b5e297b3d7e30057930,652f2b5e297b3d7e30057930,"Time of Use, General Service, Demand Metered, Option D: GS-1 TOU D, Three Phase (At 220kV)",2023-10-01 07:00:00+00:00,Commercial,Bundled,3.75,True,True,strong,,
GS-1,Southern California Edison Co,5df081605457a38f2a3fb279,5e0fd6855457a39d56fa5c5d,ME- GS-1 TOU E,2020-01-01 07:00:00+00:00,Commercial,Bundled,652ee687b2e5059d2c0aa14d,652ee687b2e5059d2c0aa14d,"TOU General Service, Non Demand, Option E: GS-1 TOU E, Single Phase (Under 2 kV)",2023-10-01 07:00:00+00:00,Commercial,Bundled,3.75,True,True,strong,,
GS-1,Southern California Edison Co,5df081605457a38f2a3fb279,5e0fd6855457a39d56fa5c5d,ME- GS-1 TOU E,2020-01-01 07:00:00+00:00,Commercial,Bundled,652ee871a11be1be82060dae,652ee871a11be1be82060dae,"TOU General Service, Non Demand, Option E: GS-1 TOU E, Three Phase (Under 2 kV)",2023-10-01 07:00:00+00:00,Commercial,Bundled,3.75,True,True,strong,,
GS-1,Southern California Edison Co,5df081605457a38f2a3fb279,5e0fd6855457a39d56fa5c5d,ME- GS-1 TOU E,2020-01-01 07:00:00+00:00,Commercial,Bundled,652ee9174154d1b3ba095a6f,652ee9174154d1b3ba095a6f,"TOU General Service, Non Demand, Option E: GS-1 TOU E, Single Phase (2 kV-50kV)",2023-10-01 07:00:00+00:00,Commercial,Bundled,3.75,True,True,strong,,
GS-1,Southern California Edison Co,5df081605457a38f2a3fb279,5e0fd6855457a39d56fa5c5d,ME- GS-1 TOU E,2020-01-01 07:00:00+00:00,Commercial,Bundled,652ee99ca11be1be82060daf,652ee99ca11be1be82060daf,"TOU General Service, Non Demand, Option E: GS-1 TOU E, Three Phase (2 kV-50kV)",2023-10-01 07:00:00+00:00,Commercial,Bundled,3.75,True,True,strong,,
GS-1,Southern California Edison Co,5df081605457a38f2a3fb279,5e0fd6855457a39d56fa5c5d,ME- GS-1 TOU E,2020-01-01 07:00:00+00:00,Commercial,Bundled,652f1ea5cb43e728cc0155ce,652f1ea5cb43e728cc0155ce,"TOU General Service, Non Demand, Option E: GS-1 TOU E, Single Phase (50kV-220kV)",2023-10-01 07:00:00+00:00,Commercial,Bundled,3.75,True,True,strong,,
GS-1,Southern California Edison Co,5df081605457a38f2a3fb279,5e0fd6855457a39d56fa5c5d,ME- GS-1 TOU E,2020-01-01 07:00:00+00:00,Commercial,Bundled,652f1f108e4fb93294052fcf,652f1f108e4fb93294052fcf,"TOU General Service, Non Demand, Option E: GS-1 TOU E, Three Phase (50kV-220kV)",2023-10-01 07:00:00+00:00,Commercial,Bundled,3.75,True,True,strong,,
GS-1,Southern California Edison Co,5df081605457a38f2a3fb279,5e0fd6855457a39d56fa5c5d,ME- GS-1 TOU E,2020-01-01 07:00:00+00:00,Commercial,Bundled,652f1f36b2e5059d2c0aa150,652f1f36b2e5059d2c0aa150,"TOU General Service, Non Demand, Option E: GS-1 TOU E, Single Phase (At 220kV)",2023-10-01 07:00:00+00:00,Commercial,Bundled,3.75,True,True,strong,,
GS-1,Southern California Edison Co,5df081605457a38f2a3fb279,5e0fd6855457a39d56fa5c5d,ME- GS-1 TOU E,2020-01-01 07:00:00+00:00,Commercial,Bundled,652f1f7d6a33f57d380f800e,652f1f7d6a33f57d380f800e,"TOU General Service, Non Demand, Option E: GS-1 TOU E, Three Phase (At 220kV)",2023-10-01 07:00:00+00:00,Commercial,Bundled,3.75,True,True,strong,,
GS-1,Southern California Edison Co,5df081605457a38f2a3fb279,5e0fd6855457a39d56fa5c5d,ME- GS-1 TOU E,2020-01-01 07:00:00+00:00,Commercial,Bundled,652f25f2a11be1be82060db2,652f25f2a11be1be82060db2,"Time of Use, General Service, Demand Metered, Option D: GS-1 TOU D, Single Phase (Under 2 kV)",2023-10-01 07:00:00+00:00,Commercial,Bundled,3.75,True,True,strong,,
GS-1,Southern California Edison Co,5df081605457a38f2a3fb279,5e0fd6855457a39d56fa5c5d,ME- GS-1 TOU E,2020-01-01 07:00:00+00:00,Commercial,Bundled,652f274fcb43e728cc0155cf,652f274fcb43e728cc0155cf,"Time of Use, General Service, Demand Metered, Option D: GS-1 TOU D, Three Phase (Under 2 kV)",2023-10-01 07:00:00+00:00,Commercial,Bundled,3.75,True,True,strong,,
GS-1,Southern California Edison Co,5df081605457a38f2a3fb279,5e0fd6855457a39d56fa5c5d,ME- GS-1 TOU E,2020-01-01 07:00:00+00:00,Commercial,Bundled,652f27f14154d1b3ba095a72,652f27f14154d1b3ba095a72,"Time of Use, General Service, Demand Metered, Option D: GS-1 TOU D, Single Phase (2 kV - 50kV)",2023-10-01 07:00:00+00:00,Commercial,Bundled,3.75,True,True,strong,,
GS-1,Southern California Edison Co,5df081605457a38f2a3fb279,5e0fd6855457a39d56fa5c5d,ME- GS-1 TOU E,2020-01-01 07:00:00+00:00,Commercial,Bundled,652f2865fee6dee2fe074701,652f2865fee6dee2fe074701,"Time of Use, General Service, Demand Metered, Option D: GS-1 TOU D, Three Phase (2 kV - 50kV)",2023-10-01 07:00:00+00:00,Commercial,Bundled,3.75,True,True,strong,,
GS-1,Southern California Edison Co,5df081605457a38f2a3fb279,5e0fd6855457a39d56fa5c5d,ME- GS-1 TOU E,2020-01-01 07:00:00+00:00,Commercial,Bundled,652f2a4a8e4fb93294052fd0,652f2a4a8e4fb93294052fd0,"Time of Use, General Service, Demand Metered, Option D: GS-1 TOU D, Single Phase (50kV-220kV)",2023-10-01 07:00:00+00:00,Commercial,Bundled,3.75,True,True,strong,,
GS-1,Southern California Edison Co,5df081605457a38f2a3fb279,5e0fd6855457a39d56fa5c5d,ME- GS-1 TOU E,2020-01-01 07:00:00+00:00,Commercial,Bundled,652f2abc6a33f57d380f800f,652f2abc6a33f57d380f800f,"Time of Use, General Service, Demand Metered, Option D: GS-1 TOU D, Three Phase (50kV-220kV)",2023-10-01 07:00:00+00:00,Commercial,Bundled,3.75,True,True,strong,,
GS-1,Southern California Edison Co,5df081605457a38f2a3fb279,5e0fd6855457a39d56fa5c5d,ME- GS-1 TOU E,2020-01-01 07:00:00+00:00,Commercial,Bundled,652f2afc6a33f57d380f8010,652f2afc6a33f57d380f8010,"Time of Use, General Service, Demand Metered, Option D: GS-1 TOU D, Single Phase (At 220kV)",2023-10-01 07:00:00+00:00,Commercial,Bundled,3.75,True,True,strong,,
GS-1,Southern California Edison Co,5df081605457a38f2a3fb279,5e0fd6855457a39d56fa5c5d,ME- GS-1 TOU E,2020-01-01 07:00:00+00:00,Commercial,Bundled,652f2b5e297b3d7e30057930,652f2b5e297b3d7e30057930,"Time of Use, General Service, Demand Metered, Option D: GS-1 TOU D, Three Phase (At 220kV)",2023-10-01 07:00:00+00:00,Commercial,Bundled,3.75,True,True,strong,,
