family_id,family_display_name,family_utility_name,current_label,current_name,current_startdate,earliest_available_startdate,baseline_label,baseline_name,baseline_startdate,name_changed_over_window,actual_years_spanned,blended_energy_rate_cagr_10yr,blended_energy_rate_cagr_10yr_needs_review,years_of_available_history,status,reason
539f6a0bec4f024411ec8b47,"Time-of-use - General Service - Demand Metered: TOU-GS-3, Option R (2kV to 50kV)",Southern California Edison Co,539f6a0bec4f024411ec8b47,"Time-of-use - General Service - Demand Metered: TOU-GS-3, Option R (2kV to 50kV)",2014-01-01 08:00:00+00:00,2014-01-01 08:00:00+00:00,,,,,,,False,0.0,excluded,only 0.0 years of history in the source data (need 10) — the earlier version this would compare against either doesn't exist yet or its supersedes chain doesn't reach back that far in this dataset
539f6a24ec4f024411ec8c0b,Schedule NM Flat Rate Service-0 - 200 watts(Summer),Turlock Irrigation District,5b4f73f55457a33d24c6d675,Schedule NM Flat Rate Service-0 - 200 watts(Summer),2015-01-01 08:00:00+00:00,2009-02-01 13:00:00+00:00,,,,,,,False,5.9110198494182065,excluded,only 5.9 years of history in the source data (need 10) — the earlier version this would compare against either doesn't exist yet or its supersedes chain doesn't reach back that far in this dataset
539f6a7fec4f024411ec9049,A Primary (CLOSED Rate),San Diego Gas & Electric Co,5878fdcc5457a34c6adda4d6,A Primary (CLOSED Rate),2017-01-01 07:00:00+00:00,2014-01-01 13:00:00+00:00,,,,,,,False,2.9979466119096507,excluded,only 3.0 years of history in the source data (need 10) — the earlier version this would compare against either doesn't exist yet or its supersedes chain doesn't reach back that far in this dataset
539f6a8eec4f024411ec912f,"Time-Of-Use Agricultural and Pumping - Large: TOU-PA-3, Option E (2kV-50kV)",Southern California Edison Co,6757449af750fb7a31058c6e,"Time-Of-Use Agricultural and Pumping - Large: TOU-PA-3, Option E (2kV-50kV)",2024-10-01 06:00:00+00:00,2014-01-01 08:00:00+00:00,539f6a8eec4f024411ec912f,"Time-Of-Use Agricultural and Pumping - Large: TOU-PA-3, Option A (2kV-50kV)",2014-01-01 08:00:00+00:00,True,10.746064339493497,0.07705977986532409,False,10.746064339493497,included,ok
539f6a8fec4f024411ec9173,"Time-of-use - General Service - Demand Metered: TOU-GS-3, Option R (At 220kV)",Southern California Edison Co,675099c18eb34159210ca42f,"Time-of-use - General Service - Demand Metered: TOU-GS-3, Option R (At 220kV)",2024-10-01 06:00:00+00:00,2014-01-01 13:00:00+00:00,539f6a8fec4f024411ec9173,"Time-of-use - General Service - Demand Metered: TOU-GS-3, Option R (at 220kV)",2014-01-01 13:00:00+00:00,True,10.746064339493497,0.11606144125427065,False,10.746064339493497,included,ok
539f6a9eec4f024411ec9215,Schedule FO Farm Service - Irrigation Pumping (on Season),Turlock Irrigation District,539f6a9eec4f024411ec9215,Schedule FO Farm Service - Irrigation Pumping (on Season),2009-02-01 13:00:00+00:00,2009-02-01 13:00:00+00:00,,,,,,,False,0.0,excluded,only 0.0 years of history in the source data (need 10) — the earlier version this would compare against either doesn't exist yet or its supersedes chain doesn't reach back that far in this dataset
539f6adbec4f024411ec954f,General Service Time-of-use Electric Vehicle Charging - Demand Metered:TOU-EV-4 (2kV - 50 kV),Southern California Edison Co,539f6adbec4f024411ec954f,General Service Time-of-use Electric Vehicle Charging - Demand Metered:TOU-EV-4 (2kV - 50 kV),2014-01-01 13:00:00+00:00,2014-01-01 13:00:00+00:00,,,,,,,False,0.0,excluded,only 0.0 years of history in the source data (need 10) — the earlier version this would compare against either doesn't exist yet or its supersedes chain doesn't reach back that far in this dataset
539f6aeaec4f024411ec9613,"Time of Use, General Service, Demand Metered, Option B: GS-2 TOU B, Three Phase (At 220kV)",Southern California Edison Co,675350e0043c8610d60b0fe9,"Time of Use, General Service, Demand Metered, Option B: GS-2 TOU B, Three Phase (At 220kV)",2024-10-01 06:00:00+00:00,2014-01-29 13:00:00+00:00,539f6aeaec4f024411ec9613,"Time of Use, General Service, Demand Metered, Option B: GS-2 TOU B, Three Phase (At 220kV)",2014-01-29 13:00:00+00:00,False,10.669404517453799,0.05586123612860883,False,10.669404517453799,included,ok
539f6b07ec4f024411ec9745,Schedule FL Flat Rate Service-In Excess of 50% Load Factor 201 - 400 Watt,Modesto Irrigation District,5b28327c5457a34f77e5d862,Schedule FL Flat Rate Service-In Excess of 50% Load Factor 201 - 400 Watt,2017-09-01 07:00:00+00:00,2013-04-01 13:00:00+00:00,,,,,,,False,4.41615331964408,excluded,only 4.4 years of history in the source data (need 10) — the earlier version this would compare against either doesn't exist yet or its supersedes chain doesn't reach back that far in this dataset
539f6b07ec4f024411ec979d,"Time-Of-Use Agricultural and Pumping-Small to Medium: TOU-PA-2, Option CPP (50kV-220kV)",Southern California Edison Co,56be19b65457a32e338b4569,"Time-Of-Use Agricultural and Pumping-Small to Medium: TOU-PA-2, Option CPP (50kV-220kV)",2016-01-01 07:00:00+00:00,2014-01-01 13:00:00+00:00,,,,,,,False,1.995893223819302,excluded,only 2.0 years of history in the source data (need 10) — the earlier version this would compare against either doesn't exist yet or its supersedes chain doesn't reach back that far in this dataset
539f6b08ec4f024411ec97cd,Schedule FO Farm Service - Irrigation Pumping(off Season),Turlock Irrigation District,539f6b08ec4f024411ec97cd,Schedule FO Farm Service - Irrigation Pumping(off Season),2009-02-01 13:00:00+00:00,2009-02-01 13:00:00+00:00,,,,,,,False,0.0,excluded,only 0.0 years of history in the source data (need 10) — the earlier version this would compare against either doesn't exist yet or its supersedes chain doesn't reach back that far in this dataset
539f6b25ec4f024411ec98e7,"Time of Use, General Service, Demand Metered, Option B: GS-2 TOU B, Three Phase (2kV - 50kV)",Southern California Edison Co,675350b9043c8610d60b0fe8,"Time of Use, General Service, Demand Metered, Option B: GS-2 TOU B, Three Phase (2kV - 50kV)",2024-10-01 06:00:00+00:00,2014-01-29 08:00:00+00:00,539f6b25ec4f024411ec98e7,"Time of Use, General Service, Demand Metered, Option B: GS-2 TOU B, Three Phase (2kv - 50kV)",2014-01-29 08:00:00+00:00,True,10.669404517453799,0.04507486042612263,False,10.669404517453799,included,ok
539f6b25ec4f024411ec98f5,A-1 Small General Service TOU (Poly-Phase),Pacific Gas & Electric Co,69de8841406310365e0f080e,A-1 Small General Service TOU (Poly-Phase),2026-03-27 07:00:00+00:00,2014-01-01 13:00:00+00:00,574cbfc15457a3874b5e62a0,A-1 Small General Service TOU (Poly-Phase),2016-03-24 07:00:00+00:00,False,10.00684462696783,0.0640363450640713,False,12.229979466119097,included,ok
539f6b34ec4f024411ec9995,"Schedule XT Very Large Industrial Service - Demand Metered 3,000 to 6,999 kW, Time-Of-Use",Turlock Irrigation District,5b4d1d5d5457a34c11c6d678,"Schedule XT Very Large Industrial Service - Demand Metered 3,000 to 6,999 kW, Time-Of-Use",2015-01-01 08:00:00+00:00,2009-02-01 13:00:00+00:00,,,,,,,False,5.9110198494182065,excluded,only 5.9 years of history in the source data (need 10) — the earlier version this would compare against either doesn't exist yet or its supersedes chain doesn't reach back that far in this dataset
539f6b43ec4f024411ec9a7d,Schedule FL Flat Rate Service-In Excess of 50% Load Factor 0 - 200 Watt,Modesto Irrigation District,539f6b43ec4f024411ec9a7d,Schedule FL Flat Rate Service-In Excess of 50% Load Factor 0 - 200 Watt,2013-04-01 13:00:00+00:00,2013-04-01 13:00:00+00:00,,,,,,,False,0.0,excluded,only 0.0 years of history in the source data (need 10) — the earlier version this would compare against either doesn't exist yet or its supersedes chain doesn't reach back that far in this dataset
539f6b52ec4f024411ec9af5,GS-1 TOU A General Service Non-Demand Single Phase (2kV - 50 kV),Southern California Edison Co,6527327a7e3ca47f670ea041,GS-1 TOU A General Service Non-Demand Single Phase (2kV - 50 kV),2023-10-01 07:00:00+00:00,2013-05-16 07:00:00+00:00,539f6b52ec4f024411ec9af5,GS-1 General Service Non-Demand Single Phase 2kV to 50 kV Discount,2013-05-16 07:00:00+00:00,True,10.376454483230663,0.061023405264757136,False,10.376454483230663,included,ok
539f6b62ec4f024411ec9c19,"General Service - Demand: GS-2, Single Phase Service(50kV - 220 kV)",Southern California Edison Co,539f6b62ec4f024411ec9c19,"General Service - Demand: GS-2, Single Phase Service(50kV - 220 kV)",2014-01-29 13:00:00+00:00,2014-01-29 13:00:00+00:00,,,,,,,False,0.0,excluded,only 0.0 years of history in the source data (need 10) — the earlier version this would compare against either doesn't exist yet or its supersedes chain doesn't reach back that far in this dataset
539f6b72ec4f024411ec9ca5,"Time of Use, General Service, Demand Metered, Critical Peak Option: TOU-GS-2 CPP, Single Phase (Under 2kV)",Southern California Edison Co,56b927935457a3030348d235,"Time of Use, General Service, Demand Metered, Critical Peak Option: TOU-GS-2 CPP, Single Phase (Under 2kV)",2016-01-01 07:00:00+00:00,2014-01-01 13:00:00+00:00,,,,,,,False,1.995893223819302,excluded,only 2.0 years of history in the source data (need 10) — the earlier version this would compare against either doesn't exist yet or its supersedes chain doesn't reach back that far in this dataset
539f6b91ec4f024411ec9e93,General Service Time-of-use Electric Vehicle Charging - Demand Metered:TOU-EV-4 (50kV - 220 kV) - Closed Rate,Southern California Edison Co,5c817fcf7bece2299eceb39b,General Service Time-of-use Electric Vehicle Charging - Demand Metered:TOU-EV-4 (50kV - 220 kV) - Closed Rate,2018-10-01 07:00:00+00:00,2014-01-01 13:00:00+00:00,,,,,,,False,4.744695414099931,excluded,only 4.7 years of history in the source data (need 10) — the earlier version this would compare against either doesn't exist yet or its supersedes chain doesn't reach back that far in this dataset
539f6ba0ec4f024411ec9f61,Schedule FL Flat Rate Service-Not Exceeding 50% Load Factor 1801 - 2000 Watt,Modesto Irrigation District,5b2930fb5457a3083fe5d862,Schedule FL Flat Rate Service-Not Exceeding 50% Load Factor 1801 - 2000 Watt,2017-09-01 07:00:00+00:00,2013-04-01 13:00:00+00:00,,,,,,,False,4.41615331964408,excluded,only 4.4 years of history in the source data (need 10) — the earlier version this would compare against either doesn't exist yet or its supersedes chain doesn't reach back that far in this dataset
539f6bceec4f024411eca197,"Time-Of-Use Agricultural and Pumping - Large: TOU-PA-3, Option E (at 220kV)",Southern California Edison Co,675744a5f750fb7a31058c6f,"Time-Of-Use Agricultural and Pumping - Large: TOU-PA-3, Option E (at 220kV)",2024-10-01 06:00:00+00:00,2014-01-01 08:00:00+00:00,539f6bceec4f024411eca197,"Time-Of-Use Agricultural and Pumping - Large: TOU-PA-3, Option A (at 220kV)",2014-01-01 08:00:00+00:00,True,10.746064339493497,0.07705977986532409,False,10.746064339493497,included,ok
539f6c1aec4f024411eca511,"Time of Use, General Service, Demand Metered, Critical Peak Option: TOU-GS-2 CPP, Three Phase (50kV - 220kV)",Southern California Edison Co,56b924a65457a3d41f48d234,"Time of Use, General Service, Demand Metered, Critical Peak Option: TOU-GS-2 CPP, Three Phase (50kV - 220kV)",2016-01-01 07:00:00+00:00,2014-01-01 13:00:00+00:00,,,,,,,False,1.995893223819302,excluded,only 2.0 years of history in the source data (need 10) — the earlier version this would compare against either doesn't exist yet or its supersedes chain doesn't reach back that far in this dataset
539f6c1bec4f024411eca5cf,Power-Agricultural and Pumping Demand Metered: PA-2 (Under 2kV),Southern California Edison Co,67572f3dc33fc66a3504cc8c,Power-Agricultural and Pumping Demand Metered: PA-2 (Under 2kV),2024-10-01 06:00:00+00:00,2014-01-01 08:00:00+00:00,539f6c1bec4f024411eca5cf,Power-Agricultural and Pumping Demand Metered: PA-2 (Under 2kV),2014-01-01 08:00:00+00:00,False,10.746064339493497,0.055002100198246584,False,10.746064339493497,included,ok
539f6c39ec4f024411eca6a5,"Time of Use, General Service, Demand Metered, Option R: GS-2 TOU R - Three phase (2kV - 50kV)",Southern California Edison Co,539f6c39ec4f024411eca6a5,"Time of Use, General Service, Demand Metered, Option R: GS-2 TOU R - Three phase (2kV - 50kV)",2014-01-01 13:00:00+00:00,2014-01-01 13:00:00+00:00,,,,,,,False,0.0,excluded,only 0.0 years of history in the source data (need 10) — the earlier version this would compare against either doesn't exist yet or its supersedes chain doesn't reach back that far in this dataset
539f6c48ec4f024411eca787,CI-TOD4: Commercial and Industrial TOD Subtransmission (1000+ kW),Sacramento Municipal Utility District,68c0cbf86f4f7d79f9018dbc,CI-TOD4: Commercial and Industrial TOD Subtransmission (1000+ kW),2025-05-01 07:00:00+00:00,2014-01-01 13:00:00+00:00,557af9fc5457a35b328ba378,Large General Service Time of Use - GS-TOU1 (GUT_L),2015-04-10 07:00:00+00:00,True,10.05886379192334,0.028667011421238175,False,11.326488706365502,included,ok
539f6c98ec4f024411ecabe3,"Time-Of-Use - General Service - Large: TOU-8, Option B (2 kV - 50kV)",Southern California Edison Co,674f36c0d1b9875c3d07cd2a,"Time-Of-Use - General Service - Large: TOU-8, Option B (2 kV - 50kV)",2024-10-01 06:00:00+00:00,2014-01-01 13:00:00+00:00,539f6c98ec4f024411ecabe3,"Time-Of-Use - General Service - Large: TOU-8, Option B (2 kV - 50kV)",2014-01-01 13:00:00+00:00,False,10.746064339493497,0.037289553689635824,False,10.746064339493497,included,ok
539f6ca7ec4f024411ecac31,"E-19 Medium General Demand TOU (Primary, Voluntary)",Pacific Gas & Electric Co,69de7ec381bf8b311c0576ae,"E-19 Medium General Demand TOU (Primary, Voluntary)",2026-03-27 07:00:00+00:00,2014-01-01 13:00:00+00:00,574dba4a5457a3de795e629e,"E-19 Medium General Demand TOU (Primary, Voluntary)",2016-03-24 07:00:00+00:00,False,10.00684462696783,0.02601316595619685,False,12.229979466119097,included,ok
539f6ceaec4f024411ecaf57,Schedule NM Flat Rate Service-801 - 1200 watts(Summer) (Westside Zone),Turlock Irrigation District,5b4f96505457a38f21c6d675,Schedule NM Flat Rate Service-801 - 1200 watts(Summer) (Westside Zone),2015-01-01 08:00:00+00:00,2009-02-01 13:00:00+00:00,,,,,,,False,5.9110198494182065,excluded,only 5.9 years of history in the source data (need 10) — the earlier version this would compare against either doesn't exist yet or its supersedes chain doesn't reach back that far in this dataset
539f6cfaec4f024411ecb0a5,Schedule IT Small Industrial Service - Time-Of-Use 35 to 499 kW,Turlock Irrigation District,5b4d09295457a3ca09c6d674,Schedule IT Small Industrial Service - Time-Of-Use 35 to 499 kW,2015-01-01 08:00:00+00:00,2009-02-01 13:00:00+00:00,,,,,,,False,5.9110198494182065,excluded,only 5.9 years of history in the source data (need 10) — the earlier version this would compare against either doesn't exist yet or its supersedes chain doesn't reach back that far in this dataset
539f6d0aec4f024411ecb11d,E-20 Maximum demand of (1000 KW or more) (Secondary),Pacific Gas & Electric Co,69de817e6a1594eddb0e414d,E-20 Maximum demand of (1000 KW or more) (Secondary),2026-03-27 07:00:00+00:00,2014-01-01 08:00:00+00:00,574dbcac5457a3d3795e629f,E-20 Maximum demand of (1000 KW or more) (Secondary),2016-03-24 07:00:00+00:00,False,10.00684462696783,0.027294939432763066,False,12.229979466119097,included,ok
539f6d1bec4f024411ecb18b,"Time-Of-Use Agricultural and Pumping - Large: TOU-PA-3, Option E (under 2kV)",Southern California Edison Co,67574494cb9c1c6121067aaa,"Time-Of-Use Agricultural and Pumping - Large: TOU-PA-3, Option E (under 2kV)",2024-10-01 06:00:00+00:00,2014-01-01 08:00:00+00:00,539f6d1bec4f024411ecb18b,"Time-Of-Use Agricultural and Pumping - Large: TOU-PA-3, Option A (under 2kV)",2014-01-01 08:00:00+00:00,True,10.746064339493497,0.07705977986532409,False,10.746064339493497,included,ok
539f6d3cec4f024411ecb3a9,Schedule FL Flat Rate Service-In Excess of 50% Load Factor 1801 - 2000 Watt,Modesto Irrigation District,5b2835735457a35e53e5d862,Schedule FL Flat Rate Service-In Excess of 50% Load Factor 1801 - 2000 Watt,2017-09-01 07:00:00+00:00,2013-04-01 13:00:00+00:00,,,,,,,False,4.41615331964408,excluded,only 4.4 years of history in the source data (need 10) — the earlier version this would compare against either doesn't exist yet or its supersedes chain doesn't reach back that far in this dataset
539f6d6eec4f024411ecb613,"Time-Of-Use Agricultural and Pumping-Small to Medium: TOU-PA-2, Option CPP-Lite (at 220kV)",Southern California Edison Co,56be1bca5457a3af1e8b4569,"Time-Of-Use Agricultural and Pumping-Small to Medium: TOU-PA-2, Option CPP-Lite (at 220kV)",2016-01-01 07:00:00+00:00,2014-01-01 13:00:00+00:00,,,,,,,False,1.995893223819302,excluded,only 2.0 years of history in the source data (need 10) — the earlier version this would compare against either doesn't exist yet or its supersedes chain doesn't reach back that far in this dataset
539f6d8bec4f024411ecb72b,"Time of Use, General Service, Demand Metered, Option B: GS-2 TOU B, Single Phase (50kV - 220kV)",Southern California Edison Co,675321267850a3ccad055aae,"Time of Use, General Service, Demand Metered, Option B: GS-2 TOU B, Single Phase (50kV - 220kV)",2024-10-01 06:00:00+00:00,2014-01-29 08:00:00+00:00,539f6d8bec4f024411ecb72b,"Time of Use, General Service, Demand Metered, Option B: GS-2 TOU B, Single Phase (50kv - 220kV)",2014-01-29 08:00:00+00:00,True,10.669404517453799,0.04507486042612263,False,10.669404517453799,included,ok
539f6d9eec4f024411ecb865,Schedule P-4 Interruptible Water Pumping Power Service,Modesto Irrigation District,539f6d9eec4f024411ecb865,Schedule P-4 Interruptible Water Pumping Power Service,2013-04-01 13:00:00+00:00,2013-04-01 13:00:00+00:00,,,,,,,False,0.0,excluded,only 0.0 years of history in the source data (need 10) — the earlier version this would compare against either doesn't exist yet or its supersedes chain doesn't reach back that far in this dataset
539f6ddcec4f024411ecbaeb,Time-Of-Use - General Service - Demand Metered: TOU-GS-3 Option CPP (50kV - 220kV),Southern California Edison Co,539f6ddcec4f024411ecbaeb,Time-Of-Use - General Service - Demand Metered: TOU-GS-3 Option CPP (50kV - 220kV),2014-01-01 13:00:00+00:00,2014-01-01 13:00:00+00:00,,,,,,,False,0.0,excluded,only 0.0 years of history in the source data (need 10) — the earlier version this would compare against either doesn't exist yet or its supersedes chain doesn't reach back that far in this dataset
539f6dddec4f024411ecbb63,"Time-Of-Use Agricultural and Pumping - Small to Medium: TOU-PA-2, Option E (at 220kV)",Southern California Edison Co,6757355dbe684656110eb22b,"Time-Of-Use Agricultural and Pumping - Small to Medium: TOU-PA-2, Option E (at 220kV)",2024-10-01 06:00:00+00:00,2014-01-01 13:00:00+00:00,539f6dddec4f024411ecbb63,"Time-Of-Use Agricutural and Pumping - Small to Medium: TOU-PA-2, Option A (at 220kV)",2014-01-01 13:00:00+00:00,True,10.746064339493497,0.05943279454200945,False,10.746064339493497,included,ok
539f6deeec4f024411ecbc53,A-10 Medium General Demand Service TOU (Secondary Voltage),Pacific Gas & Electric Co,69de8a2702f684104e01267c,A-10 Medium General Demand Service TOU (Secondary Voltage),2026-03-27 07:00:00+00:00,2014-01-01 08:00:00+00:00,574cc6115457a34a4b5e629f,A-10 Medium General Demand Service TOU (Secondary Voltage),2016-03-24 07:00:00+00:00,False,10.00684462696783,0.05631562977916671,False,12.229979466119097,included,ok
539f6dfbec4f024411ecbc67,General Service - Demand: GS-2 - Three Phase (Under 2kV),Southern California Edison Co,539f6dfbec4f024411ecbc67,General Service - Demand: GS-2 - Three Phase (Under 2kV),2014-01-29 13:00:00+00:00,2014-01-29 13:00:00+00:00,,,,,,,False,0.0,excluded,only 0.0 years of history in the source data (need 10) — the earlier version this would compare against either doesn't exist yet or its supersedes chain doesn't reach back that far in this dataset
539f6dfcec4f024411ecbc9f,Schedule NM Flat Rate Service-301 - 500 watts(Winter),Turlock Irrigation District,5b4e72165457a31578c6d678,Schedule NM Flat Rate Service-301 - 500 watts(Winter),2015-01-01 08:00:00+00:00,2009-02-01 13:00:00+00:00,,,,,,,False,5.9110198494182065,excluded,only 5.9 years of history in the source data (need 10) — the earlier version this would compare against either doesn't exist yet or its supersedes chain doesn't reach back that far in this dataset
539f6e0bec4f024411ecbd7b,"Time of Use, General Service, Demand Metered, Option A: GS-2 TOU A, Three Phase (2kV - 50kV)",Southern California Edison Co,5c8180957bece2299eceb3d8,"Time of Use, General Service, Demand Metered, Option A: GS-2 TOU A, Three Phase (2kV - 50kV)",2018-10-01 07:00:00+00:00,2014-01-01 13:00:00+00:00,,,,,,,False,4.744695414099931,excluded,only 4.7 years of history in the source data (need 10) — the earlier version this would compare against either doesn't exist yet or its supersedes chain doesn't reach back that far in this dataset
539f6e0bec4f024411ecbd9b,E-20 Maximum demand of (1000 KW or more) (Transmission),Pacific Gas & Electric Co,69de818ba6e15ebd62035b3b,E-20 Maximum demand of (1000 KW or more) (Transmission),2026-03-27 07:00:00+00:00,2014-01-01 08:00:00+00:00,574dbe465457a3de795e629f,E-20 Maximum demand of (1000 KW or more) (Transmission),2016-03-24 07:00:00+00:00,False,10.00684462696783,0.028529375076990604,False,12.229979466119097,included,ok
539f6e3bec4f024411ecbf8b,CI-TOD1: Commercial and Industrial TOD Secondary (0-20 kW),Sacramento Municipal Utility District,68c08c600a522a6ed20fe04d,CI-TOD1: Commercial and Industrial TOD Secondary (0-20 kW),2025-05-01 07:00:00+00:00,2014-01-01 13:00:00+00:00,5579fc865457a3c8658ba376,Small Nondemand Service GSN-T,2015-04-10 07:00:00+00:00,True,10.05886379192334,0.013782025182399238,False,11.326488706365502,included,ok
539f6e4cec4f024411ecc0ab,"Time-Of-Use Agricultural and Pumping: TOU-PA, Option B (Under 2kV); REPEAT Rate",Southern California Edison Co,56be1f635457a369548b456b,"Time-Of-Use Agricultural and Pumping: TOU-PA, Option B (Under 2kV); REPEAT Rate",2016-01-01 07:00:00+00:00,2014-01-01 13:00:00+00:00,,,,,,,False,1.995893223819302,excluded,only 2.0 years of history in the source data (need 10) — the earlier version this would compare against either doesn't exist yet or its supersedes chain doesn't reach back that far in this dataset
539f6e5bec4f024411ecc12b,Agriculture Power TOU Rate (AG-4C),Pacific Gas & Electric Co,69dea8633b7f6b42a805fd9f,Agriculture Power TOU Rate (AG-4C),2026-03-27 07:00:00+00:00,2014-01-01 08:00:00+00:00,574dadea5457a34d795e629e,Agriculture Power TOU Rate (AG-4C),2016-03-24 07:00:00+00:00,False,10.00684462696783,0.053059045167450636,False,12.229979466119097,included,ok
539f6e6cec4f024411ecc207,"Time of Use, General Service, Demand Metered, Option B: GS-2 TOU B, Single Phase (At 220kV)",Southern California Edison Co,6753212e7850a3ccad055aaf,"Time of Use, General Service, Demand Metered, Option B: GS-2 TOU B, Single Phase (At 220kV)",2024-10-01 06:00:00+00:00,2014-01-29 13:00:00+00:00,539f6e6cec4f024411ecc207,"Time of Use, General Service, Demand Metered, Option B: GS-2 TOU B, Single Phase (At 220kV)",2014-01-29 13:00:00+00:00,False,10.669404517453799,0.04507486042612263,False,10.669404517453799,included,ok
539f6e9eec4f024411ecc4b9,GS-1 TOU A General Service Non-Demand Single Phase (50 kV - 220 kV),Southern California Edison Co,66d094ad53fce9ed17096f5d,GS-1 TOU A General Service Non-Demand Single Phase (50 kV - 220 kV),2024-06-01 07:00:00+00:00,2014-01-01 13:00:00+00:00,539f6e9eec4f024411ecc4b9,GS-1 General Service Non-Demand Single Phase Above 50 kV but below 220 kV Discount,2014-01-01 13:00:00+00:00,True,10.412046543463381,0.056979526376265355,False,10.412046543463381,included,ok
539f6eefec4f024411ecc835,GS-1 TOU A General Service Non-Demand Single Phase (At 220 kV),Southern California Edison Co,66d0949c847c0f93fa0dce7f,GS-1 TOU A General Service Non-Demand Single Phase (At 220 kV),2024-06-01 07:00:00+00:00,2014-01-01 13:00:00+00:00,539f6eefec4f024411ecc835,GS-1 General Service Non-Demand Single Phase At 220 kV Discount,2014-01-01 13:00:00+00:00,True,10.412046543463381,0.04411075317459123,False,10.412046543463381,included,ok
539f6ef0ec4f024411ecc871,E-20 Maximum demand of (1000 KW or more) (Primary),Pacific Gas & Electric Co,69de81851e6796dd93026d2e,E-20 Maximum demand of (1000 KW or more) (Primary),2026-03-27 07:00:00+00:00,2014-01-01 08:00:00+00:00,574dbd695457a30e7e5e629f,E-20 Maximum demand of (1000 KW or more) (Primary),2016-03-24 07:00:00+00:00,False,10.00684462696783,0.02728825386806255,False,12.229979466119097,included,ok
539f6f10ec4f024411ecc9a1,Time-Of-Use - General Service - Demand Metered: TOU-GS-3 Option CPP (2kV - 50kV),Southern California Edison Co,539f6f10ec4f024411ecc9a1,Time-Of-Use - General Service - Demand Metered: TOU-GS-3 Option CPP (2kV - 50kV),2014-01-01 08:00:00+00:00,2014-01-01 08:00:00+00:00,,,,,,,False,0.0,excluded,only 0.0 years of history in the source data (need 10) — the earlier version this would compare against either doesn't exist yet or its supersedes chain doesn't reach back that far in this dataset
539f6f44ec4f024411eccc8b,Schedule DE Domestic and Farm Service,Turlock Irrigation District,539f6f44ec4f024411eccc8b,Schedule DE Domestic and Farm Service,2012-02-01 13:00:00+00:00,2012-02-01 13:00:00+00:00,,,,,,,False,0.0,excluded,only 0.0 years of history in the source data (need 10) — the earlier version this would compare against either doesn't exist yet or its supersedes chain doesn't reach back that far in this dataset
539f6f44ec4f024411eccc9f,Schedule ID Small Industrial Service - Demand Metered 35 to 499 kW,Turlock Irrigation District,5b4cee665457a34946c6d677,Schedule ID Small Industrial Service - Demand Metered 35 to 499 kW,2015-01-01 08:00:00+00:00,2009-02-01 13:00:00+00:00,,,,,,,False,5.9110198494182065,excluded,only 5.9 years of history in the source data (need 10) — the earlier version this would compare against either doesn't exist yet or its supersedes chain doesn't reach back that far in this dataset
539f6f54ec4f024411eccd05,Schedule FL Flat Rate Service-Not Exceeding 50% Load Factor 1001 - 1200 Watt,Modesto Irrigation District,539f6f54ec4f024411eccd05,Schedule FL Flat Rate Service-Not Exceeding 50% Load Factor 1001 - 1200 Watt,2013-04-01 13:00:00+00:00,2013-04-01 13:00:00+00:00,,,,,,,False,0.0,excluded,only 0.0 years of history in the source data (need 10) — the earlier version this would compare against either doesn't exist yet or its supersedes chain doesn't reach back that far in this dataset
539f6f78ec4f024411eccf01,"Time-Of-Use Agricultural and Pumping - Small to Medium: TOU-PA-2, Option E (50kV-220kV)",Southern California Edison Co,67573556868aa979f00ddbfd,"Time-Of-Use Agricultural and Pumping - Small to Medium: TOU-PA-2, Option E (50kV-220kV)",2024-10-01 06:00:00+00:00,2014-01-01 13:00:00+00:00,539f6f78ec4f024411eccf01,"Time-Of-Use Agricutural and Pumping - Small to Medium: TOU-PA-2, Option A (50kV-220kV)",2014-01-01 13:00:00+00:00,True,10.746064339493497,0.05943279454200945,False,10.746064339493497,included,ok
539f6f86ec4f024411eccf13,Large General Service Time of Use - GS-TOU1 (GUS_L),Sacramento Municipal Utility District,557af89d5457a3324c8ba375,Large General Service Time of Use - GS-TOU1 (GUS_L),2015-04-10 07:00:00+00:00,2014-01-01 13:00:00+00:00,,,,,,,False,1.267624914442163,excluded,only 1.3 years of history in the source data (need 10) — the earlier version this would compare against either doesn't exist yet or its supersedes chain doesn't reach back that far in this dataset
539f6f99ec4f024411ecd07d,"Schedule GS-TOU General Service - Commercial, Time-of-Use",Modesto Irrigation District,5b2815535457a3cc4ce5d862,"Schedule GS-TOU General Service - Commercial, Time-of-Use",2017-01-01 08:00:00+00:00,2013-04-01 13:00:00+00:00,,,,,,,False,3.7508555783709787,excluded,only 3.8 years of history in the source data (need 10) — the earlier version this would compare against either doesn't exist yet or its supersedes chain doesn't reach back that far in this dataset
539f6fcbec4f024411ecd2d1,E-19 Medium General Demand TOU (Secondary),Pacific Gas & Electric Co,69de7e4cd600f18ec30600ac,E-19 Medium General Demand TOU (Secondary),2026-03-27 07:00:00+00:00,2014-01-01 13:00:00+00:00,574db6805457a30a7e5e629e,E-19 Medium General Demand TOU (Secondary),2016-03-24 07:00:00+00:00,False,10.00684462696783,0.027416829000910692,False,12.229979466119097,included,ok
539f700dec4f024411ecd569,"Time-Of-Use Agricultural and Pumping-Small to Medium: TOU-PA-2, Option D (Under 2kV)",Southern California Edison Co,6757312aea28e776f407275d,"Time-Of-Use Agricultural and Pumping-Small to Medium: TOU-PA-2, Option D (Under 2kV)",2024-10-01 06:00:00+00:00,2014-01-01 08:00:00+00:00,539f700dec4f024411ecd569,"Time-Of-Use Agricultural and Pumping-Small to Medium: TOU-PA-2, Option B (Under 2kV)",2014-01-01 08:00:00+00:00,True,10.746064339493497,0.0587973019711725,False,10.746064339493497,included,ok
539f700eec4f024411ecd5ad,Power - Agricultural and Pumping Connected Load Basis: PA-1 (50kV-220kv),Southern California Edison Co,675729e6736d71dbcf099eef,Power - Agricultural and Pumping Connected Load Basis: PA-1 (50kV-220kv),2024-10-01 06:00:00+00:00,2014-01-01 13:00:00+00:00,539f700eec4f024411ecd5ad,Power - Agricultural and Pumping Connected Load Basis: PA-1 (50kV-220),2014-01-01 13:00:00+00:00,True,10.746064339493497,0.0332958439373805,False,10.746064339493497,included,ok
539f700eec4f024411ecd5c3,GS-1 TOU A General Service Non-Demand Three Phase (50 kV - 220 kV),Southern California Edison Co,66d094a27e3589017b0ce76f,GS-1 TOU A General Service Non-Demand Three Phase (50 kV - 220 kV),2024-06-01 07:00:00+00:00,2014-01-01 13:00:00+00:00,539f700eec4f024411ecd5c3,GS-1 General Service Non-Demand Three Phase Above 50 kV but below 220 kV Discount,2014-01-01 13:00:00+00:00,True,10.412046543463381,0.056979526376265355,False,10.412046543463381,included,ok
539f703eec4f024411ecd79d,"Time-Of-Use - General Service - Large: TOU-8, Option A (Under 2 kV)",Southern California Edison Co,586e8b045457a3c1711c9607,"Time-Of-Use - General Service - Large: TOU-8, Option A (Under 2 kV)",2016-12-31 08:00:00+00:00,2014-01-01 13:00:00+00:00,,,,,,,False,2.9952087611225187,excluded,only 3.0 years of history in the source data (need 10) — the earlier version this would compare against either doesn't exist yet or its supersedes chain doesn't reach back that far in this dataset
539f70d5ec4f024411ecdf13,"Time-Of-Use Agricultural and Pumping - Large: TOU-PA-3, Option CPP (2kV-50kV)",Southern California Edison Co,56be261d5457a351738b4567,"Time-Of-Use Agricultural and Pumping - Large: TOU-PA-3, Option CPP (2kV-50kV)",2016-01-01 07:00:00+00:00,2014-01-01 13:00:00+00:00,,,,,,,False,1.995893223819302,excluded,only 2.0 years of history in the source data (need 10) — the earlier version this would compare against either doesn't exist yet or its supersedes chain doesn't reach back that far in this dataset
539f7116ec4f024411ece1cf,Schedule FL Flat Rate Service-In Excess of 50% Load Factor 1201 - 1400 Watt,Modesto Irrigation District,539f7116ec4f024411ece1cf,Schedule FL Flat Rate Service-In Excess of 50% Load Factor 1201 - 1400 Watt,2013-04-01 13:00:00+00:00,2013-04-01 13:00:00+00:00,,,,,,,False,0.0,excluded,only 0.0 years of history in the source data (need 10) — the earlier version this would compare against either doesn't exist yet or its supersedes chain doesn't reach back that far in this dataset
539f7162ec4f024411ece53d,A-10 Medium General Demand Service (Transmission Voltage),Pacific Gas & Electric Co,69de895bc6b8d5269401c6ee,A-10 Medium General Demand Service (Transmission Voltage),2026-03-27 07:00:00+00:00,2014-01-01 08:00:00+00:00,574cc5745457a3f8595e629e,A-10 Medium General Demand Service (Transmission Voltage),2016-03-24 07:00:00+00:00,False,10.00684462696783,0.033308001533618015,False,12.229979466119097,included,ok
539f7162ec4f024411ece55f,"Time-Of-Use Agricultural and Pumping: TOU-PA, Option B (2kV-50kV)",Southern California Edison Co,539f7162ec4f024411ece55f,"Time-Of-Use Agricultural and Pumping: TOU-PA, Option B (2kV-50kV)",2014-01-01 07:00:00+00:00,2014-01-01 07:00:00+00:00,,,,,,,False,0.0,excluded,only 0.0 years of history in the source data (need 10) — the earlier version this would compare against either doesn't exist yet or its supersedes chain doesn't reach back that far in this dataset
539f7192ec4f024411ece725,"Time-Of-Use - General Service - Large: TOU-8, Option R (above 220kV)",Southern California Edison Co,539f7192ec4f024411ece725,"Time-Of-Use - General Service - Large: TOU-8, Option R (above 220kV)",2014-01-01 13:00:00+00:00,2014-01-01 13:00:00+00:00,,,,,,,False,0.0,excluded,only 0.0 years of history in the source data (need 10) — the earlier version this would compare against either doesn't exist yet or its supersedes chain doesn't reach back that far in this dataset
539f71c4ec4f024411ece9c1,"Time of Use, General Service, Demand Metered, Critical Peak-Lite Option: TOU-GS-2 CPP-Lite, Single Phase (50kV-220kV)",Southern California Edison Co,539f71c4ec4f024411ece9c1,"Time of Use, General Service, Demand Metered, Critical Peak-Lite Option: TOU-GS-2 CPP-Lite, Single Phase (50kV-220kV)",2014-01-01 13:00:00+00:00,2014-01-01 13:00:00+00:00,,,,,,,False,0.0,excluded,only 0.0 years of history in the source data (need 10) — the earlier version this would compare against either doesn't exist yet or its supersedes chain doesn't reach back that far in this dataset
539f71c5ec4f024411ecea01,Large Agricultural Service Demand Rate AG (ASD),Sacramento Municipal Utility District,68c084bc6f4f7d79f9018db8,Large Agricultural Service Demand Rate AG (ASD),2025-05-01 07:00:00+00:00,2014-01-01 13:00:00+00:00,557af4fc5457a313618ba375,Large Agricultural Service Demand Rates AG (ASD),2015-04-10 07:00:00+00:00,True,10.05886379192334,0.032057433790791956,False,11.326488706365502,included,ok
539f71d7ec4f024411ecead9,Schedule PT Restricted Irrigation Pumping Time-Of-Use,Turlock Irrigation District,539f71d7ec4f024411ecead9,Schedule PT Restricted Irrigation Pumping Time-Of-Use,2009-02-01 13:00:00+00:00,2009-02-01 13:00:00+00:00,,,,,,,False,0.0,excluded,only 0.0 years of history in the source data (need 10) — the earlier version this would compare against either doesn't exist yet or its supersedes chain doesn't reach back that far in this dataset
539f71eaec4f024411ecebc1,"Time of Use, General Service, Demand Metered, Critical Peak Option: TOU-GS-2 CPP, Single Phase (2kV - 50kV)",Southern California Edison Co,539f71eaec4f024411ecebc1,"Time of Use, General Service, Demand Metered, Critical Peak Option: TOU-GS-2 CPP, Single Phase (2kV - 50kV)",2014-01-01 08:00:00+00:00,2014-01-01 08:00:00+00:00,,,,,,,False,0.0,excluded,only 0.0 years of history in the source data (need 10) — the earlier version this would compare against either doesn't exist yet or its supersedes chain doesn't reach back that far in this dataset
539f720aec4f024411eced0f,"General Service - Demand: GS-2, Single Phase Service (2kV-50kV)",Southern California Edison Co,539f720aec4f024411eced0f,"General Service - Demand: GS-2, Single Phase Service (2kV-50kV)",,,,,,,,,False,,excluded,current version has no startdate
539f720bec4f024411eced17,"Time of Use, General Service, Demand Metered, Option R: GS-2 TOU R - Three phase (Under 2kV)",Southern California Edison Co,586e6f4d5457a39b581c9605,"Time of Use, General Service, Demand Metered, Option R: GS-2 TOU R - Three phase (Under 2kV)",2017-01-01 07:00:00+00:00,2014-01-01 13:00:00+00:00,,,,,,,False,2.9979466119096507,excluded,only 3.0 years of history in the source data (need 10) — the earlier version this would compare against either doesn't exist yet or its supersedes chain doesn't reach back that far in this dataset
539f721aec4f024411eced7f,"Time-Of-Use - General Service - Large: TOU-8, Option R (above 50kV); Closed Rate",Southern California Edison Co,539f721aec4f024411eced7f,"Time-Of-Use - General Service - Large: TOU-8, Option R (above 50kV); Closed Rate",2014-01-01 07:00:00+00:00,2014-01-01 07:00:00+00:00,,,,,,,False,0.0,excluded,only 0.0 years of history in the source data (need 10) — the earlier version this would compare against either doesn't exist yet or its supersedes chain doesn't reach back that far in this dataset
539f723eec4f024411ecef1d,Subtransmission Service A-3 (A),Los Angeles Department of Water & Power,69eb9f55805b2131910774e2,Subtransmission Service A-3 (A),2026-04-01 07:00:00+00:00,2014-04-01 07:00:00+00:00,57213ec95457a3e23bb3387b,Subtransmission Service A-3 (A),2016-04-01 07:00:00+00:00,False,9.998631074606434,-0.005118020890572228,False,12.0,included,ok
539f728dec4f024411ecf219,"Time of Use, General Service, Demand Metered, Option B: GS-2 TOU B, Three Phase (50kv - 220kV)",Southern California Edison Co,539f728dec4f024411ecf219,"Time of Use, General Service, Demand Metered, Option B: GS-2 TOU B, Three Phase (50kv - 220kV)",2014-01-29 08:00:00+00:00,2014-01-29 08:00:00+00:00,,,,,,,False,0.0,excluded,only 0.0 years of history in the source data (need 10) — the earlier version this would compare against either doesn't exist yet or its supersedes chain doesn't reach back that far in this dataset
539f728eec4f024411ecf25d,Customer Generation Primary Service (4.8kV) CG-2A,Los Angeles Department of Water & Power,69eba10b805b2131910774e3,Customer Generation Primary Service (4.8kV) CG-2A,2026-04-01 07:00:00+00:00,2013-07-01 07:00:00+00:00,572142dd5457a39651b3387f,Customer Generation Primary Service (4.8kV) CG-2A,2016-04-01 07:00:00+00:00,False,9.998631074606434,0.007363378794328801,False,12.750171115674195,included,ok
539f729fec4f024411ecf2f1,SCHEDULE GL LARGE GENERAL SERVICE,Imperial Irrigation District,5b0f26815457a30861733305,SCHEDULE GL LARGE GENERAL SERVICE,2015-01-01 08:00:00+00:00,1998-01-01 13:00:00+00:00,539f729fec4f024411ecf2f1,SCHEDULE GL LARGE GENERAL SERVICE,1998-01-01 13:00:00+00:00,False,16.996577686516083,0.02047325450965487,False,16.996577686516083,included,ok
539f72a0ec4f024411ecf34b,SCHEDULE GS GENERAL SERVICE,Imperial Irrigation District,54bfef0a5357a3db776bdba2,SCHEDULE GS GENERAL SERVICE,2015-01-01 07:00:00+00:00,1998-01-01 13:00:00+00:00,539f72a0ec4f024411ecf34b,SCHEDULE GS GENERAL SERVICE,1998-01-01 13:00:00+00:00,False,16.996577686516083,0.02231223419902184,False,16.996577686516083,included,ok
539f72c2ec4f024411ecf4f9,Schedule SG Self-Generation(above 500kW) with Standby Service,Turlock Irrigation District,539f72c2ec4f024411ecf4f9,Schedule SG Self-Generation(above 500kW) with Standby Service,2011-01-01 13:00:00+00:00,2011-01-01 13:00:00+00:00,,,,,,,False,0.0,excluded,only 0.0 years of history in the source data (need 10) — the earlier version this would compare against either doesn't exist yet or its supersedes chain doesn't reach back that far in this dataset
539f7316ec4f024411ecf8e9,"Time of Use, General Service, Demand Metered, Option A: GS-2 TOU A, Single Phase (50kV - 220kV)",Southern California Edison Co,5c8180927bece2299eceb3d7,"Time of Use, General Service, Demand Metered, Option A: GS-2 TOU A, Single Phase (50kV - 220kV)",2018-10-01 07:00:00+00:00,2014-01-01 13:00:00+00:00,,,,,,,False,4.744695414099931,excluded,only 4.7 years of history in the source data (need 10) — the earlier version this would compare against either doesn't exist yet or its supersedes chain doesn't reach back that far in this dataset
539f7349ec4f024411ecfac7,Time-Of-Use - General Service - Large: TOU-8 (Greater than 220kV); Closed Rate,Southern California Edison Co,539f7349ec4f024411ecfac7,Time-Of-Use - General Service - Large: TOU-8 (Greater than 220kV); Closed Rate,2014-01-01 07:00:00+00:00,2014-01-01 07:00:00+00:00,,,,,,,False,0.0,excluded,only 0.0 years of history in the source data (need 10) — the earlier version this would compare against either doesn't exist yet or its supersedes chain doesn't reach back that far in this dataset
539f7349ec4f024411ecfaff,"Small Nondemand, Nonmetered service (GFN)",Sacramento Municipal Utility District,68c08b491f5bad3051057c38,"Small Nondemand, Nonmetered service (GFN)",2025-05-01 07:00:00+00:00,2014-01-01 13:00:00+00:00,5579fdc45457a3546f8ba375,"Small Nondemand, nonmetered service GFN",2015-04-10 07:00:00+00:00,True,10.05886379192334,0.029671230237676705,False,11.326488706365502,included,ok
539f737cec4f024411ecfced,Small General Service (A-1)(A),Los Angeles Department of Water & Power,69eb97e3f253a30c3f0075f2,Small General Service (A-1)(A),2026-04-01 07:00:00+00:00,2014-04-01 07:00:00+00:00,572139c55457a39651b3387e,Small General Service (A-1)(A),2016-04-01 07:00:00+00:00,False,9.998631074606434,-0.010200573069495955,False,12.0,included,ok
539f73a0ec4f024411ecfe7f,"Time of Use, General Service, Demand Metered, Critical Peak Option: TOU-GS-2 CPP, Single Phase (50kV - 220kV)",Southern California Edison Co,56b923655457a3d41f48d233,"Time of Use, General Service, Demand Metered, Critical Peak Option: TOU-GS-2 CPP, Single Phase (50kV - 220kV)",2016-01-01 07:00:00+00:00,2014-01-01 13:00:00+00:00,,,,,,,False,1.995893223819302,excluded,only 2.0 years of history in the source data (need 10) — the earlier version this would compare against either doesn't exist yet or its supersedes chain doesn't reach back that far in this dataset
539f73a1ec4f024411ecfea5,"Time-Of-Use Agricultural and Pumping - Large: TOU-PA-3, Option CPP (at 220kV)",Southern California Edison Co,56be27dd5457a332548b456c,"Time-Of-Use Agricultural and Pumping - Large: TOU-PA-3, Option CPP (at 220kV)",2016-01-01 07:00:00+00:00,2014-01-01 13:00:00+00:00,,,,,,,False,1.995893223819302,excluded,only 2.0 years of history in the source data (need 10) — the earlier version this would compare against either doesn't exist yet or its supersedes chain doesn't reach back that far in this dataset
539f7407ec4f024411ed0387,Schedule NM Flat Rate Service-201 - 300 watts(Winter),Turlock Irrigation District,5b4e6ebb5457a3bb64c6d677,Schedule NM Flat Rate Service-201 - 300 watts(Winter),2015-01-01 08:00:00+00:00,2009-02-01 13:00:00+00:00,,,,,,,False,5.9110198494182065,excluded,only 5.9 years of history in the source data (need 10) — the earlier version this would compare against either doesn't exist yet or its supersedes chain doesn't reach back that far in this dataset
539f7417ec4f024411ed03e5,"Schedule HT Large Industrial Service - Demand Metered 500 to 2,999 kW, Time-Of-Use",Turlock Irrigation District,5b4d105a5457a3a85fc6d678,"Schedule HT Large Industrial Service - Demand Metered 500 to 2,999 kW, Time-Of-Use",2015-01-01 08:00:00+00:00,2009-02-01 13:00:00+00:00,,,,,,,False,5.9110198494182065,excluded,only 5.9 years of history in the source data (need 10) — the earlier version this would compare against either doesn't exist yet or its supersedes chain doesn't reach back that far in this dataset
539f7428ec4f024411ed04d1,"Time-Of-Use Agricultural and Pumping-Small to Medium: TOU-PA-2, Option CPP (2kV-50kV)",Southern California Edison Co,56be190d5457a369548b4569,"Time-Of-Use Agricultural and Pumping-Small to Medium: TOU-PA-2, Option CPP (2kV-50kV)",2016-01-01 07:00:00+00:00,2014-01-01 13:00:00+00:00,,,,,,,False,1.995893223819302,excluded,only 2.0 years of history in the source data (need 10) — the earlier version this would compare against either doesn't exist yet or its supersedes chain doesn't reach back that far in this dataset
539f7428ec4f024411ed051d,Power - Agricultural and Pumping Connected Load Basis: PA-1 (Under 2kV),Southern California Edison Co,675729da736d71dbcf099eed,Power - Agricultural and Pumping Connected Load Basis: PA-1 (Under 2kV),2024-10-01 06:00:00+00:00,2014-01-01 08:00:00+00:00,539f7428ec4f024411ed051d,Power - Agricultural and Pumping Connected Load Basis: PA-1 (Under 2kV),2014-01-01 08:00:00+00:00,False,10.746064339493497,0.0332958439373805,False,10.746064339493497,included,ok
539f7438ec4f024411ed05db,E-19 Medium General Demand TOU (Primary),Pacific Gas & Electric Co,6758af5fc5babc88b40fe41d,E-19 Medium General Demand TOU (Primary),2024-10-01 07:00:00+00:00,2014-01-01 13:00:00+00:00,5400a3355257a3382999cb99,"E-19 -Medium General Demand- TOU (Primary, Mandatory)",2014-05-01 07:00:00+00:00,True,10.420260095824778,0.03385948173560771,False,10.746064339493497,included,ok
539f746cec4f024411ed085b,GS-1 General Service Non-Demand Three Phase (GS-1); Closed Rate,Southern California Edison Co,556de1405457a3ce0fdb22ab,GS-1 General Service Non-Demand Three Phase (GS-1); Closed Rate,2015-06-01 06:00:00+00:00,2014-01-01 13:00:00+00:00,,,,,,,False,1.4099931553730323,excluded,only 1.4 years of history in the source data (need 10) — the earlier version this would compare against either doesn't exist yet or its supersedes chain doesn't reach back that far in this dataset
539f74a0ec4f024411ed0a27,CI-TOD3: Commercial and Industrial TOD Primary (500-999 kW),Sacramento Municipal Utility District,68c0ca8b6f4f7d79f9018dbb,CI-TOD3: Commercial and Industrial TOD Primary (500-999 kW),2025-05-01 07:00:00+00:00,2014-01-01 13:00:00+00:00,557aff945457a3e6728ba377,Medium General Service Time of Use GS-TOU2 (GUP_M),2015-04-10 07:00:00+00:00,True,10.05886379192334,0.03320569001986984,False,11.326488706365502,included,ok
539f74a1ec4f024411ed0a8b,"Time-Of-Use Agricultural and Pumping-Small to Medium: TOU-PA-2, Option D (at 220kV)",Southern California Edison Co,6757313a736d71dbcf099ef3,"Time-Of-Use Agricultural and Pumping-Small to Medium: TOU-PA-2, Option D (at 220kV)",2024-10-01 06:00:00+00:00,2014-01-01 13:00:00+00:00,539f74a1ec4f024411ed0a8b,"Time-Of-Use Agricultural and Pumping-Small to Medium: TOU-PA-2, Option B (at 220kV)",2014-01-01 13:00:00+00:00,True,10.746064339493497,0.06472541895743089,False,10.746064339493497,included,ok
539f74e4ec4f024411ed0d3b,"Time-Of-Use Agricultural and Pumping - Large: TOU-PA-3, Option D (2kV-50kV)",Southern California Edison Co,675739adbe684656110eb22d,"Time-Of-Use Agricultural and Pumping - Large: TOU-PA-3, Option D (2kV-50kV)",2024-10-01 06:00:00+00:00,2014-01-01 13:00:00+00:00,539f74e4ec4f024411ed0d3b,"Time-Of-Use Agricultural and Pumping - Large: TOU-PA-3, Option B (2kV-50kV)",2014-01-01 13:00:00+00:00,True,10.746064339493497,0.05195316115784543,False,10.746064339493497,included,ok
539f74e4ec4f024411ed0d79,Schedule P-3 Water Well Pumping and Agricultural Power Service,Modesto Irrigation District,539f74e4ec4f024411ed0d79,Schedule P-3 Water Well Pumping and Agricultural Power Service,2013-04-01 13:00:00+00:00,2013-04-01 13:00:00+00:00,,,,,,,False,0.0,excluded,only 0.0 years of history in the source data (need 10) — the earlier version this would compare against either doesn't exist yet or its supersedes chain doesn't reach back that far in this dataset
539f74f4ec4f024411ed0e0b,SCHEDULE A-2 GENERAL WHOLESALE POWER SERVICE,Imperial Irrigation District,54bff6f85357a3d9776bdba2,SCHEDULE A-2 GENERAL WHOLESALE POWER SERVICE,2015-01-01 07:00:00+00:00,1998-01-01 13:00:00+00:00,539f74f4ec4f024411ed0e0b,SCHEDULE A-2 GENERAL WHOLESALE POWER SERVICE,1998-01-01 13:00:00+00:00,False,16.996577686516083,0.0263430900789261,False,16.996577686516083,included,ok
539f7505ec4f024411ed0ed1,"Time-Of-Use Agricultural and Pumping - Large: TOU-PA-3, Option E (50kV-220kV)",Southern California Edison Co,675744a0c33fc66a3504cc90,"Time-Of-Use Agricultural and Pumping - Large: TOU-PA-3, Option E (50kV-220kV)",2024-10-01 06:00:00+00:00,2014-01-01 08:00:00+00:00,539f7505ec4f024411ed0ed1,"Time-Of-Use Agricultural and Pumping - Large: TOU-PA-3, Option A (50kV-220kV)",2014-01-01 08:00:00+00:00,True,10.746064339493497,0.07705977986532409,False,10.746064339493497,included,ok
539f7528ec4f024411ed10d1,A-1 Small General Service TOU  (Single-Phase),Pacific Gas & Electric Co,69de883c57e73279b70d783e,A-1 Small General Service TOU  (Single-Phase),2026-03-27 07:00:00+00:00,2014-01-01 13:00:00+00:00,574cbefc5457a3992c5e629e,A-1 Small General Service TOU  (Single-Phase),2016-03-24 07:00:00+00:00,False,10.00684462696783,0.0640363450640713,False,12.229979466119097,included,ok
539f7528ec4f024411ed10df,"Time of Use, General Service, Demand Metered, Critical Peak Option: TOU-GS-2 CPP, Single Phase (At 220kV)",Southern California Edison Co,56b925f55457a3642c48d236,"Time of Use, General Service, Demand Metered, Critical Peak Option: TOU-GS-2 CPP, Single Phase (At 220kV)",2016-01-01 07:00:00+00:00,2014-01-01 13:00:00+00:00,,,,,,,False,1.995893223819302,excluded,only 2.0 years of history in the source data (need 10) — the earlier version this would compare against either doesn't exist yet or its supersedes chain doesn't reach back that far in this dataset
539f754bec4f024411ed1291,CI-TOD3: Commercial and Industrial TOD Secondary (500-999 kW),Sacramento Municipal Utility District,68c0ca32d7afaa668b0dc6fb,CI-TOD3: Commercial and Industrial TOD Secondary (500-999 kW),2025-05-01 07:00:00+00:00,2014-01-01 08:00:00+00:00,557afc6e5457a3f0108ba37c,Medium General Service Time of Use GS-TOU2 (GUS_M),2015-04-10 07:00:00+00:00,True,10.05886379192334,0.022407598455681743,False,11.326488706365502,included,ok
539f754cec4f024411ed129d,"Time of Use, General Service, Demand Metered, Critical Peak Option: TOU-GS-2 CPP, Three Phase (At 220kV)",Southern California Edison Co,56b9228a5457a3030348d234,"Time of Use, General Service, Demand Metered, Critical Peak Option: TOU-GS-2 CPP, Three Phase (At 220kV)",2016-01-01 07:00:00+00:00,2014-01-01 13:00:00+00:00,,,,,,,False,1.995893223819302,excluded,only 2.0 years of history in the source data (need 10) — the earlier version this would compare against either doesn't exist yet or its supersedes chain doesn't reach back that far in this dataset
539f758dec4f024411ed150f,"Time of Use, General Service, Demand Metered, Critical Peak-Lite Option: TOU-GS-2 CPP-Lite, Three Phase (Under 2kV)",Southern California Edison Co,56b92c325457a3890348d233,"Time of Use, General Service, Demand Metered, Critical Peak-Lite Option: TOU-GS-2 CPP-Lite, Three Phase (Under 2kV)",2016-01-01 07:00:00+00:00,2014-01-01 13:00:00+00:00,,,,,,,False,1.995893223819302,excluded,only 2.0 years of history in the source data (need 10) — the earlier version this would compare against either doesn't exist yet or its supersedes chain doesn't reach back that far in this dataset
539f75b3ec4f024411ed174f,General Service Time-of-use Electric Vehicle Charging - Demand Metered:TOU-EV-4 (at 220 kV) - Closed Rate,Southern California Edison Co,5c817fcc7bece2299eceb39a,General Service Time-of-use Electric Vehicle Charging - Demand Metered:TOU-EV-4 (at 220 kV) - Closed Rate,2018-10-01 07:00:00+00:00,2014-01-01 13:00:00+00:00,,,,,,,False,4.744695414099931,excluded,only 4.7 years of history in the source data (need 10) — the earlier version this would compare against either doesn't exist yet or its supersedes chain doesn't reach back that far in this dataset
539f75c3ec4f024411ed17b7,Schedule NM Flat Rate Service-201 - 300 watts(Summer) (Westside Zone),Turlock Irrigation District,5b4f82035457a38e72c6d677,Schedule NM Flat Rate Service-201 - 300 watts(Summer) (Westside Zone),2015-01-01 08:00:00+00:00,2009-02-01 13:00:00+00:00,,,,,,,False,5.9110198494182065,excluded,only 5.9 years of history in the source data (need 10) — the earlier version this would compare against either doesn't exist yet or its supersedes chain doesn't reach back that far in this dataset
539f75d4ec4f024411ed186d,Agriculture Power TOU rate (AG-4F),Pacific Gas & Electric Co,69dea868fef8e27e5706661e,Agriculture Power TOU rate (AG-4F),2026-03-27 07:00:00+00:00,2014-01-01 08:00:00+00:00,574db0b65457a344795e629d,Agriculture Power TOU rate (AG-4F),2016-03-24 07:00:00+00:00,False,10.00684462696783,0.053059045167450636,False,12.229979466119097,included,ok
539f762cec4f024411ed1c03,Time-of-use - General Service - Demand Metered-Super Off Peak: TOU-GS-3-SOP (2kV to 50kV); REPEAT Rate,Southern California Edison Co,539f762cec4f024411ed1c03,Time-of-use - General Service - Demand Metered-Super Off Peak: TOU-GS-3-SOP (2kV to 50kV); REPEAT Rate,2014-01-01 07:00:00+00:00,2014-01-01 07:00:00+00:00,,,,,,,False,0.0,excluded,only 0.0 years of history in the source data (need 10) — the earlier version this would compare against either doesn't exist yet or its supersedes chain doesn't reach back that far in this dataset
539f763eec4f024411ed1d65,Schedule FL Flat Rate Service-Not Exceeding 50% Load Factor 401 - 600 Watt,Modesto Irrigation District,539f763eec4f024411ed1d65,Schedule FL Flat Rate Service-Not Exceeding 50% Load Factor 401 - 600 Watt,2013-04-01 13:00:00+00:00,2013-04-01 13:00:00+00:00,,,,,,,False,0.0,excluded,only 0.0 years of history in the source data (need 10) — the earlier version this would compare against either doesn't exist yet or its supersedes chain doesn't reach back that far in this dataset
539f764eec4f024411ed1db5,A-6 Small General Service TOU Meter Charge (W),Pacific Gas & Electric Co,574cc2cb5457a367445e62a2,A-6 Small General Service TOU Meter Charge (W),2016-03-24 07:00:00+00:00,2014-01-01 13:00:00+00:00,,,,,,,False,2.223134839151266,excluded,only 2.2 years of history in the source data (need 10) — the earlier version this would compare against either doesn't exist yet or its supersedes chain doesn't reach back that far in this dataset
539fb3dcec4f024bc1dbe2bb,A-10 Medium General Demand Service TOU (Transmission Voltage),Pacific Gas & Electric Co,69de8a32820adfee230a016b,A-10 Medium General Demand Service TOU (Transmission Voltage),2026-03-27 07:00:00+00:00,2014-01-01 08:00:00+00:00,574cc7b65457a3f9595e62a0,A-10 Medium General Demand Service TOU (Transmission Voltage),2016-03-24 07:00:00+00:00,False,10.00684462696783,0.04173998569747317,False,12.229979466119097,included,ok
539fb3ddec4f024bc1dbe347,Schedule SG Self-Generation(Below 10kW)with Standby Service,Turlock Irrigation District,539fb3ddec4f024bc1dbe347,Schedule SG Self-Generation(Below 10kW)with Standby Service,2011-01-01 13:00:00+00:00,2011-01-01 13:00:00+00:00,,,,,,,False,0.0,excluded,only 0.0 years of history in the source data (need 10) — the earlier version this would compare against either doesn't exist yet or its supersedes chain doesn't reach back that far in this dataset
539fb400ec4f024bc1dbe465,"E-19 Medium General Demand TOU (Transmission, Voluntary)",Pacific Gas & Electric Co,69de8052fcf14d499f019a5d,"E-19 Medium General Demand TOU (Transmission, Voluntary)",2026-03-27 07:00:00+00:00,2014-01-01 13:00:00+00:00,574dbb495457a34d795e629f,"E-19 Medium General Demand TOU (Transmission, Voluntary)",2016-03-24 07:00:00+00:00,False,10.00684462696783,0.018986411611838117,False,12.229979466119097,included,ok
539fb411ec4f024bc1dbe4e5,A-6 Small General Service TOU Meter Charge (A-6),Pacific Gas & Electric Co,574cc2495457a3c01f5e62a7,A-6 Small General Service TOU Meter Charge (A-6),2016-03-24 07:00:00+00:00,2014-01-01 13:00:00+00:00,,,,,,,False,2.223134839151266,excluded,only 2.2 years of history in the source data (need 10) — the earlier version this would compare against either doesn't exist yet or its supersedes chain doesn't reach back that far in this dataset
539fb411ec4f024bc1dbe509,Primary Service Time-Of-Use A-2 (B),Los Angeles Department of Water & Power,69eb9e43387d9dc4ee0a5f4f,Primary Service Time-Of-Use A-2 (B),2026-04-01 07:00:00+00:00,2014-04-01 07:00:00+00:00,57213c0f5457a34933b3387c,Primary Service A-2 Rate Time-Of-Use (TOU),2016-04-01 07:00:00+00:00,True,9.998631074606434,-0.004116642368582779,False,12.0,included,ok
539fb448ec4f024bc1dbe7ed,"Time of Use, General Service, Demand Metered, Option R: GS-2 TOU R - Single phase (2kV - 50kV)",Southern California Edison Co,539fb448ec4f024bc1dbe7ed,"Time of Use, General Service, Demand Metered, Option R: GS-2 TOU R - Single phase (2kV - 50kV)",2014-01-01 13:00:00+00:00,2014-01-01 13:00:00+00:00,,,,,,,False,0.0,excluded,only 0.0 years of history in the source data (need 10) — the earlier version this would compare against either doesn't exist yet or its supersedes chain doesn't reach back that far in this dataset
539fb469ec4f024bc1dbe95b,Power - Agricultural and Pumping Connected Load Basis: PA-1 (2kV-50kV),Southern California Edison Co,675729df736d71dbcf099eee,Power - Agricultural and Pumping Connected Load Basis: PA-1 (2kV-50kV),2024-10-01 06:00:00+00:00,2014-01-01 13:00:00+00:00,539fb469ec4f024bc1dbe95b,Power - Agricultural and Pumping Connected Load Basis: PA-1 (2kV-50kV),2014-01-01 13:00:00+00:00,False,10.746064339493497,0.0332958439373805,False,10.746064339493497,included,ok
539fb47bec4f024bc1dbea3b,CI-TOD2: Commercial and Industrial TOD Primary (300-499 kW),Sacramento Municipal Utility District,68c0c9bc1f5bad3051057c3c,CI-TOD2: Commercial and Industrial TOD Primary (300-499 kW),2025-05-01 07:00:00+00:00,2014-01-01 13:00:00+00:00,557b06435457a33a048ba376,Small General Service Time of Use GS-TOU3 (GUP_S),2015-04-10 07:00:00+00:00,True,10.05886379192334,0.02773664088583394,False,11.326488706365502,included,ok
539fb48cec4f024bc1dbeaef,"Time of Use, General Service, Demand Metered, Critical Peak-Lite Option: TOU-GS-2 CPP-Lite, Single Phase (2kV-50kV)",Southern California Edison Co,539fb48cec4f024bc1dbeaef,"Time of Use, General Service, Demand Metered, Critical Peak-Lite Option: TOU-GS-2 CPP-Lite, Single Phase (2kV-50kV)",2014-01-01 08:00:00+00:00,2014-01-01 08:00:00+00:00,,,,,,,False,0.0,excluded,only 0.0 years of history in the source data (need 10) — the earlier version this would compare against either doesn't exist yet or its supersedes chain doesn't reach back that far in this dataset
539fb48cec4f024bc1dbeaf3,Time-Of-Use Agricultural and Pumping: TOU-PA - Option A (Under 2kV),Southern California Edison Co,539fb48cec4f024bc1dbeaf3,Time-Of-Use Agricultural and Pumping: TOU-PA - Option A (Under 2kV),2014-01-01 07:00:00+00:00,2014-01-01 07:00:00+00:00,,,,,,,False,0.0,excluded,only 0.0 years of history in the source data (need 10) — the earlier version this would compare against either doesn't exist yet or its supersedes chain doesn't reach back that far in this dataset
539fb49dec4f024bc1dbebb1,Time-Of-Use - General Service - Large: TOU-8 CPP (Greater than 50kV),Southern California Edison Co,56bbde155457a39d078b4567,Time-Of-Use - General Service - Large: TOU-8 CPP (Greater than 50kV),2016-01-01 07:00:00+00:00,2014-01-01 13:00:00+00:00,,,,,,,False,1.995893223819302,excluded,only 2.0 years of history in the source data (need 10) — the earlier version this would compare against either doesn't exist yet or its supersedes chain doesn't reach back that far in this dataset
539fb4beec4f024bc1dbecc5,Schedule FD Farm Service - Demand Metered,Turlock Irrigation District,5b4e1d515457a32c26c6d674,Schedule FD Farm Service - Demand Metered,2015-01-01 08:00:00+00:00,2009-02-01 13:00:00+00:00,,,,,,,False,5.9110198494182065,excluded,only 5.9 years of history in the source data (need 10) — the earlier version this would compare against either doesn't exist yet or its supersedes chain doesn't reach back that far in this dataset
539fb4beec4f024bc1dbecd1,GS-1:General Service Non-Demand Single Phase (2kV to 50kV); Closed Rate,Southern California Edison Co,539fb4beec4f024bc1dbecd1,GS-1:General Service Non-Demand Single Phase (2kV to 50kV); Closed Rate,2014-01-01 07:00:00+00:00,2014-01-01 07:00:00+00:00,,,,,,,False,0.0,excluded,only 0.0 years of history in the source data (need 10) — the earlier version this would compare against either doesn't exist yet or its supersedes chain doesn't reach back that far in this dataset
539fb503ec4f024bc1dbefc9,DWS - Distribution Wheeling Service 12/21 kV,Sacramento Municipal Utility District,5579b7d45457a3502a8ba377,DWS - Distribution Wheeling Service 12/21 kV,2015-01-01 07:00:00+00:00,2014-01-01 08:00:00+00:00,,,,,,,False,0.9965776865160849,excluded,only 1.0 years of history in the source data (need 10) — the earlier version this would compare against either doesn't exist yet or its supersedes chain doesn't reach back that far in this dataset
539fb505ec4f024bc1dbf067,Large Agriculture Optional Time of Day AG (AOD),Sacramento Municipal Utility District,68c0878f90fd5c0e640f716a,Large Agriculture Optional Time of Day AG (AOD),2025-05-01 07:00:00+00:00,2014-01-01 08:00:00+00:00,557af7635457a3be2b8ba37d,Large Agriculture Optional Time of Use (AG AOD),2015-04-10 07:00:00+00:00,True,10.05886379192334,0.034377797450700465,False,11.326488706365502,included,ok
539fb528ec4f024bc1dbf205,Small Agricultural Optional Time of Day AG (AON),Sacramento Municipal Utility District,68c085a890fd5c0e640f7169,Small Agricultural Optional Time of Day AG (AON),2025-05-01 07:00:00+00:00,2014-01-01 13:00:00+00:00,557aeba65457a33a048ba375,Small Agricultural Optional Time of Use AG (AON),2015-04-10 07:00:00+00:00,True,10.05886379192334,0.033912169923487,False,11.326488706365502,included,ok
539fb57eec4f024bc1dbf5a3,Agriculture Power TOU Rate (AG-4E),Pacific Gas & Electric Co,69dea85d5522f8f29a014b5e,Agriculture Power TOU Rate (AG-4E),2026-03-27 07:00:00+00:00,2014-01-01 08:00:00+00:00,574dafe75457a30e7e5e629e,Agriculture Power TOU Rate (AG-4E),2016-03-24 07:00:00+00:00,False,10.00684462696783,0.06620971922970442,False,12.229979466119097,included,ok
539fb5e7ec4f024bc1dbfa8d,Schedule GS-3 General Service - Industrial,Modesto Irrigation District,5b2822665457a30764e5d864,Schedule GS-3 General Service - Industrial,2017-01-01 08:00:00+00:00,2013-04-01 13:00:00+00:00,,,,,,,False,3.7508555783709787,excluded,only 3.8 years of history in the source data (need 10) — the earlier version this would compare against either doesn't exist yet or its supersedes chain doesn't reach back that far in this dataset
539fb5f9ec4f024bc1dbfb3d,Schedule NM Flat Rate Service-301 - 500 watts(Summer) (Westsidezone),Turlock Irrigation District,5b4f90ad5457a35a27c6d676,Schedule NM Flat Rate Service-301 - 500 watts(Summer) (Westsidezone),2015-01-01 08:00:00+00:00,2009-02-01 13:00:00+00:00,,,,,,,False,5.9110198494182065,excluded,only 5.9 years of history in the source data (need 10) — the earlier version this would compare against either doesn't exist yet or its supersedes chain doesn't reach back that far in this dataset
539fb61bec4f024bc1dbfcab,SCHEDULE PM MUNICIPAL SERVICE,Imperial Irrigation District,5b0f25165457a3fa42733306,SCHEDULE PM MUNICIPAL SERVICE,2015-01-01 08:00:00+00:00,1998-01-01 13:00:00+00:00,539fb61bec4f024bc1dbfcab,SCHEDULE PM MUNICIPAL SERVICE,1998-01-01 13:00:00+00:00,False,16.996577686516083,0.026459842618420604,False,16.996577686516083,included,ok
539fb61bec4f024bc1dbfcb1,"Time-Of-Use - General Service - Large: TOU-8, Option R (2kV - 50kV)",Southern California Edison Co,674f6d2452205216e80c25e9,"Time-Of-Use - General Service - Large: TOU-8, Option R (2kV - 50kV)",2024-10-01 06:00:00+00:00,2014-01-01 13:00:00+00:00,539fb61bec4f024bc1dbfcb1,"Time-Of-Use - General Service - Large: TOU-8, Option R (2kV - 50kV)",2014-01-01 13:00:00+00:00,False,10.746064339493497,0.03757409930322231,False,10.746064339493497,included,ok
539fb62dec4f024bc1dbfdb1,"Time of Use, General Service, Demand Metered, Critical Peak Option: TOU-GS-2 CPP, Three Phase (2kV - 50kV)",Southern California Edison Co,56b920015457a3642c48d235,"Time of Use, General Service, Demand Metered, Critical Peak Option: TOU-GS-2 CPP, Three Phase (2kV - 50kV)",2016-01-01 07:00:00+00:00,2014-01-01 08:00:00+00:00,,,,,,,False,1.995893223819302,excluded,only 2.0 years of history in the source data (need 10) — the earlier version this would compare against either doesn't exist yet or its supersedes chain doesn't reach back that far in this dataset
539fb64fec4f024bc1dbff09,"Time-Of-Use Agricultural and Pumping - Large: TOU-PA-3, Option D (Under 2kV)",Southern California Edison Co,675739a8be684656110eb22c,"Time-Of-Use Agricultural and Pumping - Large: TOU-PA-3, Option D (Under 2kV)",2024-10-01 06:00:00+00:00,2014-01-01 08:00:00+00:00,539fb64fec4f024bc1dbff09,"Time-Of-Use Agricultural and Pumping - Large: TOU-PA-3, Option B (Under 2kV)",2014-01-01 08:00:00+00:00,True,10.746064339493497,0.056415765014380836,False,10.746064339493497,included,ok
539fb693ec4f024bc1dc01ed,"Time-Of-Use Agricultural and Pumping-Small to Medium: TOU-PA-2, Option CPP-Lite (50kV-220kV)",Southern California Edison Co,56be1c5f5457a369548b456a,"Time-Of-Use Agricultural and Pumping-Small to Medium: TOU-PA-2, Option CPP-Lite (50kV-220kV)",2016-01-01 07:00:00+00:00,2014-01-01 13:00:00+00:00,,,,,,,False,1.995893223819302,excluded,only 2.0 years of history in the source data (need 10) — the earlier version this would compare against either doesn't exist yet or its supersedes chain doesn't reach back that far in this dataset
539fb6c8ec4f024bc1dc0493,Agriculture Power TOU Rate (AG-4B),Pacific Gas & Electric Co,69dea8571ae3be1716020edc,Agriculture Power TOU Rate (AG-4B),2026-03-27 07:00:00+00:00,2014-01-01 08:00:00+00:00,574dacae5457a30a7e5e629d,Agriculture Power TOU Rate (AG-4B),2016-03-24 07:00:00+00:00,False,10.00684462696783,0.06620971922970442,False,12.229979466119097,included,ok
539fb6fbec4f024bc1dc0657,"Time-Of-Use - General Service - Large: TOU-8, Option B (Under 2 kV)",Southern California Edison Co,674f36b9673ef28d960361a8,"Time-Of-Use - General Service - Large: TOU-8, Option B (Under 2 kV)",2024-10-01 06:00:00+00:00,2014-01-01 13:00:00+00:00,539fb6fbec4f024bc1dc0657,"Time-Of-Use - General Service - Large: TOU-8, Option B (under 2 kV)",2014-01-01 13:00:00+00:00,True,10.746064339493497,0.03637267630337093,False,10.746064339493497,included,ok
539fb70fec4f024bc1dc07bb,Schedule FL Flat Rate Service-Not Exceeding 50% Load Factor 0 - 200 Watt,Modesto Irrigation District,539fb70fec4f024bc1dc07bb,Schedule FL Flat Rate Service-Not Exceeding 50% Load Factor 0 - 200 Watt,2013-04-01 13:00:00+00:00,2013-04-01 13:00:00+00:00,,,,,,,False,0.0,excluded,only 0.0 years of history in the source data (need 10) — the earlier version this would compare against either doesn't exist yet or its supersedes chain doesn't reach back that far in this dataset
539fb71eec4f024bc1dc0813,Schedule FL Flat Rate Service-In Excess of 50% Load Factor 801 - 1000 Watt,Modesto Irrigation District,5b292ba05457a3df60e5d862,Schedule FL Flat Rate Service-In Excess of 50% Load Factor 801 - 1000 Watt,2017-09-01 07:00:00+00:00,2013-04-01 13:00:00+00:00,,,,,,,False,4.41615331964408,excluded,only 4.4 years of history in the source data (need 10) — the earlier version this would compare against either doesn't exist yet or its supersedes chain doesn't reach back that far in this dataset
539fb740ec4f024bc1dc09a9,"Time-Of-Use Agricutural and Pumping - Small to Medium: TOU-PA-2, Option A (Under 2kV)",Southern California Edison Co,539fb740ec4f024bc1dc09a9,"Time-Of-Use Agricutural and Pumping - Small to Medium: TOU-PA-2, Option A (Under 2kV)",2014-01-01 07:00:00+00:00,2014-01-01 07:00:00+00:00,,,,,,,False,0.0,excluded,only 0.0 years of history in the source data (need 10) — the earlier version this would compare against either doesn't exist yet or its supersedes chain doesn't reach back that far in this dataset
539fb741ec4f024bc1dc09b9,Schedule NM Flat Rate Service-501 - 800 watts(Winter),Turlock Irrigation District,5b4f6c085457a3152cc6d675,Schedule NM Flat Rate Service-501 - 800 watts(Winter),2015-01-01 08:00:00+00:00,2009-02-01 13:00:00+00:00,,,,,,,False,5.9110198494182065,excluded,only 5.9 years of history in the source data (need 10) — the earlier version this would compare against either doesn't exist yet or its supersedes chain doesn't reach back that far in this dataset
539fb751ec4f024bc1dc0a65,TOU-GS-3R; Closed Rate,Southern California Edison Co,539fb751ec4f024bc1dc0a65,TOU-GS-3R; Closed Rate,2011-03-01 07:00:00+00:00,2011-03-01 07:00:00+00:00,,,,,,,False,0.0,excluded,only 0.0 years of history in the source data (need 10) — the earlier version this would compare against either doesn't exist yet or its supersedes chain doesn't reach back that far in this dataset
539fb751ec4f024bc1dc0a8b,"Time of Use, General Service, Demand Metered, Option R: GS-2 TOU R - Three phase (at 220kV)",Southern California Edison Co,6753560af85ef1eed60bd850,"Time of Use, General Service, Demand Metered, Option R: GS-2 TOU R - Three phase (at 220kV)",2024-10-01 06:00:00+00:00,2014-01-01 13:00:00+00:00,539fb751ec4f024bc1dc0a8b,"Time of Use, General Service, Demand Metered, Option R: GS-2 TOU R - Three phase (at 220kV)",2014-01-01 13:00:00+00:00,False,10.746064339493497,0.04743592190125412,False,10.746064339493497,included,ok
539fb7aaec4f024bc1dc0e9f,A-10 Medium General Demand Service TOU (Primary Voltage),Pacific Gas & Electric Co,69de8a2d08c252b4010e1d41,A-10 Medium General Demand Service TOU (Primary Voltage),2026-03-27 07:00:00+00:00,2014-01-01 08:00:00+00:00,574cc7015457a3f8595e629f,A-10 Medium General Demand Service TOU (Primary Voltage),2016-03-24 07:00:00+00:00,False,10.00684462696783,0.0523310101419876,False,12.229979466119097,included,ok
539fb7dcec4f024bc1dc107d,A-10 Medium General Demand Service (Secondary Voltage),Pacific Gas & Electric Co,69de8950a6e15ebd62035b3d,A-10 Medium General Demand Service (Secondary Voltage),2026-03-27 07:00:00+00:00,2014-01-01 08:00:00+00:00,574cc43b5457a3f9595e629f,A-10 Medium General Demand Service (Secondary Voltage),2016-03-24 07:00:00+00:00,False,10.00684462696783,0.05297481182752062,False,12.229979466119097,included,ok
539fb7efec4f024bc1dc1165,Small General Service Time-Of-Use (A-1)(B): Electric Vehicle Discount,Los Angeles Department of Water & Power,555ce8785457a3285f8b4568,Small General Service Time-Of-Use (A-1)(B): Electric Vehicle Discount,2015-06-01 07:00:00+00:00,2014-04-01 13:00:00+00:00,,,,,,,False,1.163586584531143,excluded,only 1.2 years of history in the source data (need 10) — the earlier version this would compare against either doesn't exist yet or its supersedes chain doesn't reach back that far in this dataset
539fb812ec4f024bc1dc133d,"Time of Use, General Service, Demand Metered, GS-2 TOU A, Single Phase (2kV - 50kV)",Southern California Edison Co,5c8180987bece2299eceb3d9,"Time of Use, General Service, Demand Metered, GS-2 TOU A, Single Phase (2kV - 50kV)",2018-10-01 07:00:00+00:00,2014-01-01 13:00:00+00:00,,,,,,,False,4.744695414099931,excluded,only 4.7 years of history in the source data (need 10) — the earlier version this would compare against either doesn't exist yet or its supersedes chain doesn't reach back that far in this dataset
539fb825ec4f024bc1dc1427,Power-Agricultural and Pumping Demand Metered: PA-2 (at 220kV),Southern California Edison Co,67572f4fc33fc66a3504cc8f,Power-Agricultural and Pumping Demand Metered: PA-2 (at 220kV),2024-10-01 06:00:00+00:00,2014-01-01 13:00:00+00:00,539fb825ec4f024bc1dc1427,Power-Agricultural and Pumping Demand Metered: PA-2 (at 220kV),2014-01-01 13:00:00+00:00,False,10.746064339493497,0.055002100198246584,False,10.746064339493497,included,ok
539fb834ec4f024bc1dc147b,Time-Of-Use Agricultural and Pumping: TOU-PA - Option A (at 220kV),Southern California Edison Co,539fb834ec4f024bc1dc147b,Time-Of-Use Agricultural and Pumping: TOU-PA - Option A (at 220kV),2014-01-01 07:00:00+00:00,2014-01-01 07:00:00+00:00,,,,,,,False,0.0,excluded,only 0.0 years of history in the source data (need 10) — the earlier version this would compare against either doesn't exist yet or its supersedes chain doesn't reach back that far in this dataset
539fb869ec4f024bc1dc16e5,Schedule FL Flat Rate Service-In Excess of 50% Load Factor 1601 - 1800 Watt,Modesto Irrigation District,539fb869ec4f024bc1dc16e5,Schedule FL Flat Rate Service-In Excess of 50% Load Factor 1601 - 1800 Watt,2013-04-01 13:00:00+00:00,2013-04-01 13:00:00+00:00,,,,,,,False,0.0,excluded,only 0.0 years of history in the source data (need 10) — the earlier version this would compare against either doesn't exist yet or its supersedes chain doesn't reach back that far in this dataset
539fb88aec4f024bc1dc1835,Schedule PI Restricted Irrigation Pumping(On Season),Turlock Irrigation District,539fb88aec4f024bc1dc1835,Schedule PI Restricted Irrigation Pumping(On Season),2009-02-01 13:00:00+00:00,2009-02-01 13:00:00+00:00,,,,,,,False,0.0,excluded,only 0.0 years of history in the source data (need 10) — the earlier version this would compare against either doesn't exist yet or its supersedes chain doesn't reach back that far in this dataset
539fb88bec4f024bc1dc1897,"Time-Of-Use - General Service - Large: TOU-8, Option B (50kV - 220kV)",Southern California Edison Co,674f36c6d1b9875c3d07cd2b,"Time-Of-Use - General Service - Large: TOU-8, Option B (50kV - 220kV)",2024-10-01 06:00:00+00:00,2014-01-01 13:00:00+00:00,539fb88bec4f024bc1dc1897,"Time-Of-Use - General Service - Large: TOU-8, Option B (above 50kV)",2014-01-01 13:00:00+00:00,True,10.746064339493497,0.03661810360887996,False,10.746064339493497,included,ok
539fb89cec4f024bc1dc1941,Time-Of-Use Agricultural and Pumping: TOU-PA - Option A (2kV - 50kV),Southern California Edison Co,539fb89cec4f024bc1dc1941,Time-Of-Use Agricultural and Pumping: TOU-PA - Option A (2kV - 50kV),2014-01-01 07:00:00+00:00,2014-01-01 07:00:00+00:00,,,,,,,False,0.0,excluded,only 0.0 years of history in the source data (need 10) — the earlier version this would compare against either doesn't exist yet or its supersedes chain doesn't reach back that far in this dataset
539fb8e5ec4f024bc1dc1c81,Schedule NM Flat Rate Service-801 - 1200 watts(Winter),Turlock Irrigation District,5b4f70355457a38e72c6d676,Schedule NM Flat Rate Service-801 - 1200 watts(Winter),2015-01-01 08:00:00+00:00,2009-02-01 13:00:00+00:00,,,,,,,False,5.9110198494182065,excluded,only 5.9 years of history in the source data (need 10) — the earlier version this would compare against either doesn't exist yet or its supersedes chain doesn't reach back that far in this dataset
539fb8f7ec4f024bc1dc1d53,"Time-of-use - General Service - Demand Metered: TOU-GS-3, Option A (2kV to 50kV)",Southern California Edison Co,539fb8f7ec4f024bc1dc1d53,"Time-of-use - General Service - Demand Metered: TOU-GS-3, Option A (2kV to 50kV)",2014-01-01 08:00:00+00:00,2014-01-01 08:00:00+00:00,,,,,,,False,0.0,excluded,only 0.0 years of history in the source data (need 10) — the earlier version this would compare against either doesn't exist yet or its supersedes chain doesn't reach back that far in this dataset
539fb907ec4f024bc1dc1dd3,Schedule NM Flat Rate Service-0 - 200 watts(Winter),Turlock Irrigation District,5b4e610e5457a3776ec6d675,Schedule NM Flat Rate Service-0 - 200 watts(Winter),2015-01-01 08:00:00+00:00,2009-02-01 13:00:00+00:00,,,,,,,False,5.9110198494182065,excluded,only 5.9 years of history in the source data (need 10) — the earlier version this would compare against either doesn't exist yet or its supersedes chain doesn't reach back that far in this dataset
539fb907ec4f024bc1dc1ded,"Time-Of-Use Agricultural and Pumping - Large: TOU-PA-3, Option CPP (50kV-220kV)",Southern California Edison Co,56be26f65457a332548b456b,"Time-Of-Use Agricultural and Pumping - Large: TOU-PA-3, Option CPP (50kV-220kV)",2016-01-01 07:00:00+00:00,2014-01-01 13:00:00+00:00,,,,,,,False,1.995893223819302,excluded,only 2.0 years of history in the source data (need 10) — the earlier version this would compare against either doesn't exist yet or its supersedes chain doesn't reach back that far in this dataset
539fb919ec4f024bc1dc1e5f,AL-TOU Secondary (Above 500kW),San Diego Gas & Electric Co,6772f0268322c2ebdc04e77e,AL-TOU Secondary (Above 500kW),2024-10-01 06:00:00+00:00,2014-01-01 13:00:00+00:00,5405e7c85257a3d222af34b2,AL-TOU Secondary,2014-08-01 07:00:00+00:00,True,10.165639972621491,0.13291717039750628,False,10.746064339493497,included,ok
539fb91bec4f024bc1dc1ee7,Schedule CT Commercial Service - Time-Of-Use Under 35 kW,Turlock Irrigation District,5b4ccdff5457a3e50dc6d674,Schedule CT Commercial Service - Time-Of-Use Under 35 kW,2015-01-01 08:00:00+00:00,2009-02-01 13:00:00+00:00,,,,,,,False,5.9110198494182065,excluded,only 5.9 years of history in the source data (need 10) — the earlier version this would compare against either doesn't exist yet or its supersedes chain doesn't reach back that far in this dataset
539fb960ec4f024bc1dc2203,"Time of Use, General Service, Demand Metered, Critical Peak Option: TOU-GS-2 CPP, Three Phase (Under 2kV)",Southern California Edison Co,56b926e15457a3a07f48d234,"Time of Use, General Service, Demand Metered, Critical Peak Option: TOU-GS-2 CPP, Three Phase (Under 2kV)",2016-01-01 07:00:00+00:00,2014-01-01 13:00:00+00:00,,,,,,,False,1.995893223819302,excluded,only 2.0 years of history in the source data (need 10) — the earlier version this would compare against either doesn't exist yet or its supersedes chain doesn't reach back that far in this dataset
539fb992ec4f024bc1dc23ef,Small Agricultural Service Nondemand Rate AG (ASN),Sacramento Municipal Utility District,68c0830d90fd5c0e640f7168,Small Agricultural Service Nondemand Rate AG (ASN),2025-05-01 07:00:00+00:00,2012-01-01 08:00:00+00:00,557aeada5457a3be2b8ba37b,Small Agricultural Service Nondemand Rates AG (ASN),2015-04-10 07:00:00+00:00,True,10.05886379192334,0.031374755900728246,False,13.32785763175907,included,ok
539fb9d8ec4f024bc1dc2761,"GS-2, Single Phase Service(at 220 kV)",Southern California Edison Co,539fb9d8ec4f024bc1dc2761,"GS-2, Single Phase Service(at 220 kV)",2014-01-29 13:00:00+00:00,2014-01-29 13:00:00+00:00,,,,,,,False,0.0,excluded,only 0.0 years of history in the source data (need 10) — the earlier version this would compare against either doesn't exist yet or its supersedes chain doesn't reach back that far in this dataset
539fb9eaec4f024bc1dc27cb,"Time-Of-Use Agricultural and Pumping - Small to Medium: TOU-PA-2, Option E (2kV-50kV)",Southern California Edison Co,67573550be684656110eb22a,"Time-Of-Use Agricultural and Pumping - Small to Medium: TOU-PA-2, Option E (2kV-50kV)",2023-10-01 06:00:00+00:00,2014-01-01 13:00:00+00:00,,,,,,,False,9.744010951403148,excluded,only 9.7 years of history in the source data (need 10) — the earlier version this would compare against either doesn't exist yet or its supersedes chain doesn't reach back that far in this dataset
539fb9ebec4f024bc1dc2829,Schedule FL Flat Rate Service-Not Exceeding 50% Load Factor 201 - 400 Watt,Modesto Irrigation District,5b2935375457a36d22e5d862,Schedule FL Flat Rate Service-Not Exceeding 50% Load Factor 201 - 400 Watt,2017-09-01 07:00:00+00:00,2013-04-01 13:00:00+00:00,,,,,,,False,4.41615331964408,excluded,only 4.4 years of history in the source data (need 10) — the earlier version this would compare against either doesn't exist yet or its supersedes chain doesn't reach back that far in this dataset
539fb9feec4f024bc1dc2917,"Time-Of-Use - General Service - Large: TOU-8, Option B (at 220kV); Closed Rate",Southern California Edison Co,539fb9feec4f024bc1dc2917,"Time-Of-Use - General Service - Large: TOU-8, Option B (at 220kV); Closed Rate",2014-01-01 07:00:00+00:00,2014-01-01 07:00:00+00:00,,,,,,,False,0.0,excluded,only 0.0 years of history in the source data (need 10) — the earlier version this would compare against either doesn't exist yet or its supersedes chain doesn't reach back that far in this dataset
539fba43ec4f024bc1dc2bc9,Power - Agricultural and Pumping Connected Load Basis: PA-1 (at 220kV),Southern California Edison Co,675729ee736d71dbcf099ef0,Power - Agricultural and Pumping Connected Load Basis: PA-1 (at 220kV),2024-10-01 06:00:00+00:00,2014-01-01 13:00:00+00:00,539fba43ec4f024bc1dc2bc9,Power - Agricultural and Pumping Connected Load Basis: PA-1 (at 220kV),2014-01-01 13:00:00+00:00,False,10.746064339493497,0.0332958439373805,False,10.746064339493497,included,ok
539fba57ec4f024bc1dc2d1d,"Time-of-use - General Service - Demand Metered-Super Off Peak: TOU-GS-3-SOP,(50kV to 220kV)",Southern California Edison Co,539fba57ec4f024bc1dc2d1d,"Time-of-use - General Service - Demand Metered-Super Off Peak: TOU-GS-3-SOP,(50kV to 220kV)",2014-01-01 13:00:00+00:00,2014-01-01 13:00:00+00:00,,,,,,,False,0.0,excluded,only 0.0 years of history in the source data (need 10) — the earlier version this would compare against either doesn't exist yet or its supersedes chain doesn't reach back that far in this dataset
539fba79ec4f024bc1dc2e2f,Agriculture Power AG-1 (Rate A),Pacific Gas & Electric Co,69de97d0f3508cead300dc5f,Agriculture Power AG-1 (Rate A),2026-03-27 07:00:00+00:00,2014-01-01 13:00:00+00:00,574da8065457a3de795e629d,Agriculture Power AG-1 (Rate A),2016-03-24 07:00:00+00:00,False,10.00684462696783,0.021708858847156787,False,12.229979466119097,included,ok
539fbcbdec4f024c27d87371,Schedule FL Flat Rate Service-Not Exceeding 50% Load Factor 1601 - 1800 Watt,Modesto Irrigation District,539fbcbdec4f024c27d87371,Schedule FL Flat Rate Service-Not Exceeding 50% Load Factor 1601 - 1800 Watt,2013-04-01 13:00:00+00:00,2013-04-01 13:00:00+00:00,,,,,,,False,0.0,excluded,only 0.0 years of history in the source data (need 10) — the earlier version this would compare against either doesn't exist yet or its supersedes chain doesn't reach back that far in this dataset
539fbcd1ec4f024c27d874ad,"General Service - Demand: GS-2, Three Phase Service(at 220 kV)",Southern California Edison Co,539fbcd1ec4f024c27d874ad,"General Service - Demand: GS-2, Three Phase Service(at 220 kV)",2014-01-29 08:00:00+00:00,2014-01-29 08:00:00+00:00,,,,,,,False,0.0,excluded,only 0.0 years of history in the source data (need 10) — the earlier version this would compare against either doesn't exist yet or its supersedes chain doesn't reach back that far in this dataset
539fbd14ec4f024c27d877a5,"Time of Use, General Service, Demand Metered, Option R: GS-2 TOU R - Single phase (at 220kV)",Southern California Edison Co,67535631c8947b02cd012d4f,"Time of Use, General Service, Demand Metered, Option R: GS-2 TOU R - Single phase (at 220kV)",2024-10-01 06:00:00+00:00,2014-01-01 13:00:00+00:00,539fbd14ec4f024c27d877a5,"Time of Use, General Service, Demand Metered, Option R: GS-2 TOU R - Single phase (at 220kV)",2014-01-01 13:00:00+00:00,False,10.746064339493497,0.04743592190125412,False,10.746064339493497,included,ok
539fbd26ec4f024c27d87885,"Time of Use, General Service, Demand Metered, Option A: GS-2 TOU A, Single Phase (Under 2kV)",Southern California Edison Co,56b291785457a3c65fc2db59,"Time of Use, General Service, Demand Metered, Option A: GS-2 TOU A, Single Phase (Under 2kV)",2016-01-01 07:00:00+00:00,2014-01-01 08:00:00+00:00,,,,,,,False,1.995893223819302,excluded,only 2.0 years of history in the source data (need 10) — the earlier version this would compare against either doesn't exist yet or its supersedes chain doesn't reach back that far in this dataset
539fbd36ec4f024c27d87931,"Schedule BP Bulk Power Industrial, Demand Metered 7,000 kW and Over, Time-Of-Use",Turlock Irrigation District,5b4e0fa65457a33f5ac6d674,"Schedule BP Bulk Power Industrial, Demand Metered 7,000 kW and Over, Time-Of-Use",2015-01-01 08:00:00+00:00,2009-02-01 13:00:00+00:00,,,,,,,False,5.9110198494182065,excluded,only 5.9 years of history in the source data (need 10) — the earlier version this would compare against either doesn't exist yet or its supersedes chain doesn't reach back that far in this dataset
539fbd37ec4f024c27d87969,"Time of Use, General Service, Demand Metered, Critical Peak-Lite Option: TOU-GS-2 CPP-Lite, Three Phase (2kV-50kV)",Southern California Edison Co,539fbd37ec4f024c27d87969,"Time of Use, General Service, Demand Metered, Critical Peak-Lite Option: TOU-GS-2 CPP-Lite, Three Phase (2kV-50kV)",2014-01-01 08:00:00+00:00,2014-01-01 08:00:00+00:00,,,,,,,False,0.0,excluded,only 0.0 years of history in the source data (need 10) — the earlier version this would compare against either doesn't exist yet or its supersedes chain doesn't reach back that far in this dataset
539fbd7fec4f024c27d87c63,Time-Of-Use Agricultural and Pumping: TOU-PA - Option A (50kV - 220kV),Southern California Edison Co,539fbd7fec4f024c27d87c63,Time-Of-Use Agricultural and Pumping: TOU-PA - Option A (50kV - 220kV),2014-01-01 07:00:00+00:00,2014-01-01 07:00:00+00:00,,,,,,,False,0.0,excluded,only 0.0 years of history in the source data (need 10) — the earlier version this would compare against either doesn't exist yet or its supersedes chain doesn't reach back that far in this dataset
539fbd7fec4f024c27d87c87,General Service - Demand: GS-2 - Three Phase (2kV to 50kV),Southern California Edison Co,539fbd7fec4f024c27d87c87,General Service - Demand: GS-2 - Three Phase (2kV to 50kV),2014-01-29 13:00:00+00:00,2014-01-29 13:00:00+00:00,,,,,,,False,0.0,excluded,only 0.0 years of history in the source data (need 10) — the earlier version this would compare against either doesn't exist yet or its supersedes chain doesn't reach back that far in this dataset
539fbd90ec4f024c27d87cf5,"Time-Of-Use - General Service - Large: TOU-8, Option A (2 kV - 50kV)",Southern California Edison Co,5c81803d7bece2299eceb3bb,"Time-Of-Use - General Service - Large: TOU-8, Option A (2 kV - 50kV)",2018-10-01 07:00:00+00:00,2014-01-01 13:00:00+00:00,,,,,,,False,4.744695414099931,excluded,only 4.7 years of history in the source data (need 10) — the earlier version this would compare against either doesn't exist yet or its supersedes chain doesn't reach back that far in this dataset
539fbdd9ec4f024c27d87fcf,Schedule FL Flat Rate Service-In Excess of 50% Load Factor 1001 - 1200 Watt,Modesto Irrigation District,5b291ea45457a3ae45e5d862,Schedule FL Flat Rate Service-In Excess of 50% Load Factor 1001 - 1200 Watt,2017-09-01 07:00:00+00:00,2013-04-01 13:00:00+00:00,,,,,,,False,4.41615331964408,excluded,only 4.4 years of history in the source data (need 10) — the earlier version this would compare against either doesn't exist yet or its supersedes chain doesn't reach back that far in this dataset
539fbe00ec4f024c27d881dd,"Time-Of-Use Agricultural and Pumping - Large: TOU-PA-3, Option D (50kV-220kV)",Southern California Edison Co,675739bcfe4f0b50f502798e,"Time-Of-Use Agricultural and Pumping - Large: TOU-PA-3, Option D (50kV-220kV)",2024-10-01 06:00:00+00:00,2014-01-01 13:00:00+00:00,539fbe00ec4f024c27d881dd,"Time-Of-Use Agricultural and Pumping - Large: TOU-PA-3, Option B (50kV-220kV)",2014-01-01 13:00:00+00:00,True,10.746064339493497,0.052779371138816034,False,10.746064339493497,included,ok
539fbe00ec4f024c27d88209,A-1-Small General Service-Non-Time of Use Rate (Single-Phase),Pacific Gas & Electric Co,69de87e8a6e15ebd62035b3c,A-1-Small General Service-Non-Time of Use Rate (Single-Phase),2026-03-27 07:00:00+00:00,2014-01-01 13:00:00+00:00,574cbd8e5457a37c445e629e,A-1-Small General Service-Non-Time of Use Rate (Single-Phase),2016-03-24 07:00:00+00:00,False,10.00684462696783,0.06231975223124042,False,12.229979466119097,included,ok
539fbe20ec4f024c27d882e9,Schedule FL Flat Rate Service-In Excess of 50% Load Factor 401 - 600 Watt,Modesto Irrigation District,5b2834325457a35753e5d863,Schedule FL Flat Rate Service-In Excess of 50% Load Factor 401 - 600 Watt,2017-09-01 07:00:00+00:00,2013-04-01 13:00:00+00:00,,,,,,,False,4.41615331964408,excluded,only 4.4 years of history in the source data (need 10) — the earlier version this would compare against either doesn't exist yet or its supersedes chain doesn't reach back that far in this dataset
539fbe32ec4f024c27d883db,"Time of Use, General Service, Demand Metered, Option A: GS-2 TOU A, Three Phase (Under 2kV)",Southern California Edison Co,539fbe32ec4f024c27d883db,"Time of Use, General Service, Demand Metered, Option A: GS-2 TOU A, Three Phase (Under 2kV)",2014-01-01 08:00:00+00:00,2014-01-01 08:00:00+00:00,,,,,,,False,0.0,excluded,only 0.0 years of history in the source data (need 10) — the earlier version this would compare against either doesn't exist yet or its supersedes chain doesn't reach back that far in this dataset
539fbe44ec4f024c27d88493,SCHEDULE MH MASTER METERED MOBILE HOME/RV PARK SERVICE,Imperial Irrigation District,54bff7fb5357a3da776bdba2,SCHEDULE MH MASTER METERED MOBILE HOME/RV PARK SERVICE,2015-01-01 07:00:00+00:00,1998-01-01 13:00:00+00:00,539fbe44ec4f024c27d88493,SCHEDULE MH MASTER METERED MOBILE HOME/RV PARK SERVICE,1998-01-01 13:00:00+00:00,False,16.996577686516083,0.028673095872956855,False,16.996577686516083,included,ok
539fbe46ec4f024c27d884f5,"Time of Use, General Service, Demand Metered, Critical Peak-Lite Option: TOU-GS-2 CPP-Lite, Single Phase (At 220kV)",Southern California Edison Co,56b92cb45457a38b0348d233,"Time of Use, General Service, Demand Metered, Critical Peak-Lite Option: TOU-GS-2 CPP-Lite, Single Phase (At 220kV)",2016-01-01 07:00:00+00:00,2014-01-01 13:00:00+00:00,,,,,,,False,1.995893223819302,excluded,only 2.0 years of history in the source data (need 10) — the earlier version this would compare against either doesn't exist yet or its supersedes chain doesn't reach back that far in this dataset
539fbe46ec4f024c27d88501,"Time-Of-Use Agricultural and Pumping: TOU-PA, Option B (at 220kV)",Southern California Edison Co,539fbe46ec4f024c27d88501,"Time-Of-Use Agricultural and Pumping: TOU-PA, Option B (at 220kV)",2014-01-01 07:00:00+00:00,2014-01-01 07:00:00+00:00,,,,,,,False,0.0,excluded,only 0.0 years of history in the source data (need 10) — the earlier version this would compare against either doesn't exist yet or its supersedes chain doesn't reach back that far in this dataset
539fbe67ec4f024c27d88657,Customer Generation Subtransmission (34.5kV) CG-3A,Los Angeles Department of Water & Power,69ef983843b1cb28bd04394b,Customer Generation Subtransmission (34.5kV) CG-3A,2026-04-01 07:00:00+00:00,2014-04-01 07:00:00+00:00,572143c75457a34933b3387d,Customer Generation Subtransmission (34.5kV) CG-3A,2016-04-01 07:00:00+00:00,False,9.998631074606434,0.0,False,12.0,included,ok
539fbe8fec4f024c27d88791,A6-TOU Primary,San Diego Gas & Electric Co,6774234bb5f9d561220eced5,A6-TOU Primary,2024-10-01 06:00:00+00:00,2014-01-01 13:00:00+00:00,5405fff05257a37424af34b1,A6-TOU (Primary),2014-08-01 07:00:00+00:00,True,10.165639972621491,0.2823772339877184,False,10.746064339493497,included,ok
539fbea2ec4f024c27d888b1,AL-TOU Secondary 500KW,San Diego Gas & Electric Co,5405f5a35257a39424af34b1,AL-TOU Secondary 500KW,2014-08-01 07:00:00+00:00,2014-01-01 13:00:00+00:00,,,,,,,False,0.5776865160848734,excluded,only 0.6 years of history in the source data (need 10) — the earlier version this would compare against either doesn't exist yet or its supersedes chain doesn't reach back that far in this dataset
539fbed8ec4f024c27d88ae3,SCHEDULE PA AGRICULTURAL PUMPING SERVICE,Imperial Irrigation District,54bff7935357a3db776bdba3,SCHEDULE PA AGRICULTURAL PUMPING SERVICE,2015-01-01 07:00:00+00:00,1998-01-01 13:00:00+00:00,539fbed8ec4f024c27d88ae3,SCHEDULE PA AGRICULTURAL PUMPING SERVICE,1998-01-01 13:00:00+00:00,False,16.996577686516083,0.025747265927727803,False,16.996577686516083,included,ok
539fbed8ec4f024c27d88afd,"Time-Of-Use Agricultural and Pumping-Small to Medium: TOU-PA-2, Option CPP (Under 2kV)",Southern California Edison Co,56be17f45457a363568b4567,"Time-Of-Use Agricultural and Pumping-Small to Medium: TOU-PA-2, Option CPP (Under 2kV)",2016-01-01 07:00:00+00:00,2014-01-01 08:00:00+00:00,,,,,,,False,1.995893223819302,excluded,only 2.0 years of history in the source data (need 10) — the earlier version this would compare against either doesn't exist yet or its supersedes chain doesn't reach back that far in this dataset
539fbefdec4f024c27d88c81,"Time-of-use - General Service - Demand Metered: TOU-GS-3, Option B (50kV to 220kV)",Southern California Edison Co,539fbefdec4f024c27d88c81,"Time-of-use - General Service - Demand Metered: TOU-GS-3, Option B (50kV to 220kV)",2014-01-01 08:00:00+00:00,2014-01-01 08:00:00+00:00,,,,,,,False,0.0,excluded,only 0.0 years of history in the source data (need 10) — the earlier version this would compare against either doesn't exist yet or its supersedes chain doesn't reach back that far in this dataset
539fbf0fec4f024c27d88d5b,Schedule FL Flat Rate Service-Not Exceeding 50% Load Factor 1201 - 1400 Watt,Modesto Irrigation District,539fbf0fec4f024c27d88d5b,Schedule FL Flat Rate Service-Not Exceeding 50% Load Factor 1201 - 1400 Watt,2013-04-01 13:00:00+00:00,2013-04-01 13:00:00+00:00,,,,,,,False,0.0,excluded,only 0.0 years of history in the source data (need 10) — the earlier version this would compare against either doesn't exist yet or its supersedes chain doesn't reach back that far in this dataset
539fbf20ec4f024c27d88dcd,"Time of Use, General Service, Demand Metered, Option B: GS-2 TOU B, Single Phase (Under 2kV)",Southern California Edison Co,56b525ac5457a39550c2db58,"Time of Use, General Service, Demand Metered, Option B: GS-2 TOU B, Single Phase (Under 2kV)",2016-01-01 07:00:00+00:00,2014-01-29 13:00:00+00:00,,,,,,,False,1.919233401779603,excluded,only 1.9 years of history in the source data (need 10) — the earlier version this would compare against either doesn't exist yet or its supersedes chain doesn't reach back that far in this dataset
539fbf45ec4f024c27d88f6f,Transmission Service (A-4)(A),Los Angeles Department of Water & Power,69eba022d944dd4e3c095d42,Transmission Service (A-4)(A),2026-04-01 07:00:00+00:00,2014-04-01 07:00:00+00:00,5721400f5457a3e23bb3387c,Transmission Service (A-4)(A),2016-04-01 07:00:00+00:00,False,9.998631074606434,0.007485881868126043,False,12.0,included,ok
539fbf7eec4f024c27d8922b,SCHEDULE ED ECONOMIC DEVELOPMENT,Imperial Irrigation District,539fbf7eec4f024c27d8922b,SCHEDULE ED ECONOMIC DEVELOPMENT,1999-04-01 13:00:00+00:00,1999-04-01 13:00:00+00:00,,,,,,,False,0.0,excluded,only 0.0 years of history in the source data (need 10) — the earlier version this would compare against either doesn't exist yet or its supersedes chain doesn't reach back that far in this dataset
539fbfc6ec4f024c27d89531,"Time of Use, General Service, Demand Metered, Option R: GS-2 TOU R - Single phase (2kV-50kV)",Southern California Edison Co,67535623a7d2ac0ef60003c2,"Time of Use, General Service, Demand Metered, Option R: GS-2 TOU R - Single phase (2kV-50kV)",2024-10-01 06:00:00+00:00,2014-01-01 08:00:00+00:00,539fbfc6ec4f024c27d89531,"Time of Use, General Service, Demand Metered, Option R: GS-2 TOU R - Single phase (Under 2kV)",2014-01-01 08:00:00+00:00,True,10.746064339493497,0.04743592190125412,False,10.746064339493497,included,ok
539fbfc6ec4f024c27d8953b,Agriculture Power AG-1 (Rate B) Secondary,Pacific Gas & Electric Co,69de97db6c6b1b3352045e3e,Agriculture Power AG-1 (Rate B) Secondary,2026-03-27 07:00:00+00:00,2014-02-01 08:00:00+00:00,574da8e05457a3d3795e629d,Agriculture Power AG-1 (Rate B),2016-03-24 07:00:00+00:00,True,10.00684462696783,0.012163729095687748,False,12.145106091718,included,ok
539fbfd9ec4f024c27d8962f,Schedule SG Self-Generation(above 10kW and below 500kW) With Standby Service.,Turlock Irrigation District,539fbfd9ec4f024c27d8962f,Schedule SG Self-Generation(above 10kW and below 500kW) With Standby Service.,2011-01-01 13:00:00+00:00,2011-01-01 13:00:00+00:00,,,,,,,False,0.0,excluded,only 0.0 years of history in the source data (need 10) — the earlier version this would compare against either doesn't exist yet or its supersedes chain doesn't reach back that far in this dataset
539fbfeaec4f024c27d896af,A-6 Small General Service TOU Poly Phase,Pacific Gas & Electric Co,69de98911ae3be1716020edb,A-6 Small General Service TOU Poly Phase,2026-03-27 07:00:00+00:00,2014-01-01 13:00:00+00:00,574cc1b25457a39b4c5e62a0,A-6 Small General Service TOU Poly Phase,2016-03-24 07:00:00+00:00,False,10.00684462696783,0.058624001541053294,False,12.229979466119097,included,ok
539fc043ec4f024c27d89a21,Schedule IC-25 2005 Industrial Contract: 2005-2012 25 MW Minimum Demand,Modesto Irrigation District,5b2824245457a3723de5d863,Schedule IC-25 2005 Industrial Contract: 2005-2012 25 MW Minimum Demand,2017-01-01 08:00:00+00:00,2013-04-01 13:00:00+00:00,,,,,,,False,3.7508555783709787,excluded,only 3.8 years of history in the source data (need 10) — the earlier version this would compare against either doesn't exist yet or its supersedes chain doesn't reach back that far in this dataset
539fc0a2ec4f024c27d89e35,Schedule FC Farm Service - Connected Load,Turlock Irrigation District,539fc0a2ec4f024c27d89e35,Schedule FC Farm Service - Connected Load,2009-02-01 13:00:00+00:00,2009-02-01 13:00:00+00:00,,,,,,,False,0.0,excluded,only 0.0 years of history in the source data (need 10) — the earlier version this would compare against either doesn't exist yet or its supersedes chain doesn't reach back that far in this dataset
539fc0c6ec4f024c27d89fc9,Schedule FX Farm Service - Irrigation Pumping Time-Of-Use,Turlock Irrigation District,539fc0c6ec4f024c27d89fc9,Schedule FX Farm Service - Irrigation Pumping Time-Of-Use,2009-02-01 13:00:00+00:00,2009-02-01 13:00:00+00:00,,,,,,,False,0.0,excluded,only 0.0 years of history in the source data (need 10) — the earlier version this would compare against either doesn't exist yet or its supersedes chain doesn't reach back that far in this dataset
539fc0d8ec4f024c27d8a065,"Time-Of-Use Agricultural and Pumping-Small to Medium: TOU-PA-2, Option CPP-Lite (under 2kV)",Southern California Edison Co,56be1b405457a3ac1e8b456c,"Time-Of-Use Agricultural and Pumping-Small to Medium: TOU-PA-2, Option CPP-Lite (under 2kV)",2016-01-01 07:00:00+00:00,2014-01-01 08:00:00+00:00,,,,,,,False,1.995893223819302,excluded,only 2.0 years of history in the source data (need 10) — the earlier version this would compare against either doesn't exist yet or its supersedes chain doesn't reach back that far in this dataset
539fc0ffec4f024c27d8a1f3,"Time-of-use - General Service - Demand Metered: TOU-GS-3, Option A (50kV to 220kV)",Southern California Edison Co,539fc0ffec4f024c27d8a1f3,"Time-of-use - General Service - Demand Metered: TOU-GS-3, Option A (50kV to 220kV)",2014-01-01 13:00:00+00:00,2014-01-01 13:00:00+00:00,,,,,,,False,0.0,excluded,only 0.0 years of history in the source data (need 10) — the earlier version this would compare against either doesn't exist yet or its supersedes chain doesn't reach back that far in this dataset
539fc136ec4f024c27d8a453,Schedule NM Flat Rate Service-501 - 800 watts(Summer),Turlock Irrigation District,5b4f926d5457a3776ec6d678,Schedule NM Flat Rate Service-501 - 800 watts(Summer),2015-01-01 08:00:00+00:00,2009-02-01 13:00:00+00:00,,,,,,,False,5.9110198494182065,excluded,only 5.9 years of history in the source data (need 10) — the earlier version this would compare against either doesn't exist yet or its supersedes chain doesn't reach back that far in this dataset
539fc136ec4f024c27d8a485,"General Service - Demand: GS-2, Three Phase Service(50kV - 220 kV)",Southern California Edison Co,539fc136ec4f024c27d8a485,"General Service - Demand: GS-2, Three Phase Service(50kV - 220 kV)",2014-01-29 13:00:00+00:00,2014-01-29 13:00:00+00:00,,,,,,,False,0.0,excluded,only 0.0 years of history in the source data (need 10) — the earlier version this would compare against either doesn't exist yet or its supersedes chain doesn't reach back that far in this dataset
539fc137ec4f024c27d8a4b9,Power-Agricultural and Pumping Demand Metered: PA-2 (50kV-220kV),Southern California Edison Co,67572f49c33fc66a3504cc8e,Power-Agricultural and Pumping Demand Metered: PA-2 (50kV-220kV),2024-10-01 06:00:00+00:00,2014-01-01 13:00:00+00:00,539fc137ec4f024c27d8a4b9,Power-Agricultural and Pumping Demand Metered: PA-2 (50kV-220kV),2014-01-01 13:00:00+00:00,False,10.746064339493497,0.055002100198246584,False,10.746064339493497,included,ok
539fc183ec4f024c27d8a7c1,"Time-Of-Use - General Service - Large: TOU-8, Option A (above 50kV)",Southern California Edison Co,5c8180397bece2299eceb3ba,"Time-Of-Use - General Service - Large: TOU-8, Option A (above 50kV)",2018-10-01 07:00:00+00:00,2014-01-01 13:00:00+00:00,,,,,,,False,4.744695414099931,excluded,only 4.7 years of history in the source data (need 10) — the earlier version this would compare against either doesn't exist yet or its supersedes chain doesn't reach back that far in this dataset
539fc203ec4f024c27d8ace7,A-10 Medium General Demand Service (Primary Voltage),Pacific Gas & Electric Co,69de8955c3f455511f06359f,A-10 Medium General Demand Service (Primary Voltage),2026-03-27 07:00:00+00:00,2014-01-01 13:00:00+00:00,574cc50c5457a3992c5e629f,A-10 Medium General Demand Service (Primary Voltage),2016-03-24 07:00:00+00:00,False,10.00684462696783,0.05028997444889649,False,12.229979466119097,included,ok
539fc215ec4f024c27d8ad95,Schedule CE Commercial Service - Energy Under 35 kW,Turlock Irrigation District,5b4cc81b5457a3e524c6d674,Schedule CE Commercial Service - Energy Under 35 kW,2015-01-01 08:00:00+00:00,2012-02-01 13:00:00+00:00,,,,,,,False,2.9130732375085557,excluded,only 2.9 years of history in the source data (need 10) — the earlier version this would compare against either doesn't exist yet or its supersedes chain doesn't reach back that far in this dataset
539fc216ec4f024c27d8adc3,Schedule FL Flat Rate Service-Not Exceeding 50% Load Factor 1401 - 1600 Watt,Modesto Irrigation District,539fc216ec4f024c27d8adc3,Schedule FL Flat Rate Service-Not Exceeding 50% Load Factor 1401 - 1600 Watt,2013-04-01 13:00:00+00:00,2013-04-01 13:00:00+00:00,,,,,,,False,0.0,excluded,only 0.0 years of history in the source data (need 10) — the earlier version this would compare against either doesn't exist yet or its supersedes chain doesn't reach back that far in this dataset
539fc217ec4f024c27d8ae25,"E-19 Medium General Demand TOU (Secondary, Voluntary)",Pacific Gas & Electric Co,69de7e5220aaf9dd060cab5d,"E-19 Medium General Demand TOU (Secondary, Voluntary)",2026-03-27 07:00:00+00:00,2014-01-01 13:00:00+00:00,574db9255457a30b7e5e629e,"E-19 Medium General Demand TOU (Secondary, Voluntary)",2016-03-24 07:00:00+00:00,False,10.00684462696783,0.035169527392933775,False,12.229979466119097,included,ok
539fc23bec4f024c27d8af65,"Time of Use, General Service, Demand Metered, Option R: GS-2 TOU R - Single phase (50kV - 220kV)",Southern California Edison Co,6753562ac8947b02cd012d4e,"Time of Use, General Service, Demand Metered, Option R: GS-2 TOU R - Single phase (50kV - 220kV)",2024-10-01 06:00:00+00:00,2014-01-01 13:00:00+00:00,539fc23bec4f024c27d8af65,"Time of Use, General Service, Demand Metered, Option R: GS-2 TOU R - Single phase (50kV - 220kV)",2014-01-01 13:00:00+00:00,False,10.746064339493497,0.04743592190125412,False,10.746064339493497,included,ok
539fc25dec4f024c27d8b0d1,Time-Of-Use - General Service - Demand Metered: TOU-GS-3 Option CPP (At 220kV),Southern California Edison Co,539fc25dec4f024c27d8b0d1,Time-Of-Use - General Service - Demand Metered: TOU-GS-3 Option CPP (At 220kV),2014-01-01 13:00:00+00:00,2014-01-01 13:00:00+00:00,,,,,,,False,0.0,excluded,only 0.0 years of history in the source data (need 10) — the earlier version this would compare against either doesn't exist yet or its supersedes chain doesn't reach back that far in this dataset
539fc260ec4f024c27d8b167,"Time of Use, General Service, Demand Metered, Option B: GS-2 TOU B, Single Phase (2kV - 50kV)",Southern California Edison Co,67531e6a1601d496ec0156b8,"Time of Use, General Service, Demand Metered, Option B: GS-2 TOU B, Single Phase (2kV - 50kV)",2024-10-01 06:00:00+00:00,2014-01-29 08:00:00+00:00,539fc260ec4f024c27d8b167,"Time of Use, General Service, Demand Metered, Option B: GS-2 TOU B, Single Phase (2kv - 50kV)",2014-01-29 08:00:00+00:00,True,10.669404517453799,0.04507486042612263,False,10.669404517453799,included,ok
539fc271ec4f024c27d8b1c5,Schedule MC Municipal Uses - Connected Load Under 35 kW,Turlock Irrigation District,5b4e42375457a30e0fc6d675,Schedule MC Municipal Uses - Connected Load Under 35 kW,2015-01-01 08:00:00+00:00,2009-02-01 13:00:00+00:00,,,,,,,False,5.9110198494182065,excluded,only 5.9 years of history in the source data (need 10) — the earlier version this would compare against either doesn't exist yet or its supersedes chain doesn't reach back that far in this dataset
539fc2aeec4f024c27d8b3d7,"Time-Of-Use Agricultural and Pumping: TOU-PA, Option B (50kV-220kV)",Southern California Edison Co,539fc2aeec4f024c27d8b3d7,"Time-Of-Use Agricultural and Pumping: TOU-PA, Option B (50kV-220kV)",2014-01-01 07:00:00+00:00,2014-01-01 07:00:00+00:00,,,,,,,False,0.0,excluded,only 0.0 years of history in the source data (need 10) — the earlier version this would compare against either doesn't exist yet or its supersedes chain doesn't reach back that far in this dataset
539fc2c1ec4f024c27d8b4cf,Schedule FE Farm Service - Energy,Turlock Irrigation District,5b4e21e85457a31578c6d675,Schedule FE Farm Service - Energy,2015-01-01 08:00:00+00:00,2009-02-01 13:00:00+00:00,,,,,,,False,5.9110198494182065,excluded,only 5.9 years of history in the source data (need 10) — the earlier version this would compare against either doesn't exist yet or its supersedes chain doesn't reach back that far in this dataset
539fc333ec4f024c27d8b9b7,Power-Agricultural and Pumping Demand Metered: PA-2 (2kV-50kV),Southern California Edison Co,67572f43c33fc66a3504cc8d,Power-Agricultural and Pumping Demand Metered: PA-2 (2kV-50kV),2024-10-01 06:00:00+00:00,2014-01-01 13:00:00+00:00,539fc333ec4f024c27d8b9b7,Power-Agricultural and Pumping Demand Metered: PA-2 (2kV-50kV),2014-01-01 13:00:00+00:00,False,10.746064339493497,0.055002100198246584,False,10.746064339493497,included,ok
539fc333ec4f024c27d8b9bb,Schedule MD Municipal Uses - Demand Metered 35 kW and Over,Turlock Irrigation District,5b4e3dd35457a32c3ec6d675,Schedule MD Municipal Uses - Demand Metered 35 kW and Over,2015-01-01 08:00:00+00:00,2009-02-01 13:00:00+00:00,,,,,,,False,5.9110198494182065,excluded,only 5.9 years of history in the source data (need 10) — the earlier version this would compare against either doesn't exist yet or its supersedes chain doesn't reach back that far in this dataset
539fc344ec4f024c27d8ba5b,Large General Service Time of Use - GS-TOU1 (GUP_L),Sacramento Municipal Utility District,557afaf95457a37c7b8ba376,Large General Service Time of Use - GS-TOU1 (GUP_L),2015-04-10 07:00:00+00:00,2014-01-01 13:00:00+00:00,,,,,,,False,1.267624914442163,excluded,only 1.3 years of history in the source data (need 10) — the earlier version this would compare against either doesn't exist yet or its supersedes chain doesn't reach back that far in this dataset
539fc345ec4f024c27d8baa1,"Time of Use, General Service, Demand Metered, Option A: GS-2 TOU A, Three Phase (50kV - 220kV)",Southern California Edison Co,5c81808f7bece2299eceb3d6,"Time of Use, General Service, Demand Metered, Option A: GS-2 TOU A, Three Phase (50kV - 220kV)",2018-10-01 07:00:00+00:00,2014-01-01 13:00:00+00:00,,,,,,,False,4.744695414099931,excluded,only 4.7 years of history in the source data (need 10) — the earlier version this would compare against either doesn't exist yet or its supersedes chain doesn't reach back that far in this dataset
539fc37bec4f024c27d8bc61,"Time of Use, General Service, Demand Metered, Critical Peak-Lite Option: TOU-GS-2 CPP-Lite, Three Phase (At 220kV)",Southern California Edison Co,56b929a85457a3236648d233,"Time of Use, General Service, Demand Metered, Critical Peak-Lite Option: TOU-GS-2 CPP-Lite, Three Phase (At 220kV)",2016-01-01 07:00:00+00:00,2014-01-01 13:00:00+00:00,,,,,,,False,1.995893223819302,excluded,only 2.0 years of history in the source data (need 10) — the earlier version this would compare against either doesn't exist yet or its supersedes chain doesn't reach back that far in this dataset
539fc38eec4f024c27d8bd33,"Time of Use, General Service, Demand Metered, Critical Peak-Lite Option: TOU-GS-2 CPP-Lite, Three Phase (50kV-220kV)",Southern California Edison Co,56b92b4e5457a3030348d236,"Time of Use, General Service, Demand Metered, Critical Peak-Lite Option: TOU-GS-2 CPP-Lite, Three Phase (50kV-220kV)",2016-01-01 07:00:00+00:00,2014-01-01 13:00:00+00:00,,,,,,,False,1.995893223819302,excluded,only 2.0 years of history in the source data (need 10) — the earlier version this would compare against either doesn't exist yet or its supersedes chain doesn't reach back that far in this dataset
539fc3b4ec4f024c27d8bf53,Schedule FL Flat Rate Service-Not Exceeding 50% Load Factor 601 - 800 Watt,Modesto Irrigation District,539fc3b4ec4f024c27d8bf53,Schedule FL Flat Rate Service-Not Exceeding 50% Load Factor 601 - 800 Watt,2013-04-01 13:00:00+00:00,2013-04-01 13:00:00+00:00,,,,,,,False,0.0,excluded,only 0.0 years of history in the source data (need 10) — the earlier version this would compare against either doesn't exist yet or its supersedes chain doesn't reach back that far in this dataset
539fc3c6ec4f024c27d8c00b,CI-TOD3: Commercial and Industrial TOD Subtransmission (500-999 kW),Sacramento Municipal Utility District,68c0cadc90fd5c0e640f716e,CI-TOD3: Commercial and Industrial TOD Subtransmission (500-999 kW),2025-05-01 07:00:00+00:00,2014-01-01 08:00:00+00:00,557b03475457a35b328ba37a,Medium General Service Time of Use GS-TOU2 (GUT_M),2015-04-10 07:00:00+00:00,True,10.05886379192334,0.021391612792644343,False,11.326488706365502,included,ok
539fc3ffec4f024c27d8c227,"Time-of-use - General Service - Demand Metered: TOU-GS-3, Option B (At 220kV)",Southern California Edison Co,6750790ecb87bf5ac20350c1,"Time-of-use - General Service - Demand Metered: TOU-GS-3, Option B (At 220kV)",2024-10-01 06:00:00+00:00,2014-01-01 13:00:00+00:00,539fc3ffec4f024c27d8c227,"Time-of-use - General Service - Demand Metered: TOU-GS-3, Option B (At 220kV)",2014-01-01 13:00:00+00:00,False,10.746064339493497,0.02181380309659664,False,10.746064339493497,included,ok
539fc3ffec4f024c27d8c22d,CI-TOD2: Commercial and Industrial TOD Secondary (300-499 kW),Sacramento Municipal Utility District,68c0c9411f5bad3051057c3b,CI-TOD2: Commercial and Industrial TOD Secondary (300-499 kW),2025-05-01 07:00:00+00:00,2014-01-01 13:00:00+00:00,557b06575457a3324c8ba377,Small General Service Time Of Use GS-TOU3 (GUS_S),2015-04-10 07:00:00+00:00,True,10.05886379192334,0.024720240504772617,False,11.326488706365502,included,ok
539fc435ec4f024c27d8c46b,"Time of Use, General Service, Demand Metered, Option A: GS-2 TOU A, Three Phase (At 220kV)",Southern California Edison Co,539fc435ec4f024c27d8c46b,"Time of Use, General Service, Demand Metered, Option A: GS-2 TOU A, Three Phase (At 220kV)",2014-01-01 13:00:00+00:00,2014-01-01 13:00:00+00:00,,,,,,,False,0.0,excluded,only 0.0 years of history in the source data (need 10) — the earlier version this would compare against either doesn't exist yet or its supersedes chain doesn't reach back that far in this dataset
539fc435ec4f024c27d8c497,"Time of Use, General Service, Demand Metered, Option AGS-2 TOU A, Single Phase (At 220kV)",Southern California Edison Co,539fc435ec4f024c27d8c497,"Time of Use, General Service, Demand Metered, Option AGS-2 TOU A, Single Phase (At 220kV)",2014-01-01 13:00:00+00:00,2014-01-01 13:00:00+00:00,,,,,,,False,0.0,excluded,only 0.0 years of history in the source data (need 10) — the earlier version this would compare against either doesn't exist yet or its supersedes chain doesn't reach back that far in this dataset
539fc46cec4f024c27d8c679,Time-Of-Use - General Service - Large: TOU-8 CPP (under 2kV),Southern California Edison Co,5571b1af5457a3f449db22a7,Time-Of-Use - General Service - Large: TOU-8 CPP (under 2kV),2015-06-01 07:00:00+00:00,2014-01-01 13:00:00+00:00,,,,,,,False,1.4099931553730323,excluded,only 1.4 years of history in the source data (need 10) — the earlier version this would compare against either doesn't exist yet or its supersedes chain doesn't reach back that far in this dataset
539fc4a3ec4f024c27d8c8fd,"Time-Of-Use - General Service - Large: TOU-8, Option R (under 2kV)",Southern California Edison Co,587018f75457a3694d1c9605,"Time-Of-Use - General Service - Large: TOU-8, Option R (under 2kV)",2017-01-01 07:00:00+00:00,2014-01-01 08:00:00+00:00,,,,,,,False,2.9979466119096507,excluded,only 3.0 years of history in the source data (need 10) — the earlier version this would compare against either doesn't exist yet or its supersedes chain doesn't reach back that far in this dataset
539fc4c7ec4f024c27d8ca83,Schedule GS-1 General Service - Non Demand,Modesto Irrigation District,5b2809e05457a3f778e5d862,Schedule GS-1 General Service - Non Demand,2012-01-01 08:00:00+00:00,2013-04-01 13:00:00+00:00,,,,,,,False,-1.2511978097193703,excluded,only -1.3 years of history in the source data (need 10) — the earlier version this would compare against either doesn't exist yet or its supersedes chain doesn't reach back that far in this dataset
539fc504ec4f024c27d8cd57,Schedule FL Flat Rate Service-In Excess of 50% Load Factor 601 - 800 Watt,Modesto Irrigation District,539fc504ec4f024c27d8cd57,Schedule FL Flat Rate Service-In Excess of 50% Load Factor 601 - 800 Watt,2013-04-01 13:00:00+00:00,2013-04-01 13:00:00+00:00,,,,,,,False,0.0,excluded,only 0.0 years of history in the source data (need 10) — the earlier version this would compare against either doesn't exist yet or its supersedes chain doesn't reach back that far in this dataset
539fc515ec4f024c27d8cda5,Agriculture Power TOU Rate (AG-4D),Pacific Gas & Electric Co,69dea85254d2cac2040b696f,Agriculture Power TOU Rate (AG-4D),2026-03-27 07:00:00+00:00,2014-01-01 08:00:00+00:00,574daf515457a30e7e5e629d,Agriculture Power TOU Rate (AG-4D),2016-03-24 07:00:00+00:00,False,10.00684462696783,0.05180063628634768,False,12.229979466119097,included,ok
539fc517ec4f024c27d8ce17,"Time-of-use - General Service - Demand Metered-Super Off Peak: TOU-GS-3-SOP,(at 220kV)",Southern California Edison Co,539fc517ec4f024c27d8ce17,"Time-of-use - General Service - Demand Metered-Super Off Peak: TOU-GS-3-SOP,(at 220kV)",2014-01-01 13:00:00+00:00,2014-01-01 13:00:00+00:00,,,,,,,False,0.0,excluded,only 0.0 years of history in the source data (need 10) — the earlier version this would compare against either doesn't exist yet or its supersedes chain doesn't reach back that far in this dataset
539fc76eec4f024d2f53dbd4,A-6 Small General Service TOU Meter Charge (X),Pacific Gas & Electric Co,574cc3475457a37c445e62a0,A-6 Small General Service TOU Meter Charge (X),2016-03-24 07:00:00+00:00,2014-01-01 13:00:00+00:00,,,,,,,False,2.223134839151266,excluded,only 2.2 years of history in the source data (need 10) — the earlier version this would compare against either doesn't exist yet or its supersedes chain doesn't reach back that far in this dataset
539fc7a6ec4f024d2f53de0e,Schedule FL Flat Rate Service-Not Exceeding 50% Load Factor 801 - 1000 Watt,Modesto Irrigation District,5b2936af5457a3083fe5d863,Schedule FL Flat Rate Service-Not Exceeding 50% Load Factor 801 - 1000 Watt,2017-09-01 07:00:00+00:00,2013-04-01 13:00:00+00:00,,,,,,,False,4.41615331964408,excluded,only 4.4 years of history in the source data (need 10) — the earlier version this would compare against either doesn't exist yet or its supersedes chain doesn't reach back that far in this dataset
539fc7caec4f024d2f53dfb8,"Time-Of-Use Agricultural and Pumping - Large: TOU-PA-3, Option CPP (Under 2kv)",Southern California Edison Co,56be24bb5457a369548b456c,"Time-Of-Use Agricultural and Pumping - Large: TOU-PA-3, Option CPP (Under 2kv)",2016-01-01 07:00:00+00:00,2014-01-01 08:00:00+00:00,,,,,,,False,1.995893223819302,excluded,only 2.0 years of history in the source data (need 10) — the earlier version this would compare against either doesn't exist yet or its supersedes chain doesn't reach back that far in this dataset
539fc7cbec4f024d2f53dfcc,Schedule PI Restricted Irrigation Pumping(Off Season),Turlock Irrigation District,539fc7cbec4f024d2f53dfcc,Schedule PI Restricted Irrigation Pumping(Off Season),2009-02-01 13:00:00+00:00,2009-02-01 13:00:00+00:00,,,,,,,False,0.0,excluded,only 0.0 years of history in the source data (need 10) — the earlier version this would compare against either doesn't exist yet or its supersedes chain doesn't reach back that far in this dataset
539fc7ccec4f024d2f53e012,GS-1 TOU A General Service Non-Demand Three Phase (2 kV - 50 kV),Southern California Edison Co,66d094b853fce9ed17096f5e,GS-1 TOU A General Service Non-Demand Three Phase (2 kV - 50 kV),2024-06-01 07:00:00+00:00,2013-05-16 13:00:00+00:00,539fc7ccec4f024d2f53e012,GS-1 General Service Non-Demand Three Phase 2kV to 50 kV Discount,2013-05-16 13:00:00+00:00,True,11.041752224503764,0.05521513981203707,False,11.041752224503764,included,ok
539fc7f0ec4f024d2f53e176,E-19 Medium General Demand TOU (Transmission),Pacific Gas & Electric Co,69de804c1ae3be1716020eda,E-19 Medium General Demand TOU (Transmission),2026-03-27 07:00:00+00:00,2014-01-01 13:00:00+00:00,574db8585457a344795e629e,E-19 Medium General Demand TOU (Transmission),2016-03-24 07:00:00+00:00,False,10.00684462696783,0.018986411611838117,False,12.229979466119097,included,ok
539fc874ec4f024d2f53e6ea,"Time-Of-Use Agricultural and Pumping-Small to Medium: TOU-PA-2, Option D (50kV-220kV)",Southern California Edison Co,67573135736d71dbcf099ef2,"Time-Of-Use Agricultural and Pumping-Small to Medium: TOU-PA-2, Option D (50kV-220kV)",2024-10-01 06:00:00+00:00,2014-01-01 13:00:00+00:00,539fc874ec4f024d2f53e6ea,"Time-Of-Use Agricultural and Pumping-Small to Medium: TOU-PA-2, Option B (50kV-220kV)",2014-01-01 13:00:00+00:00,True,10.746064339493497,0.05434147991078264,False,10.746064339493497,included,ok
539fc8beec4f024d2f53e9fc,Agriculture Power TOU Rate (AG-4A),Pacific Gas & Electric Co,69dea84d406310365e0f0810,Agriculture Power TOU Rate (AG-4A),2026-03-27 07:00:00+00:00,2014-01-01 08:00:00+00:00,574dabb25457a3d3795e629e,Agriculture Power TOU Rate (AG-4A),2016-03-24 07:00:00+00:00,False,10.00684462696783,0.05180063628634768,False,12.229979466119097,included,ok
539fc8d1ec4f024d2f53eab6,A-1-Small General Service-Non-Time of Use Rate (Poly-Phase),Pacific Gas & Electric Co,5e162b3c5457a3e54573e3b0,A-1-Small General Service-Non-Time of Use Rate (Poly-Phase),,2014-01-01 08:00:00+00:00,,,,,,,False,,excluded,current version has no startdate
539fc90aec4f024d2f53ed78,Time-Of-Use - General Service - Large: TOU-8 CPP (2kV-50kV),Southern California Edison Co,5571b25a5457a38e37db22a3,Time-Of-Use - General Service - Large: TOU-8 CPP (2kV-50kV),2015-06-01 07:00:00+00:00,2014-01-01 13:00:00+00:00,,,,,,,False,1.4099931553730323,excluded,only 1.4 years of history in the source data (need 10) — the earlier version this would compare against either doesn't exist yet or its supersedes chain doesn't reach back that far in this dataset
539fc91bec4f024d2f53edca,CI-TOD1: Commercial and Industrial TOD Secondary (21-299 kW),Sacramento Municipal Utility District,68c08f5490fd5c0e640f716b,CI-TOD1: Commercial and Industrial TOD Secondary (21-299 kW),2025-05-01 07:00:00+00:00,2014-01-01 08:00:00+00:00,5579f9d25457a305178ba37d,Small Demand Service GSS_T,2015-04-10 07:00:00+00:00,True,10.05886379192334,0.026116384444086815,False,11.326488706365502,included,ok
539fc92dec4f024d2f53ee88,Schedule GS-2 General Service - Demand,Modesto Irrigation District,539fc92dec4f024d2f53ee88,Schedule GS-2 General Service - Demand,2013-04-01 13:00:00+00:00,2013-04-01 13:00:00+00:00,,,,,,,False,0.0,excluded,only 0.0 years of history in the source data (need 10) — the earlier version this would compare against either doesn't exist yet or its supersedes chain doesn't reach back that far in this dataset
539fc92dec4f024d2f53ee94,"Time-Of-Use Agricultural and Pumping-Small to Medium: TOU-PA-2, Option CPP (at 220kV)",Southern California Edison Co,56be1a775457a3ac1e8b456b,"Time-Of-Use Agricultural and Pumping-Small to Medium: TOU-PA-2, Option CPP (at 220kV)",2016-01-01 07:00:00+00:00,2014-01-01 13:00:00+00:00,,,,,,,False,1.995893223819302,excluded,only 2.0 years of history in the source data (need 10) — the earlier version this would compare against either doesn't exist yet or its supersedes chain doesn't reach back that far in this dataset
539fc98bec4f024d2f53f262,GS-1 TOU A General Service Non-Demand Three Phase (At 220 kV),Southern California Edison Co,66d094887e3589017b0ce76e,GS-1 TOU A General Service Non-Demand Three Phase (At 220 kV),2024-06-01 07:00:00+00:00,2014-01-01 13:00:00+00:00,539fc98bec4f024d2f53f262,GS-1 General Service Non-Demand Three Phase At 220 kV Discount,2014-01-01 13:00:00+00:00,True,10.412046543463381,0.04411075317459123,False,10.412046543463381,included,ok
539fc98cec4f024d2f53f2be,GS-1 General Service Non-Demand Single Phase; Closed Rate,Southern California Edison Co,539fc98cec4f024d2f53f2be,GS-1 General Service Non-Demand Single Phase; Closed Rate,2013-05-16 06:00:00+00:00,2013-05-16 06:00:00+00:00,,,,,,,False,0.0,excluded,only 0.0 years of history in the source data (need 10) — the earlier version this would compare against either doesn't exist yet or its supersedes chain doesn't reach back that far in this dataset
539fc99cec4f024d2f53f2fa,A-6 Small General Service TOU Single Phase,Pacific Gas & Electric Co,69de988dcef5d38e6a0fffac,A-6 Small General Service TOU Single Phase,2026-03-27 07:00:00+00:00,2014-01-01 13:00:00+00:00,574cc0f45457a37c445e629f,A-6 Small General Service TOU Single Phase,2016-03-24 07:00:00+00:00,False,10.00684462696783,0.058624001541053294,False,12.229979466119097,included,ok
539fc9b1ec4f024d2f53f412,General Service Time-of-use Electric Vehicle Charging - Demand Metered:TOU-EV-4 (Under 2kV) - Closed Rate,Southern California Edison Co,5c817fd67bece2299eceb39d,General Service Time-of-use Electric Vehicle Charging - Demand Metered:TOU-EV-4 (Under 2kV) - Closed Rate,2018-10-01 07:00:00+00:00,2014-01-01 13:00:00+00:00,,,,,,,False,4.744695414099931,excluded,only 4.7 years of history in the source data (need 10) — the earlier version this would compare against either doesn't exist yet or its supersedes chain doesn't reach back that far in this dataset
539fc9e8ec4f024d2f53f62c,General Service Time-of-use Electric Vehicle Charging: TOU-EV-3 Option A Three Phase (50kV-220kV) - Closed Rate,Southern California Edison Co,62d9b061946ab22d4f0f6418,General Service Time-of-use Electric Vehicle Charging: TOU-EV-3 Option A Three Phase (50kV-220kV) - Closed Rate,2019-03-01 08:00:00+00:00,2014-01-01 13:00:00+00:00,,,,,,,False,5.158110882956879,excluded,only 5.2 years of history in the source data (need 10) — the earlier version this would compare against either doesn't exist yet or its supersedes chain doesn't reach back that far in this dataset
539fca85ec4f024d2f53fc5a,"Time of Use, General Service, Demand Metered, Option R: GS-2 TOU R - Three phase (50kV-220kV)",Southern California Edison Co,67535605f85ef1eed60bd84f,"Time of Use, General Service, Demand Metered, Option R: GS-2 TOU R - Three phase (50kV-220kV)",2024-10-01 06:00:00+00:00,2014-01-01 08:00:00+00:00,539fca85ec4f024d2f53fc5a,"Time of Use, General Service, Demand Metered, Option R: GS-2 TOU R - Three phase (Under 2kV)",2014-01-01 08:00:00+00:00,True,10.746064339493497,0.04743592190125412,False,10.746064339493497,included,ok
539fca99ec4f024d2f53fd8e,Schedule FT Farm Service - Time-Of-Use,Turlock Irrigation District,5b4e27605457a31578c6d676,Schedule FT Farm Service - Time-Of-Use,2015-01-01 08:00:00+00:00,2009-02-01 13:00:00+00:00,,,,,,,False,5.9110198494182065,excluded,only 5.9 years of history in the source data (need 10) — the earlier version this would compare against either doesn't exist yet or its supersedes chain doesn't reach back that far in this dataset
539fcac2ec4f024d2f53ff2e,"Time-Of-Use Agricultural and Pumping-Small to Medium: TOU-PA-2, Option D (2kV-50kV)",Southern California Edison Co,67573130736d71dbcf099ef1,"Time-Of-Use Agricultural and Pumping-Small to Medium: TOU-PA-2, Option D (2kV-50kV)",2024-10-01 06:00:00+00:00,2014-01-01 13:00:00+00:00,539fcac2ec4f024d2f53ff2e,"Time-Of-Use Agricultural and Pumping-Small to Medium: TOU-PA-2, Option B (2kV-50kV)",2014-01-01 13:00:00+00:00,True,10.746064339493497,0.05434147991078264,False,10.746064339493497,included,ok
539fcae9ec4f024d2f540066,"Time of Use, General Service, Demand Metered, Critical Peak-Lite Option: TOU-GS-2 CPP-Lite, Single Phase (Under 2kV)",Southern California Edison Co,56b92abe5457a3642c48d237,"Time of Use, General Service, Demand Metered, Critical Peak-Lite Option: TOU-GS-2 CPP-Lite, Single Phase (Under 2kV)",2016-01-01 07:00:00+00:00,2014-01-01 13:00:00+00:00,,,,,,,False,1.995893223819302,excluded,only 2.0 years of history in the source data (need 10) — the earlier version this would compare against either doesn't exist yet or its supersedes chain doesn't reach back that far in this dataset
539fcafdec4f024d2f540174,"Time-of-use - General Service - Demand Metered: TOU-GS-3, Option A (at 220kV)",Southern California Edison Co,539fcafdec4f024d2f540174,"Time-of-use - General Service - Demand Metered: TOU-GS-3, Option A (at 220kV)",2014-01-01 13:00:00+00:00,2014-01-01 13:00:00+00:00,,,,,,,False,0.0,excluded,only 0.0 years of history in the source data (need 10) — the earlier version this would compare against either doesn't exist yet or its supersedes chain doesn't reach back that far in this dataset
539fcb6dec4f024d2f5405a2,"Time-Of-Use - General Service - Large: TOU-8, Option A (at 220kV); Closed Rate",Southern California Edison Co,539fcb6dec4f024d2f5405a2,"Time-Of-Use - General Service - Large: TOU-8, Option A (at 220kV); Closed Rate",2014-01-01 07:00:00+00:00,2014-01-01 07:00:00+00:00,,,,,,,False,0.0,excluded,only 0.0 years of history in the source data (need 10) — the earlier version this would compare against either doesn't exist yet or its supersedes chain doesn't reach back that far in this dataset
539fcb6dec4f024d2f5405ca,"Time-of-use - General Service - Demand Metered: TOU-GS-3, Option A (Under 2kV)",Southern California Edison Co,539fcb6dec4f024d2f5405ca,"Time-of-use - General Service - Demand Metered: TOU-GS-3, Option A (Under 2kV)",2014-01-01 08:00:00+00:00,2014-01-01 08:00:00+00:00,,,,,,,False,0.0,excluded,only 0.0 years of history in the source data (need 10) — the earlier version this would compare against either doesn't exist yet or its supersedes chain doesn't reach back that far in this dataset
539fcbc1ec4f024d2f5408b4,A Secondary (CLOSED Rate),San Diego Gas & Electric Co,5878fb0d5457a3ac2edda4d6,A Secondary (CLOSED Rate),2017-01-01 07:00:00+00:00,2014-01-01 13:00:00+00:00,,,,,,,False,2.9979466119096507,excluded,only 3.0 years of history in the source data (need 10) — the earlier version this would compare against either doesn't exist yet or its supersedes chain doesn't reach back that far in this dataset
539fcbd4ec4f024d2f5409a0,Schedule FL Flat Rate Service-In Excess of 50% Load Factor 1401 - 1600 Watt,Modesto Irrigation District,539fcbd4ec4f024d2f5409a0,Schedule FL Flat Rate Service-In Excess of 50% Load Factor 1401 - 1600 Watt,2013-04-01 13:00:00+00:00,2013-04-01 13:00:00+00:00,,,,,,,False,0.0,excluded,only 0.0 years of history in the source data (need 10) — the earlier version this would compare against either doesn't exist yet or its supersedes chain doesn't reach back that far in this dataset
555ce14c5457a351148b4569,Small General Service Time-Of-Use (A-1)(B),Los Angeles Department of Water & Power,69eb97e8805b2131910774e1,Small General Service Time-Of-Use (A-1)(B),2026-04-01 07:00:00+00:00,2015-06-01 07:00:00+00:00,57213abf5457a32d59b3387b,Small General Service Time-Of-Use (A-1)(B),2016-04-01 07:00:00+00:00,False,9.998631074606434,-0.015086661046150529,False,10.833675564681725,included,ok
556ddf465457a36065db22a5,GS-1:General Service Non-Demand Single Phase; Closed Rate,Southern California Edison Co,556ddf465457a36065db22a5,GS-1:General Service Non-Demand Single Phase; Closed Rate,2015-06-01 06:00:00+00:00,2015-06-01 06:00:00+00:00,,,,,,,False,0.0,excluded,only 0.0 years of history in the source data (need 10) — the earlier version this would compare against either doesn't exist yet or its supersedes chain doesn't reach back that far in this dataset
55705ad65457a3f449db22a3,"General Service - Demand: GS-2, Single Phase Service; Closed Rate",Southern California Edison Co,55705ad65457a3f449db22a3,"General Service - Demand: GS-2, Single Phase Service; Closed Rate",2015-06-01 06:00:00+00:00,2015-06-01 06:00:00+00:00,,,,,,,False,0.0,excluded,only 0.0 years of history in the source data (need 10) — the earlier version this would compare against either doesn't exist yet or its supersedes chain doesn't reach back that far in this dataset
55705f695457a3a23cdb22a3,General Service - Demand: GS-2 - Three Phase; Closed Rate,Southern California Edison Co,55705f695457a3a23cdb22a3,General Service - Demand: GS-2 - Three Phase; Closed Rate,2015-06-01 06:00:00+00:00,2015-06-01 06:00:00+00:00,,,,,,,False,0.0,excluded,only 0.0 years of history in the source data (need 10) — the earlier version this would compare against either doesn't exist yet or its supersedes chain doesn't reach back that far in this dataset
557063955457a3fb54db22a2,"Time of Use, General Service, Demand Metered, Option A: GS-2 TOU A, Single Phase (Under 2 kV)",Southern California Edison Co,5c81809d7bece2299eceb3da,"Time of Use, General Service, Demand Metered, Option A: GS-2 TOU A, Single Phase (Under 2 kV)",2018-10-01 07:00:00+00:00,2015-06-01 07:00:00+00:00,,,,,,,False,3.3347022587268995,excluded,only 3.3 years of history in the source data (need 10) — the earlier version this would compare against either doesn't exist yet or its supersedes chain doesn't reach back that far in this dataset
557067a65457a3b602db22a3,"Time of Use, General Service, Demand Metered, Option A: GS-2 TOU A, Three Phase (Under 2 kV)",Southern California Edison Co,586c16045457a369201c9605,"Time of Use, General Service, Demand Metered, Option A: GS-2 TOU A, Three Phase (Under 2 kV)",2017-01-01 07:00:00+00:00,2015-06-01 07:00:00+00:00,,,,,,,False,1.5879534565366187,excluded,only 1.6 years of history in the source data (need 10) — the earlier version this would compare against either doesn't exist yet or its supersedes chain doesn't reach back that far in this dataset
557069245457a37354db22a2,"Time of Use, General Service, Demand Metered, Option B: GS-2 TOU B, Single Phase (Under 2 kV)",Southern California Edison Co,67531e616f79e1dff102281e,"Time of Use, General Service, Demand Metered, Option B: GS-2 TOU B, Single Phase (Under 2 kV)",2024-10-01 06:00:00+00:00,2015-06-01 07:00:00+00:00,,,,,,,False,9.333333333333334,excluded,only 9.3 years of history in the source data (need 10) — the earlier version this would compare against either doesn't exist yet or its supersedes chain doesn't reach back that far in this dataset
55706d4c5457a31422db22a3,"Time of Use, General Service, Demand Metered, Option B: GS-2 TOU B, Three Phase (50kV-220kV)",Southern California Edison Co,675350d96f79e1dff102281f,"Time of Use, General Service, Demand Metered, Option B: GS-2 TOU B, Three Phase (50kV-220kV)",2024-10-01 06:00:00+00:00,2015-06-01 07:00:00+00:00,,,,,,,False,9.333333333333334,excluded,only 9.3 years of history in the source data (need 10) — the earlier version this would compare against either doesn't exist yet or its supersedes chain doesn't reach back that far in this dataset
55706f305457a31422db22a4,"Time of Use, General Service, Demand Metered, Option R: GS-2 TOU R - Single phase (Under 2 kV)",Southern California Edison Co,6753561ca7d2ac0ef60003c1,"Time of Use, General Service, Demand Metered, Option R: GS-2 TOU R - Single phase (Under 2 kV)",2024-10-01 06:00:00+00:00,2015-06-01 07:00:00+00:00,,,,,,,False,9.333333333333334,excluded,only 9.3 years of history in the source data (need 10) — the earlier version this would compare against either doesn't exist yet or its supersedes chain doesn't reach back that far in this dataset
557076bc5457a3a23cdb22a6,"Time of Use, General Service, Demand Metered, Option R: GS-2 TOU R - Three phase (2kV-50kV)",Southern California Edison Co,675355fef85ef1eed60bd84e,"Time of Use, General Service, Demand Metered, Option R: GS-2 TOU R - Three phase (2kV-50kV)",2024-10-01 06:00:00+00:00,2015-06-01 07:00:00+00:00,,,,,,,False,9.333333333333334,excluded,only 9.3 years of history in the source data (need 10) — the earlier version this would compare against either doesn't exist yet or its supersedes chain doesn't reach back that far in this dataset
55707a575457a37354db22a4,"Time of Use, General Service, Demand Metered, Critical Peak Option: TOU-GS-2 CPP, Single Phase (2kv-50kv)",Southern California Edison Co,56b928505457a3502c48d234,"Time of Use, General Service, Demand Metered, Critical Peak Option: TOU-GS-2 CPP, Single Phase (2kv-50kv)",2016-01-01 07:00:00+00:00,2015-06-01 07:00:00+00:00,,,,,,,False,0.5859000684462696,excluded,only 0.6 years of history in the source data (need 10) — the earlier version this would compare against either doesn't exist yet or its supersedes chain doesn't reach back that far in this dataset
55707d1c5457a3f449db22a4,"Time of Use, General Service, Demand Metered, Critical Peak Option: TOU-GS-2 CPP, Single Phase (50kv-220kv)",Southern California Edison Co,56b92e275457a3890348d234,"Time of Use, General Service, Demand Metered, Critical Peak Option: TOU-GS-2 CPP, Single Phase (50kv-220kv)",2016-01-01 07:00:00+00:00,2015-06-01 07:00:00+00:00,,,,,,,False,0.5859000684462696,excluded,only 0.6 years of history in the source data (need 10) — the earlier version this would compare against either doesn't exist yet or its supersedes chain doesn't reach back that far in this dataset
55707e995457a37354db22a5,"Time of Use, General Service, Demand Metered, Critical Peak-Lite Option: TOU-GS-2 CPP-Lite, Single Phase; REPEAT rate",Southern California Edison Co,55707e995457a37354db22a5,"Time of Use, General Service, Demand Metered, Critical Peak-Lite Option: TOU-GS-2 CPP-Lite, Single Phase; REPEAT rate",2015-06-01 06:00:00+00:00,2015-06-01 06:00:00+00:00,,,,,,,False,0.0,excluded,only 0.0 years of history in the source data (need 10) — the earlier version this would compare against either doesn't exist yet or its supersedes chain doesn't reach back that far in this dataset
557083bc5457a37a19db22a3,"Time of Use, General Service, Demand Metered, Critical Peak-Lite Option: TOU-GS-2 CPP-Lite, Three Phase; REPEAT rate",Southern California Edison Co,557083bc5457a37a19db22a3,"Time of Use, General Service, Demand Metered, Critical Peak-Lite Option: TOU-GS-2 CPP-Lite, Three Phase; REPEAT rate",2015-06-01 06:00:00+00:00,2015-06-01 06:00:00+00:00,,,,,,,False,0.0,excluded,only 0.0 years of history in the source data (need 10) — the earlier version this would compare against either doesn't exist yet or its supersedes chain doesn't reach back that far in this dataset
557086ae5457a3f449db22a6,"Time-of-use - General Service - Demand Metered: TOU-GS-3, Option A; REPEAT Rate",Southern California Edison Co,557086ae5457a3f449db22a6,"Time-of-use - General Service - Demand Metered: TOU-GS-3, Option A; REPEAT Rate",2015-06-01 06:00:00+00:00,2015-06-01 06:00:00+00:00,,,,,,,False,0.0,excluded,only 0.0 years of history in the source data (need 10) — the earlier version this would compare against either doesn't exist yet or its supersedes chain doesn't reach back that far in this dataset
55708b045457a33467db22a2,"Time-of-use - General Service - Demand Metered: TOU-GS-3, Option B",Southern California Edison Co,55708b045457a33467db22a2,"Time-of-use - General Service - Demand Metered: TOU-GS-3, Option B",2016-01-01 08:00:00+00:00,2016-01-01 08:00:00+00:00,,,,,,,False,0.0,excluded,only 0.0 years of history in the source data (need 10) — the earlier version this would compare against either doesn't exist yet or its supersedes chain doesn't reach back that far in this dataset
55709cef5457a3b71fdb22a2,"Time-of-use - General Service - Demand Metered: TOU-GS-3, Option R",Southern California Edison Co,55709cef5457a3b71fdb22a2,"Time-of-use - General Service - Demand Metered: TOU-GS-3, Option R",2015-06-01 07:00:00+00:00,2015-06-01 07:00:00+00:00,,,,,,,False,0.0,excluded,only 0.0 years of history in the source data (need 10) — the earlier version this would compare against either doesn't exist yet or its supersedes chain doesn't reach back that far in this dataset
5570a0385457a33467db22a3,Time-Of-Use - General Service - Demand Metered: TOU-GS-3 Option CPP,Southern California Edison Co,5570a0385457a33467db22a3,Time-Of-Use - General Service - Demand Metered: TOU-GS-3 Option CPP,2015-06-01 07:00:00+00:00,2015-06-01 07:00:00+00:00,,,,,,,False,0.0,excluded,only 0.0 years of history in the source data (need 10) — the earlier version this would compare against either doesn't exist yet or its supersedes chain doesn't reach back that far in this dataset
5570b8575457a37a19db22a6,Time-of-use - General Service - Demand Metered-Super Off Peak: TOU-GS-3-SOP,Southern California Edison Co,5570b8575457a37a19db22a6,Time-of-use - General Service - Demand Metered-Super Off Peak: TOU-GS-3-SOP,2015-06-01 07:00:00+00:00,2015-06-01 07:00:00+00:00,,,,,,,False,0.0,excluded,only 0.0 years of history in the source data (need 10) — the earlier version this would compare against either doesn't exist yet or its supersedes chain doesn't reach back that far in this dataset
5570c14a5457a3a23cdb22a8,General Service Time-of-use Electric Vehicle Charging - Demand Metered:TOU-EV-4 (2kv-50kv) - Closed Rate,Southern California Edison Co,5c817fd27bece2299eceb39c,General Service Time-of-use Electric Vehicle Charging - Demand Metered:TOU-EV-4 (2kv-50kv) - Closed Rate,2018-10-01 07:00:00+00:00,2015-06-01 07:00:00+00:00,,,,,,,False,3.3347022587268995,excluded,only 3.3 years of history in the source data (need 10) — the earlier version this would compare against either doesn't exist yet or its supersedes chain doesn't reach back that far in this dataset
5571b8695457a38e37db22a5,"Time-Of-Use - General Service - Large: TOU-8, Option R (50kV - 220kV)",Southern California Edison Co,674f6d2b8201c4c14c014864,"Time-Of-Use - General Service - Large: TOU-8, Option R (50kV - 220kV)",2024-10-01 06:00:00+00:00,2015-06-01 07:00:00+00:00,,,,,,,False,9.333333333333334,excluded,only 9.3 years of history in the source data (need 10) — the earlier version this would compare against either doesn't exist yet or its supersedes chain doesn't reach back that far in this dataset
5571d2df5457a3744bdb22a4,Power - Agricultural and Pumping Connected Load Basis: PA-1; REPEAT Rate,Southern California Edison Co,5571d2df5457a3744bdb22a4,Power - Agricultural and Pumping Connected Load Basis: PA-1; REPEAT Rate,2015-06-01 06:00:00+00:00,2015-06-01 06:00:00+00:00,,,,,,,False,0.0,excluded,only 0.0 years of history in the source data (need 10) — the earlier version this would compare against either doesn't exist yet or its supersedes chain doesn't reach back that far in this dataset
5571d6015457a32663db22a4,Power-Agricultural and Pumping Demand Metered: PA-2; REPEAT Rate,Southern California Edison Co,5571d6015457a32663db22a4,Power-Agricultural and Pumping Demand Metered: PA-2; REPEAT Rate,2015-06-01 06:00:00+00:00,2015-06-01 06:00:00+00:00,,,,,,,False,0.0,excluded,only 0.0 years of history in the source data (need 10) — the earlier version this would compare against either doesn't exist yet or its supersedes chain doesn't reach back that far in this dataset
5571eaf55457a32663db22a5,"Time-Of-Use Agricultural and Pumping - Large: TOU-PA-3, Option A",Southern California Edison Co,5571eaf55457a32663db22a5,"Time-Of-Use Agricultural and Pumping - Large: TOU-PA-3, Option A",2015-06-01 06:00:00+00:00,2015-06-01 06:00:00+00:00,,,,,,,False,0.0,excluded,only 0.0 years of history in the source data (need 10) — the earlier version this would compare against either doesn't exist yet or its supersedes chain doesn't reach back that far in this dataset
5571f9cb5457a38b37db22a7,"Time-Of-Use Agricultural and Pumping - Large: TOU-PA-3, Option D (At 220kv)",Southern California Edison Co,675739c6fe4f0b50f502798f,"Time-Of-Use Agricultural and Pumping - Large: TOU-PA-3, Option D (At 220kv)",2024-10-01 06:00:00+00:00,2015-06-01 07:00:00+00:00,,,,,,,False,9.333333333333334,excluded,only 9.3 years of history in the source data (need 10) — the earlier version this would compare against either doesn't exist yet or its supersedes chain doesn't reach back that far in this dataset
5571fa955457a38e37db22a9,"Time-Of-Use Agricultural and Pumping - Large: TOU-PA-3, Option CPP",Southern California Edison Co,5571fa955457a38e37db22a9,"Time-Of-Use Agricultural and Pumping - Large: TOU-PA-3, Option CPP",2015-06-01 06:00:00+00:00,2015-06-01 06:00:00+00:00,,,,,,,False,0.0,excluded,only 0.0 years of history in the source data (need 10) — the earlier version this would compare against either doesn't exist yet or its supersedes chain doesn't reach back that far in this dataset
557205a15457a3956ddb22a2,"Time-Of-Use Agricultural and Pumping - Small to Medium: TOU-PA-2, Option E (Under 2kv)",Southern California Edison Co,67573542fe4f0b50f502798d,"Time-Of-Use Agricultural and Pumping - Small to Medium: TOU-PA-2, Option E (Under 2kv)",2024-10-01 06:00:00+00:00,2015-06-01 07:00:00+00:00,,,,,,,False,9.333333333333334,excluded,only 9.3 years of history in the source data (need 10) — the earlier version this would compare against either doesn't exist yet or its supersedes chain doesn't reach back that far in this dataset
557206fa5457a38e37db22aa,"Time-Of-Use Agricultural and Pumping-Small to Medium: TOU-PA-2, Option B",Southern California Edison Co,557206fa5457a38e37db22aa,"Time-Of-Use Agricultural and Pumping-Small to Medium: TOU-PA-2, Option B",2015-06-01 06:00:00+00:00,2015-06-01 06:00:00+00:00,,,,,,,False,0.0,excluded,only 0.0 years of history in the source data (need 10) — the earlier version this would compare against either doesn't exist yet or its supersedes chain doesn't reach back that far in this dataset
557208345457a38e37db22ab,"Time-Of-Use Agricultural and Pumping-Small to Medium: TOU-PA-2, Option CPP",Southern California Edison Co,557208345457a38e37db22ab,"Time-Of-Use Agricultural and Pumping-Small to Medium: TOU-PA-2, Option CPP",2015-06-01 06:00:00+00:00,2015-06-01 06:00:00+00:00,,,,,,,False,0.0,excluded,only 0.0 years of history in the source data (need 10) — the earlier version this would compare against either doesn't exist yet or its supersedes chain doesn't reach back that far in this dataset
557209485457a3754bdb22a6,"Time-Of-Use Agricultural and Pumping-Small to Medium: TOU-PA-2, Option CPP-Lite (2kv-50kv)",Southern California Edison Co,56be1d7b5457a32e338b456a,"Time-Of-Use Agricultural and Pumping-Small to Medium: TOU-PA-2, Option CPP-Lite (2kv-50kv)",2016-01-01 07:00:00+00:00,2015-06-01 07:00:00+00:00,,,,,,,False,0.5859000684462696,excluded,only 0.6 years of history in the source data (need 10) — the earlier version this would compare against either doesn't exist yet or its supersedes chain doesn't reach back that far in this dataset
55e731be5457a33d288e8004,"Time of Use, General Service, Option A: GS-1 TOU A, Single Phase (Under 2 kV)",Southern California Edison Co,66d08701f6172d040c0ea5ce,"Time of Use, General Service, Option A: GS-1 TOU A, Single Phase (Under 2 kV)",2024-06-01 07:00:00+00:00,2015-06-01 07:00:00+00:00,,,,,,,False,9.00205338809035,excluded,only 9.0 years of history in the source data (need 10) — the earlier version this would compare against either doesn't exist yet or its supersedes chain doesn't reach back that far in this dataset
55e742675457a33c288e8004,"Time of Use, General Service, Option A: GS-1 TOU A, Three Phase (Under 2 kV)",Southern California Edison Co,66d0870c9a6080621604073d,"Time of Use, General Service, Option A: GS-1 TOU A, Three Phase (Under 2 kV)",2024-06-01 07:00:00+00:00,2015-06-01 07:00:00+00:00,,,,,,,False,9.00205338809035,excluded,only 9.0 years of history in the source data (need 10) — the earlier version this would compare against either doesn't exist yet or its supersedes chain doesn't reach back that far in this dataset
55e7454c5457a33a288e8004,"Time of Use, General Service, Non Demand, Option B: GS-1 TOU B, Single Phase (Under 2 kV)",Southern California Edison Co,66d1f3907e3589017b0ce772,"Time of Use, General Service, Non Demand, Option B: GS-1 TOU B, Single Phase (Under 2 kV)",2024-06-01 07:00:00+00:00,2015-06-01 07:00:00+00:00,,,,,,,False,9.00205338809035,excluded,only 9.0 years of history in the source data (need 10) — the earlier version this would compare against either doesn't exist yet or its supersedes chain doesn't reach back that far in this dataset
55e749995457a33c288e8005,"Time of Use, General Service, Non Demand, Option B: GS-1 TOU B, Three Phase (Under 2 kV)",Southern California Edison Co,66d1f3999a60806216040745,"Time of Use, General Service, Non Demand, Option B: GS-1 TOU B, Three Phase (Under 2 kV)",2024-06-01 07:00:00+00:00,2015-06-01 07:00:00+00:00,,,,,,,False,9.00205338809035,excluded,only 9.0 years of history in the source data (need 10) — the earlier version this would compare against either doesn't exist yet or its supersedes chain doesn't reach back that far in this dataset
55e758485457a3f9058e8004,"TOU General Service-1, Non Demand , Option CPP: GS-1 TOU B, Single Phase",Southern California Edison Co,56b29a2b5457a3654fc2db59,"TOU General Service-1, Non Demand , Option CPP: GS-1 TOU B, Single Phase",2016-01-01 07:00:00+00:00,2015-06-01 07:00:00+00:00,,,,,,,False,0.5859000684462696,excluded,only 0.6 years of history in the source data (need 10) — the earlier version this would compare against either doesn't exist yet or its supersedes chain doesn't reach back that far in this dataset
55e7593c5457a33c288e8006,"Time of Use, General Service, Non Demand Metered, Option CPP: GS-1 TOU B, Three Phase",Southern California Edison Co,56b299775457a3555cc2db59,"Time of Use, General Service, Non Demand Metered, Option CPP: GS-1 TOU B, Three Phase",2016-01-01 07:00:00+00:00,2015-06-01 07:00:00+00:00,,,,,,,False,0.5859000684462696,excluded,only 0.6 years of history in the source data (need 10) — the earlier version this would compare against either doesn't exist yet or its supersedes chain doesn't reach back that far in this dataset
55e759bf5457a33b288e8004,"TOU General Service, Non Demand, Option C: GS-1 TOU C, Single Phase (Under 2 kV)",Southern California Edison Co,66d09bd8f6172d040c0ea5cf,"TOU General Service, Non Demand, Option C: GS-1 TOU C, Single Phase (Under 2 kV)",2024-06-01 07:00:00+00:00,2015-06-01 07:00:00+00:00,,,,,,,False,9.00205338809035,excluded,only 9.0 years of history in the source data (need 10) — the earlier version this would compare against either doesn't exist yet or its supersedes chain doesn't reach back that far in this dataset
55e75a3d5457a3f9058e8005,"TOU General Service, Non Demand Metered, Option C: GS-1 TOU C, Three Phase (Under 2 kV)",Southern California Edison Co,66d09bdcf6172d040c0ea5d0,"TOU General Service, Non Demand Metered, Option C: GS-1 TOU C, Three Phase (Under 2 kV)",2024-06-01 07:00:00+00:00,2015-06-01 07:00:00+00:00,,,,,,,False,9.00205338809035,excluded,only 9.0 years of history in the source data (need 10) — the earlier version this would compare against either doesn't exist yet or its supersedes chain doesn't reach back that far in this dataset
574f1d7d5457a39f4b5e629d,Large Agriculture Power TOU Rate (AG-5A),Pacific Gas & Electric Co,69deaa6a3b7f6b42a805fda0,Large Agriculture Power TOU Rate (AG-5A),2026-03-27 07:00:00+00:00,2016-03-24 07:00:00+00:00,574f1d7d5457a39f4b5e629d,Large Agriculture Power TOU Rate (AG-5A),2016-03-24 07:00:00+00:00,False,10.00684462696783,0.04990931572459312,False,10.00684462696783,included,ok
574f1f015457a30c485e629d,Large Agriculture Power TOU Rate (AG-5B),Pacific Gas & Electric Co,69deaa74c3f455511f0635a2,Large Agriculture Power TOU Rate (AG-5B),2026-03-27 07:00:00+00:00,2016-03-24 07:00:00+00:00,574f1f015457a30c485e629d,Large Agriculture Power TOU Rate (AG-5B),2016-03-24 07:00:00+00:00,False,10.00684462696783,0.07525038414450669,False,10.00684462696783,included,ok
574f20cc5457a3c24d5e629d,Large Agriculture Power TOU Rate (AG-5C),Pacific Gas & Electric Co,69deaa7f54d2cac2040b6970,Large Agriculture Power TOU Rate (AG-5C),2026-03-27 07:00:00+00:00,2016-03-24 07:00:00+00:00,574f20cc5457a3c24d5e629d,Large Agriculture Power TOU Rate (AG-5C),2016-03-24 07:00:00+00:00,False,10.00684462696783,0.06241016077299544,False,10.00684462696783,included,ok
574f225a5457a311475e629d,Large Agriculture Power TOU Rate (AG-5D),Pacific Gas & Electric Co,69deaa6ffef8e27e5706661f,Large Agriculture Power TOU Rate (AG-5D),2026-03-27 07:00:00+00:00,2016-03-24 07:00:00+00:00,574f225a5457a311475e629d,Large Agriculture Power TOU Rate (AG-5D),2016-03-24 07:00:00+00:00,False,10.00684462696783,0.04990931572459312,False,10.00684462696783,included,ok
574f23b95457a3ed445e629d,Large Agriculture Power TOU Rate (AG-5E),Pacific Gas & Electric Co,69deaa79d600f18ec30600ad,Large Agriculture Power TOU Rate (AG-5E),2026-03-27 07:00:00+00:00,2016-03-24 07:00:00+00:00,574f23b95457a3ed445e629d,Large Agriculture Power TOU Rate (AG-5E),2016-03-24 07:00:00+00:00,False,10.00684462696783,0.07525038414450669,False,10.00684462696783,included,ok
574f253b5457a3ed445e629e,Large Agriculture Power TOU Rate (AG-5F),Pacific Gas & Electric Co,69deaa836d1ebb0263094f0f,Large Agriculture Power TOU Rate (AG-5F),2026-03-27 07:00:00+00:00,2016-03-24 07:00:00+00:00,574f253b5457a3ed445e629e,Large Agriculture Power TOU Rate (AG-5F),2016-03-24 07:00:00+00:00,False,10.00684462696783,0.06241016077299544,False,10.00684462696783,included,ok
574f37ff5457a3ed445e629f,E-19 Medium General Demand TOU Option R (Secondary),Pacific Gas & Electric Co,69de7a20e547dde41109edff,E-19 Medium General Demand TOU Option R (Secondary),2026-03-27 07:00:00+00:00,2016-03-24 07:00:00+00:00,574f37ff5457a3ed445e629f,E-19 Medium General Demand TOU Option R (Secondary),2016-03-24 07:00:00+00:00,False,10.00684462696783,0.006460852404191808,False,10.00684462696783,included,ok
574f39765457a30d485e629d,E-19 Medium General Demand TOU Option R (Primary),Pacific Gas & Electric Co,69de7c756d1ebb0263094f0d,E-19 Medium General Demand TOU Option R (Primary),2026-03-27 07:00:00+00:00,2016-03-24 07:00:00+00:00,574f39765457a30d485e629d,E-19 Medium General Demand TOU Option R (Primary),2016-03-24 07:00:00+00:00,False,10.00684462696783,0.005000792649045405,False,10.00684462696783,included,ok
574f3a845457a30d485e629e,E-19 Medium General Demand TOU Option R (Transmission),Pacific Gas & Electric Co,69de7d02edea9919e60bad8e,E-19 Medium General Demand TOU Option R (Transmission),2026-03-27 07:00:00+00:00,2016-03-24 07:00:00+00:00,574f3a845457a30d485e629e,E-19 Medium General Demand TOU Option R (Transmission),2016-03-24 07:00:00+00:00,False,10.00684462696783,-1.9465401802309934e-05,False,10.00684462696783,included,ok
574f3c4c5457a30e485e629d,"E-19 Medium General Demand TOU Option R (Secondary, Voluntary)",Pacific Gas & Electric Co,69de7a41820adfee230a016a,"E-19 Medium General Demand TOU Option R (Secondary, Voluntary)",2026-03-27 07:00:00+00:00,2016-03-24 07:00:00+00:00,574f3c4c5457a30e485e629d,"E-19 Medium General Demand TOU Option R (Secondary, Voluntary)",2016-03-24 07:00:00+00:00,False,10.00684462696783,0.007279822605546382,False,10.00684462696783,included,ok
574f3dc75457a30c485e629e,"E-19 Medium General Demand TOU Option R (Primary, Voluntary)",Pacific Gas & Electric Co,69de7c7bc3f455511f06359e,"E-19 Medium General Demand TOU Option R (Primary, Voluntary)",2026-03-27 07:00:00+00:00,2016-03-24 07:00:00+00:00,574f3dc75457a30c485e629e,"E-19 Medium General Demand TOU Option R (Primary, Voluntary)",2016-03-24 07:00:00+00:00,False,10.00684462696783,0.005000792649045405,False,10.00684462696783,included,ok
574f3ea25457a39f4b5e629e,"E-19 Medium General Demand TOU Option R (Transmission, Voluntary)",Pacific Gas & Electric Co,69de7d0857e73279b70d783c,"E-19 Medium General Demand TOU Option R (Transmission, Voluntary)",2026-03-27 07:00:00+00:00,2016-03-24 07:00:00+00:00,574f3ea25457a39f4b5e629e,"E-19 Medium General Demand TOU Option R (Transmission, Voluntary)",2016-03-24 07:00:00+00:00,False,10.00684462696783,-1.9465401802309934e-05,False,10.00684462696783,included,ok
574f40fc5457a3975c5e629d,E-20 Maximum demand of 1000KW or more Option R (Secondary),Pacific Gas & Electric Co,69de8259c6b8d5269401c6ed,E-20 Maximum demand of 1000KW or more Option R (Secondary),2026-03-27 07:00:00+00:00,2016-03-24 07:00:00+00:00,574f40fc5457a3975c5e629d,E-20 Maximum demand of 1000KW or more Option R (Secondary),2016-03-24 07:00:00+00:00,False,10.00684462696783,0.007734553127665578,False,10.00684462696783,included,ok
574f42045457a30c485e629f,E-20 Maximum demand of 1000KW or more Option R (Primary),Pacific Gas & Electric Co,69de825eedea9919e60bad8f,E-20 Maximum demand of 1000KW or more Option R (Primary),2026-03-27 07:00:00+00:00,2016-03-24 07:00:00+00:00,574f42045457a30c485e629f,E-20 Maximum demand of 1000KW or more Option R (Primary),2016-03-24 07:00:00+00:00,False,10.00684462696783,0.006127273885438322,False,10.00684462696783,included,ok
574f43875457a31a675e629d,E-20 Maximum demand of 1000KW or more Option R (Transmission),Pacific Gas & Electric Co,69de826508c252b4010e1d40,E-20 Maximum demand of 1000KW or more Option R (Transmission),2026-03-27 07:00:00+00:00,2016-03-24 07:00:00+00:00,574f43875457a31a675e629d,E-20 Maximum demand of 1000KW or more Option R (Transmission),2016-03-24 07:00:00+00:00,False,10.00684462696783,0.007335885000158804,False,10.00684462696783,included,ok
574f6b105457a3d8785e629e,"Time of Use, General Service, Demand Metered, TOU-GS-2, Option B",Southern California Edison Co,574f6b105457a3d8785e629e,"Time of Use, General Service, Demand Metered, TOU-GS-2, Option B",2016-05-02 06:00:00+00:00,2016-05-02 06:00:00+00:00,,,,,,,False,0.0,excluded,only 0.0 years of history in the source data (need 10) — the earlier version this would compare against either doesn't exist yet or its supersedes chain doesn't reach back that far in this dataset
576041cd5457a3ab28ba0c10,DG-R Secondary (Above 500kW),San Diego Gas & Electric Co,67742583660f9dd25005d4ea,DG-R Secondary (Above 500kW),2024-03-01 07:00:00+00:00,2016-01-01 08:00:00+00:00,,,,,,,False,8.161533196440795,excluded,only 8.2 years of history in the source data (need 10) — the earlier version this would compare against either doesn't exist yet or its supersedes chain doesn't reach back that far in this dataset
5772ee0f5457a30128ff4c7e,AL-TOU Primary (Above 500kW),San Diego Gas & Electric Co,6772f03ab5f9d561220ececd,AL-TOU Primary (Above 500kW),2024-10-01 06:00:00+00:00,2016-01-01 08:00:00+00:00,,,,,,,False,8.747433264887064,excluded,only 8.7 years of history in the source data (need 10) — the earlier version this would compare against either doesn't exist yet or its supersedes chain doesn't reach back that far in this dataset
578d09eb5457a3463af1f983,CI-TOD4: Commercial and Industrial TOD Primary (1000+ kW),Sacramento Municipal Utility District,68c0cba0e80d7c5ff30ac758,CI-TOD4: Commercial and Industrial TOD Primary (1000+ kW),2025-05-01 07:00:00+00:00,2016-01-01 08:00:00+00:00,,,,,,,False,9.32785763175907,excluded,only 9.3 years of history in the source data (need 10) — the earlier version this would compare against either doesn't exist yet or its supersedes chain doesn't reach back that far in this dataset
578d0bd25457a3463af1f984,CI-TOD4: Commercial and Industrial TOD Secondary (1000+ kW),Sacramento Municipal Utility District,68c0cb49d7afaa668b0dc6fc,CI-TOD4: Commercial and Industrial TOD Secondary (1000+ kW),2025-05-01 07:00:00+00:00,2016-01-01 08:00:00+00:00,,,,,,,False,9.32785763175907,excluded,only 9.3 years of history in the source data (need 10) — the earlier version this would compare against either doesn't exist yet or its supersedes chain doesn't reach back that far in this dataset
579163fe5457a3516af1f984,DG-R Primary (0-500 KW),San Diego Gas & Electric Co,67742588175c034c2b05d7cc,DG-R Primary (0-500 KW),2024-10-01 06:00:00+00:00,2016-01-01 08:00:00+00:00,,,,,,,False,8.747433264887064,excluded,only 8.7 years of history in the source data (need 10) — the earlier version this would compare against either doesn't exist yet or its supersedes chain doesn't reach back that far in this dataset
57b606575457a3cc59ded3d0,TOU-A-P Primary,San Diego Gas & Electric Co,57b606575457a3cc59ded3d0,TOU-A-P Primary,2016-08-01 07:00:00+00:00,2016-08-01 07:00:00+00:00,,,,,,,False,0.0,excluded,only 0.0 years of history in the source data (need 10) — the earlier version this would compare against either doesn't exist yet or its supersedes chain doesn't reach back that far in this dataset
57b608055457a38c44ded3d3,TOU-A-P Secondary,San Diego Gas & Electric Co,57b608055457a38c44ded3d3,TOU-A-P Secondary,2016-08-01 07:00:00+00:00,2016-08-01 07:00:00+00:00,,,,,,,False,0.0,excluded,only 0.0 years of history in the source data (need 10) — the earlier version this would compare against either doesn't exist yet or its supersedes chain doesn't reach back that far in this dataset
58090f0b5457a32b76cc986e,E-19 -Medium General Demand- TOU (Primary),Pacific Gas & Electric Co,58090f0b5457a32b76cc986e,E-19 -Medium General Demand- TOU (Primary),2016-10-01 06:00:00+00:00,2016-10-01 06:00:00+00:00,,,,,,,False,0.0,excluded,only 0.0 years of history in the source data (need 10) — the earlier version this would compare against either doesn't exist yet or its supersedes chain doesn't reach back that far in this dataset
586d2f4e5457a34b211c9607,"Time of Use, General Service, Non Demand, Option B: GS-1 TOU B, Single Phase (2 kV - 50 kV)",Southern California Edison Co,66d1f39fd4e4f22b6b0446bc,"Time of Use, General Service, Non Demand, Option B: GS-1 TOU B, Single Phase (2 kV - 50 kV)",2024-06-01 07:00:00+00:00,2017-01-01 07:00:00+00:00,,,,,,,False,7.41409993155373,excluded,only 7.4 years of history in the source data (need 10) — the earlier version this would compare against either doesn't exist yet or its supersedes chain doesn't reach back that far in this dataset
586d30c35457a3d8341c9605,"Time of Use, General Service, Non Demand, Option B: GS-1 TOU B, Three Phase (2 kV - 50 kV)",Southern California Edison Co,66d1f3a5d4e4f22b6b0446bd,"Time of Use, General Service, Non Demand, Option B: GS-1 TOU B, Three Phase (2 kV - 50 kV)",2024-06-01 07:00:00+00:00,2017-01-01 07:00:00+00:00,,,,,,,False,7.41409993155373,excluded,only 7.4 years of history in the source data (need 10) — the earlier version this would compare against either doesn't exist yet or its supersedes chain doesn't reach back that far in this dataset
586d32cf5457a34b211c9608,"Time of Use, General Service, Non Demand, Option B: GS-1 TOU B, Single Phase (50 kV - 220 kV)",Southern California Edison Co,66d1f3aad4e4f22b6b0446be,"Time of Use, General Service, Non Demand, Option B: GS-1 TOU B, Single Phase (50 kV - 220 kV)",2024-06-01 07:00:00+00:00,2017-01-01 07:00:00+00:00,,,,,,,False,7.41409993155373,excluded,only 7.4 years of history in the source data (need 10) — the earlier version this would compare against either doesn't exist yet or its supersedes chain doesn't reach back that far in this dataset
586d33f05457a34f211c9606,"Time of Use, General Service, Non Demand, Option B: GS-1 TOU B, Three Phase (50 kV - 220 kV)",Southern California Edison Co,66d1f3b0d4e4f22b6b0446bf,"Time of Use, General Service, Non Demand, Option B: GS-1 TOU B, Three Phase (50 kV - 220 kV)",2024-06-01 07:00:00+00:00,2017-01-01 07:00:00+00:00,,,,,,,False,7.41409993155373,excluded,only 7.4 years of history in the source data (need 10) — the earlier version this would compare against either doesn't exist yet or its supersedes chain doesn't reach back that far in this dataset
586d35025457a34b211c9609,"Time of Use, General Service, Non Demand, Option B: GS-1 TOU B, Single Phase (At 220 kV)",Southern California Edison Co,66d1f3bb126e33591b0f84da,"Time of Use, General Service, Non Demand, Option B: GS-1 TOU B, Single Phase (At 220 kV)",2024-06-01 07:00:00+00:00,2017-01-01 07:00:00+00:00,,,,,,,False,7.41409993155373,excluded,only 7.4 years of history in the source data (need 10) — the earlier version this would compare against either doesn't exist yet or its supersedes chain doesn't reach back that far in this dataset
586d35c45457a31b1b1c9605,"Time of Use, General Service, Non Demand, Option B: GS-1 TOU B, Three Phase (At 220 kV)",Southern California Edison Co,66d1f3c0615878105a0f6a4b,"Time of Use, General Service, Non Demand, Option B: GS-1 TOU B, Three Phase (At 220 kV)",2024-06-01 07:00:00+00:00,2017-01-01 07:00:00+00:00,,,,,,,False,7.41409993155373,excluded,only 7.4 years of history in the source data (need 10) — the earlier version this would compare against either doesn't exist yet or its supersedes chain doesn't reach back that far in this dataset
586d399f5457a34d211c9605,"TOU General Service, Non Demand, Option C: GS-1 TOU C, Single Phase (2 kV - 50 kV)",Southern California Edison Co,66d1e74cd4e4f22b6b0446bb,"TOU General Service, Non Demand, Option C: GS-1 TOU C, Single Phase (2 kV - 50 kV)",2024-06-01 07:00:00+00:00,2017-01-01 07:00:00+00:00,,,,,,,False,7.41409993155373,excluded,only 7.4 years of history in the source data (need 10) — the earlier version this would compare against either doesn't exist yet or its supersedes chain doesn't reach back that far in this dataset
586d3a855457a3cb361c9605,"TOU General Service, Non Demand, Option C: GS-1 TOU C, Three Phase (2 kV - 50 kV)",Southern California Edison Co,66d1e7529a60806216040742,"TOU General Service, Non Demand, Option C: GS-1 TOU C, Three Phase (2 kV - 50 kV)",2024-06-01 07:00:00+00:00,2017-01-01 07:00:00+00:00,,,,,,,False,7.41409993155373,excluded,only 7.4 years of history in the source data (need 10) — the earlier version this would compare against either doesn't exist yet or its supersedes chain doesn't reach back that far in this dataset
586d3c255457a37d7c1c9605,"TOU General Service, Non Demand, Option C: GS-1 TOU C, Single Phase (50 kV - 220 kV)",Southern California Edison Co,66d1e7619a60806216040743,"TOU General Service, Non Demand, Option C: GS-1 TOU C, Single Phase (50 kV - 220 kV)",2024-06-01 07:00:00+00:00,2017-01-01 07:00:00+00:00,,,,,,,False,7.41409993155373,excluded,only 7.4 years of history in the source data (need 10) — the earlier version this would compare against either doesn't exist yet or its supersedes chain doesn't reach back that far in this dataset
586d3d055457a34f211c9607,"TOU General Service, Non Demand, Option C: GS-1 TOU C, Three Phase (50 kV - 220 kV)",Southern California Edison Co,66d1e7669a60806216040744,"TOU General Service, Non Demand, Option C: GS-1 TOU C, Three Phase (50 kV - 220 kV)",2024-06-01 07:00:00+00:00,2017-01-01 07:00:00+00:00,,,,,,,False,7.41409993155373,excluded,only 7.4 years of history in the source data (need 10) — the earlier version this would compare against either doesn't exist yet or its supersedes chain doesn't reach back that far in this dataset
586d3e2e5457a3d8341c9606,"TOU General Service, Non Demand, Option C: GS-1 TOU C, Single Phase (At 220 kV)",Southern California Edison Co,66d1e7cdf79fbb175f018461,"TOU General Service, Non Demand, Option C: GS-1 TOU C, Single Phase (At 220 kV)",2024-06-01 07:00:00+00:00,2017-01-01 07:00:00+00:00,,,,,,,False,7.41409993155373,excluded,only 7.4 years of history in the source data (need 10) — the earlier version this would compare against either doesn't exist yet or its supersedes chain doesn't reach back that far in this dataset
586d3f6c5457a31b1b1c9606,"TOU General Service, Non Demand, Option C: GS-1 TOU C, Three Phase (At 220 kV)",Southern California Edison Co,66d1e778b1dea9bdd80edaa7,"TOU General Service, Non Demand, Option C: GS-1 TOU C, Three Phase (At 220 kV)",2024-06-01 07:00:00+00:00,2017-01-01 07:00:00+00:00,,,,,,,False,7.41409993155373,excluded,only 7.4 years of history in the source data (need 10) — the earlier version this would compare against either doesn't exist yet or its supersedes chain doesn't reach back that far in this dataset
586d4bf65457a366061c9606,"Time of Use, General Service, Demand Metered, Option GS-2 TOU A, Single Phase (At 220kV)",Southern California Edison Co,5c81808d7bece2299eceb3d5,"Time of Use, General Service, Demand Metered, Option GS-2 TOU A, Single Phase (At 220kV)",2018-10-01 07:00:00+00:00,2017-01-01 07:00:00+00:00,,,,,,,False,1.7467488021902806,excluded,only 1.7 years of history in the source data (need 10) — the earlier version this would compare against either doesn't exist yet or its supersedes chain doesn't reach back that far in this dataset
586d4ca75457a348111c9605,"Time of Use, General Service, Demand Metered, Option A: GS-2 TOU A, Three Phase (At 220kV)",Southern California Edison Co,5c81808a7bece2299eceb3d4,"Time of Use, General Service, Demand Metered, Option A: GS-2 TOU A, Three Phase (At 220kV)",2018-10-01 07:00:00+00:00,2017-01-01 07:00:00+00:00,,,,,,,False,1.7467488021902806,excluded,only 1.7 years of history in the source data (need 10) — the earlier version this would compare against either doesn't exist yet or its supersedes chain doesn't reach back that far in this dataset
586e7ee45457a3c6711c9605,"Time-of-use - General Service - Demand Metered: TOU-GS-3, Option A (2kV to 50kV)",Southern California Edison Co,5c81805f7bece2299eceb3c5,"Time-of-use - General Service - Demand Metered: TOU-GS-3, Option A (2kV to 50kV)",2018-10-01 07:00:00+00:00,2017-01-01 07:00:00+00:00,,,,,,,False,1.7467488021902806,excluded,only 1.7 years of history in the source data (need 10) — the earlier version this would compare against either doesn't exist yet or its supersedes chain doesn't reach back that far in this dataset
586e7f055457a3bc711c9605,"Time-of-use - General Service - Demand Metered: TOU-GS-3, Option A (50kV to 220kV)",Southern California Edison Co,5c81805c7bece2299eceb3c4,"Time-of-use - General Service - Demand Metered: TOU-GS-3, Option A (50kV to 220kV)",2018-10-01 07:00:00+00:00,2017-01-01 07:00:00+00:00,,,,,,,False,1.7467488021902806,excluded,only 1.7 years of history in the source data (need 10) — the earlier version this would compare against either doesn't exist yet or its supersedes chain doesn't reach back that far in this dataset
586e7f305457a3dd711c9605,"Time-of-use - General Service - Demand Metered: TOU-GS-3, Option A (at 220kV)",Southern California Edison Co,5c8180597bece2299eceb3c3,"Time-of-use - General Service - Demand Metered: TOU-GS-3, Option A (at 220kV)",2018-10-01 07:00:00+00:00,2017-01-01 07:00:00+00:00,,,,,,,False,1.7467488021902806,excluded,only 1.7 years of history in the source data (need 10) — the earlier version this would compare against either doesn't exist yet or its supersedes chain doesn't reach back that far in this dataset
586e81155457a31a7a1c9605,"Time of Use, General Service, Demand Metered, Option B: GS-3 TOU B (Under 2kV)",Southern California Edison Co,5c8180567bece2299eceb3c2,"Time of Use, General Service, Demand Metered, Option B: GS-3 TOU B (Under 2kV)",2018-10-01 07:00:00+00:00,2017-01-01 07:00:00+00:00,,,,,,,False,1.7467488021902806,excluded,only 1.7 years of history in the source data (need 10) — the earlier version this would compare against either doesn't exist yet or its supersedes chain doesn't reach back that far in this dataset
586e819e5457a37c711c9605,"Time-of-use - General Service - Demand Metered: TOU-GS-3, Option B (2kV-50kV)",Southern California Edison Co,675078fecb87bf5ac20350bf,"Time-of-use - General Service - Demand Metered: TOU-GS-3, Option B (2kV-50kV)",2024-10-01 06:00:00+00:00,2017-01-01 07:00:00+00:00,,,,,,,False,7.745379876796714,excluded,only 7.7 years of history in the source data (need 10) — the earlier version this would compare against either doesn't exist yet or its supersedes chain doesn't reach back that far in this dataset
586e82f95457a3c1711c9605,"Time-of-use - General Service - Demand Metered: TOU-GS-3, Option B (50kV to 220kV)",Southern California Edison Co,67507906cb87bf5ac20350c0,"Time-of-use - General Service - Demand Metered: TOU-GS-3, Option B (50kV to 220kV)",2024-10-01 06:00:00+00:00,2017-01-01 07:00:00+00:00,,,,,,,False,7.745379876796714,excluded,only 7.7 years of history in the source data (need 10) — the earlier version this would compare against either doesn't exist yet or its supersedes chain doesn't reach back that far in this dataset
586e86b95457a3d3711c9605,"Time-of-use - General Service - Demand Metered: TOU-GS-3, Option R (2kV to 50kV)",Southern California Edison Co,675099b5d14cc47b5e0a06c1,"Time-of-use - General Service - Demand Metered: TOU-GS-3, Option R (2kV to 50kV)",2024-10-01 06:00:00+00:00,2017-01-01 07:00:00+00:00,,,,,,,False,7.745379876796714,excluded,only 7.7 years of history in the source data (need 10) — the earlier version this would compare against either doesn't exist yet or its supersedes chain doesn't reach back that far in this dataset
586e87cc5457a3bc711c9606,"Time-of-use - General Service - Demand Metered: TOU-GS-3, Option R (50kV-220kV)",Southern California Edison Co,675099bbd14cc47b5e0a06c2,"Time-of-use - General Service - Demand Metered: TOU-GS-3, Option R (50kV-220kV)",2024-10-01 06:00:00+00:00,2017-01-01 07:00:00+00:00,,,,,,,False,7.745379876796714,excluded,only 7.7 years of history in the source data (need 10) — the earlier version this would compare against either doesn't exist yet or its supersedes chain doesn't reach back that far in this dataset
586fda255457a3c80a1c9605,Agriculture Power AG-1 (Rate B) Primary,Pacific Gas & Electric Co,69de97d654d2cac2040b696e,Agriculture Power AG-1 (Rate B) Primary,2026-03-27 07:00:00+00:00,2017-01-01 07:00:00+00:00,,,,,,,False,9.232032854209445,excluded,only 9.2 years of history in the source data (need 10) — the earlier version this would compare against either doesn't exist yet or its supersedes chain doesn't reach back that far in this dataset
587014c55457a36f0d1c9606,"Time-Of-Use - General Service - Large: TOU-8, Option A (Under 2 kV)",Southern California Edison Co,587014c55457a36f0d1c9606,"Time-Of-Use - General Service - Large: TOU-8, Option A (Under 2 kV)",2017-01-01 07:00:00+00:00,2017-01-01 07:00:00+00:00,,,,,,,False,0.0,excluded,only 0.0 years of history in the source data (need 10) — the earlier version this would compare against either doesn't exist yet or its supersedes chain doesn't reach back that far in this dataset
587016a85457a3d7241c9605,"Time-Of-Use - General Service - Large: TOU-8, Option B (Under 2 kV)",Southern California Edison Co,587016a85457a3d7241c9605,"Time-Of-Use - General Service - Large: TOU-8, Option B (Under 2 kV)",2017-01-01 08:00:00+00:00,2017-01-01 08:00:00+00:00,,,,,,,False,0.0,excluded,only 0.0 years of history in the source data (need 10) — the earlier version this would compare against either doesn't exist yet or its supersedes chain doesn't reach back that far in this dataset
5877c5b25457a3443bdda4d7,General Service Time-of-use Electric Vehicle Charging: TOU-EV-3 Option B Single Phase (Under 2kv),Southern California Edison Co,5c6dda6d5457a39218399c02,General Service Time-of-use Electric Vehicle Charging: TOU-EV-3 Option B Single Phase (Under 2kv),2019-01-01 07:00:00+00:00,2017-01-01 07:00:00+00:00,,,,,,,False,1.998631074606434,excluded,only 2.0 years of history in the source data (need 10) — the earlier version this would compare against either doesn't exist yet or its supersedes chain doesn't reach back that far in this dataset
587938eb5457a3ee73dda4d8,AL-TOU Secondary Substation,San Diego Gas & Electric Co,6772f07e739c802b3b0a6f3f,AL-TOU Secondary Substation,2024-10-01 06:00:00+00:00,2017-01-01 07:00:00+00:00,,,,,,,False,7.745379876796714,excluded,only 7.7 years of history in the source data (need 10) — the earlier version this would compare against either doesn't exist yet or its supersedes chain doesn't reach back that far in this dataset
58793af65457a31149dda4d6,AL-TOU Primary Substation,San Diego Gas & Electric Co,6772f076b5f9d561220ecece,AL-TOU Primary Substation,2024-10-01 06:00:00+00:00,2017-01-01 07:00:00+00:00,,,,,,,False,7.745379876796714,excluded,only 7.7 years of history in the source data (need 10) — the earlier version this would compare against either doesn't exist yet or its supersedes chain doesn't reach back that far in this dataset
58793d005457a3b25fdda4d7,AL-TOU Transmission (0-500 KW),San Diego Gas & Electric Co,6772f088739c802b3b0a6f40,AL-TOU Transmission (0-500 KW),2024-10-01 06:00:00+00:00,2017-01-01 07:00:00+00:00,,,,,,,False,7.745379876796714,excluded,only 7.7 years of history in the source data (need 10) — the earlier version this would compare against either doesn't exist yet or its supersedes chain doesn't reach back that far in this dataset
587941315457a3ee73dda4d9,A6-TOU Primary Substation,San Diego Gas & Electric Co,6774233fb5f9d561220eced4,A6-TOU Primary Substation,2024-10-01 06:00:00+00:00,2017-01-01 07:00:00+00:00,,,,,,,False,7.745379876796714,excluded,only 7.7 years of history in the source data (need 10) — the earlier version this would compare against either doesn't exist yet or its supersedes chain doesn't reach back that far in this dataset
5879429b5457a3716cdda4d6,A6-TOU Transmission,San Diego Gas & Electric Co,6774233af1d16989ba0803cc,A6-TOU Transmission,2024-10-01 06:00:00+00:00,2017-01-01 07:00:00+00:00,,,,,,,False,7.745379876796714,excluded,only 7.7 years of history in the source data (need 10) — the earlier version this would compare against either doesn't exist yet or its supersedes chain doesn't reach back that far in this dataset
58794d345457a31a74dda4d7,DG-R Secondary Substation,San Diego Gas & Electric Co,67742590175c034c2b05d7ce,DG-R Secondary Substation,2024-10-01 06:00:00+00:00,2017-01-01 07:00:00+00:00,,,,,,,False,7.745379876796714,excluded,only 7.7 years of history in the source data (need 10) — the earlier version this would compare against either doesn't exist yet or its supersedes chain doesn't reach back that far in this dataset
58794eb65457a3ee73dda4da,DG-R Primary Substation,San Diego Gas & Electric Co,67742595175c034c2b05d7cf,DG-R Primary Substation,2024-10-01 06:00:00+00:00,2017-01-01 07:00:00+00:00,,,,,,,False,7.745379876796714,excluded,only 7.7 years of history in the source data (need 10) — the earlier version this would compare against either doesn't exist yet or its supersedes chain doesn't reach back that far in this dataset
58794f965457a3cf58dda4d7,DG-R Transmission (0-500 KW),San Diego Gas & Electric Co,67742599739c802b3b0a6f46,DG-R Transmission (0-500 KW),2024-10-01 06:00:00+00:00,2017-01-01 07:00:00+00:00,,,,,,,False,7.745379876796714,excluded,only 7.7 years of history in the source data (need 10) — the earlier version this would compare against either doesn't exist yet or its supersedes chain doesn't reach back that far in this dataset
5879517a5457a3ee73dda4db,DG-R Transmission (Above 500 KW),San Diego Gas & Electric Co,6774259d739c802b3b0a6f47,DG-R Transmission (Above 500 KW),2024-10-01 06:00:00+00:00,2017-01-01 07:00:00+00:00,,,,,,,False,7.745379876796714,excluded,only 7.7 years of history in the source data (need 10) — the earlier version this would compare against either doesn't exist yet or its supersedes chain doesn't reach back that far in this dataset
587e4cb45457a31160316ce8,Primary Service (4.8 kV) CG-2(E),Los Angeles Department of Water & Power,69ef9679b6ac982d0805bcb8,Primary Service (4.8 kV) CG-2(E),2026-04-01 07:00:00+00:00,2017-01-01 07:00:00+00:00,,,,,,,False,9.245722108145106,excluded,only 9.2 years of history in the source data (need 10) — the earlier version this would compare against either doesn't exist yet or its supersedes chain doesn't reach back that far in this dataset
587e50155457a32e5a316ce6,Subtransmission (34.5 kV) CG-3(C),Los Angeles Department of Water & Power,69ef983fed24fdd5a6099c6a,Subtransmission (34.5 kV) CG-3(C),2026-04-01 07:00:00+00:00,2017-01-01 07:00:00+00:00,,,,,,,False,9.245722108145106,excluded,only 9.2 years of history in the source data (need 10) — the earlier version this would compare against either doesn't exist yet or its supersedes chain doesn't reach back that far in this dataset
587e51a25457a3986a316ce6,Subtransmission (34.5 kV) CG-3(D),Los Angeles Department of Water & Power,69ef9847f4e5aa105b0de9cb,Subtransmission (34.5 kV) CG-3(D),2026-04-01 07:00:00+00:00,2017-01-01 07:00:00+00:00,,,,,,,False,9.245722108145106,excluded,only 9.2 years of history in the source data (need 10) — the earlier version this would compare against either doesn't exist yet or its supersedes chain doesn't reach back that far in this dataset
587e53375457a37240316ce7,Subtransmission (34.5 kV) CG-3(E),Los Angeles Department of Water & Power,69ef984dca9e815b0e0a1859,Subtransmission (34.5 kV) CG-3(E),2026-04-01 07:00:00+00:00,2017-01-01 07:00:00+00:00,,,,,,,False,9.245722108145106,excluded,only 9.2 years of history in the source data (need 10) — the earlier version this would compare against either doesn't exist yet or its supersedes chain doesn't reach back that far in this dataset
59bffe4b5457a37206bbb27b,TOU-A,San Diego Gas & Electric Co,59bffe4b5457a37206bbb27b,TOU-A,2017-12-01 08:00:00+00:00,2017-12-01 08:00:00+00:00,,,,,,,False,0.0,excluded,only 0.0 years of history in the source data (need 10) — the earlier version this would compare against either doesn't exist yet or its supersedes chain doesn't reach back that far in this dataset
59c059345457a3b066bbb282,"TOU-GS-1, Option E",Southern California Edison Co,59c059345457a3b066bbb282,"TOU-GS-1, Option E",2017-12-01 08:00:00+00:00,2017-12-01 08:00:00+00:00,,,,,,,False,0.0,excluded,only 0.0 years of history in the source data (need 10) — the earlier version this would compare against either doesn't exist yet or its supersedes chain doesn't reach back that far in this dataset
59c05a965457a30837bbb27e,ME- GS-1 TOU D,Southern California Edison Co,5e0fd72e5457a3be65fa5c5d,ME- GS-1 TOU D,2020-01-01 07:00:00+00:00,2017-12-01 08:00:00+00:00,,,,,,,False,2.080766598220397,excluded,only 2.1 years of history in the source data (need 10) — the earlier version this would compare against either doesn't exist yet or its supersedes chain doesn't reach back that far in this dataset
59c05bc05457a30837bbb27f,"TOU-GS-2, Option D",Southern California Edison Co,59c05bc05457a30837bbb27f,"TOU-GS-2, Option D",2017-12-01 08:00:00+00:00,2017-12-01 08:00:00+00:00,,,,,,,False,0.0,excluded,only 0.0 years of history in the source data (need 10) — the earlier version this would compare against either doesn't exist yet or its supersedes chain doesn't reach back that far in this dataset
59c05cde5457a30837bbb280,"TOU-GS-2, Option E",Southern California Edison Co,59c05cde5457a30837bbb280,"TOU-GS-2, Option E",2017-12-01 08:00:00+00:00,2017-12-01 08:00:00+00:00,,,,,,,False,0.0,excluded,only 0.0 years of history in the source data (need 10) — the earlier version this would compare against either doesn't exist yet or its supersedes chain doesn't reach back that far in this dataset
59c05e4b5457a37206bbb281,"TOU-GS-3, Option D",Southern California Edison Co,59c05e4b5457a37206bbb281,"TOU-GS-3, Option D",2017-12-01 08:00:00+00:00,2017-12-01 08:00:00+00:00,,,,,,,False,0.0,excluded,only 0.0 years of history in the source data (need 10) — the earlier version this would compare against either doesn't exist yet or its supersedes chain doesn't reach back that far in this dataset
59c05f655457a3814ebbb27c,"TOU-GS-3, Option E",Southern California Edison Co,59c05f655457a3814ebbb27c,"TOU-GS-3, Option E",2017-12-01 08:00:00+00:00,2017-12-01 08:00:00+00:00,,,,,,,False,0.0,excluded,only 0.0 years of history in the source data (need 10) — the earlier version this would compare against either doesn't exist yet or its supersedes chain doesn't reach back that far in this dataset
59c0608e5457a3c813bbb282,"TOU-8, Option D (BELOW 2 KV)",Southern California Edison Co,59c0608e5457a3c813bbb282,"TOU-8, Option D (BELOW 2 KV)",2017-12-01 08:00:00+00:00,2017-12-01 08:00:00+00:00,,,,,,,False,0.0,excluded,only 0.0 years of history in the source data (need 10) — the earlier version this would compare against either doesn't exist yet or its supersedes chain doesn't reach back that far in this dataset
59c0616d5457a3d348bbb27c,"TOU-8, Option E (BELOW 2 KV)",Southern California Edison Co,59c0616d5457a3d348bbb27c,"TOU-8, Option E (BELOW 2 KV)",2017-12-01 08:00:00+00:00,2017-12-01 08:00:00+00:00,,,,,,,False,0.0,excluded,only 0.0 years of history in the source data (need 10) — the earlier version this would compare against either doesn't exist yet or its supersedes chain doesn't reach back that far in this dataset
5a3309c45457a3eb305c48a1,A-6 Small General Service TOU Meter Charge (W),Pacific Gas & Electric Co,62d5db11c895f534f635d7d8,A-6 Small General Service TOU Meter Charge (W),2022-06-01 07:00:00+00:00,2017-10-24 06:00:00+00:00,,,,,,,False,4.602327173169062,excluded,only 4.6 years of history in the source data (need 10) — the earlier version this would compare against either doesn't exist yet or its supersedes chain doesn't reach back that far in this dataset
5b280bc95457a3723de5d862,Schedule GS-2 General Service - Demand,Modesto Irrigation District,5b280bc95457a3723de5d862,Schedule GS-2 General Service - Demand,2017-01-01 08:00:00+00:00,2017-01-01 08:00:00+00:00,,,,,,,False,0.0,excluded,only 0.0 years of history in the source data (need 10) — the earlier version this would compare against either doesn't exist yet or its supersedes chain doesn't reach back that far in this dataset
5b33c9825457a3ee5b8367be,EV-GIR1 (Experimental),San Diego Gas & Electric Co,5b33c9825457a3ee5b8367be,EV-GIR1 (Experimental),2018-06-27 07:00:00+00:00,2018-06-27 07:00:00+00:00,,,,,,,False,0.0,excluded,only 0.0 years of history in the source data (need 10) — the earlier version this would compare against either doesn't exist yet or its supersedes chain doesn't reach back that far in this dataset
5b34ef085457a36a118367be,EV-GIR2 (Experimental),San Diego Gas & Electric Co,5b34ef085457a36a118367be,EV-GIR2 (Experimental),2018-06-27 07:00:00+00:00,2018-06-27 07:00:00+00:00,,,,,,,False,0.0,excluded,only 0.0 years of history in the source data (need 10) — the earlier version this would compare against either doesn't exist yet or its supersedes chain doesn't reach back that far in this dataset
5b4ce9585457a3a85fc6d677,Schedule CT Commercial Service - Time-Of-Use Under 35 kW (Westside Zone),Turlock Irrigation District,5b4ce9585457a3a85fc6d677,Schedule CT Commercial Service - Time-Of-Use Under 35 kW (Westside Zone),2015-01-01 08:00:00+00:00,2015-01-01 08:00:00+00:00,,,,,,,False,0.0,excluded,only 0.0 years of history in the source data (need 10) — the earlier version this would compare against either doesn't exist yet or its supersedes chain doesn't reach back that far in this dataset
5b4ceb095457a31c13c6d674,Schedule CE Commercial Service - Energy Under 35 kW (Westside Zone),Turlock Irrigation District,5b4ceb095457a31c13c6d674,Schedule CE Commercial Service - Energy Under 35 kW (Westside Zone),2015-01-01 08:00:00+00:00,2015-01-01 08:00:00+00:00,,,,,,,False,0.0,excluded,only 0.0 years of history in the source data (need 10) — the earlier version this would compare against either doesn't exist yet or its supersedes chain doesn't reach back that far in this dataset
5b4d03515457a34c11c6d676,Schedule ID Small Industrial Service - Demand Metered 35 to 499 kW (Westside Zone Included),Turlock Irrigation District,5b4d03515457a34c11c6d676,Schedule ID Small Industrial Service - Demand Metered 35 to 499 kW (Westside Zone Included),2015-01-01 08:00:00+00:00,2015-01-01 08:00:00+00:00,,,,,,,False,0.0,excluded,only 0.0 years of history in the source data (need 10) — the earlier version this would compare against either doesn't exist yet or its supersedes chain doesn't reach back that far in this dataset
5b4d0d675457a39d19c6d674,Schedule IT Small Industrial Service - Time-Of-Use 35 to 499 kW (Westside Zone),Turlock Irrigation District,5b4d0d675457a39d19c6d674,Schedule IT Small Industrial Service - Time-Of-Use 35 to 499 kW (Westside Zone),2015-01-01 08:00:00+00:00,2015-01-01 08:00:00+00:00,,,,,,,False,0.0,excluded,only 0.0 years of history in the source data (need 10) — the earlier version this would compare against either doesn't exist yet or its supersedes chain doesn't reach back that far in this dataset
5b4d17b85457a34c11c6d677,"Schedule HT Large Industrial Service - Demand Metered 500 to 2,999 kW, Time-Of-Use (Weside Zone)",Turlock Irrigation District,5b4d17b85457a34c11c6d677,"Schedule HT Large Industrial Service - Demand Metered 500 to 2,999 kW, Time-Of-Use (Weside Zone)",2015-01-01 08:00:00+00:00,2015-01-01 08:00:00+00:00,,,,,,,False,0.0,excluded,only 0.0 years of history in the source data (need 10) — the earlier version this would compare against either doesn't exist yet or its supersedes chain doesn't reach back that far in this dataset
5b4e09465457a30e0fc6d674,"Schedule XT Very Large Industrial Service - Demand Metered 3,000 to 6,999 kW, Time-Of-Use (Westside Zone)",Turlock Irrigation District,5b4e09465457a30e0fc6d674,"Schedule XT Very Large Industrial Service - Demand Metered 3,000 to 6,999 kW, Time-Of-Use (Westside Zone)",2015-01-01 08:00:00+00:00,2015-01-01 08:00:00+00:00,,,,,,,False,0.0,excluded,only 0.0 years of history in the source data (need 10) — the earlier version this would compare against either doesn't exist yet or its supersedes chain doesn't reach back that far in this dataset
5b4e14f35457a3275cc6d674,"Schedule BP Bulk Power Industrial, Demand Metered 7,000 kW and Over, Time-Of-Use (Westside Zone)",Turlock Irrigation District,5b4e14f35457a3275cc6d674,"Schedule BP Bulk Power Industrial, Demand Metered 7,000 kW and Over, Time-Of-Use (Westside Zone)",2015-01-01 08:00:00+00:00,2015-01-01 08:00:00+00:00,,,,,,,False,0.0,excluded,only 0.0 years of history in the source data (need 10) — the earlier version this would compare against either doesn't exist yet or its supersedes chain doesn't reach back that far in this dataset
5b4e1f685457a32c26c6d675,Schedule FD Farm Service - Demand Metered (Westside Zone),Turlock Irrigation District,5b4e1f685457a32c26c6d675,Schedule FD Farm Service - Demand Metered (Westside Zone),2015-01-01 08:00:00+00:00,2015-01-01 08:00:00+00:00,,,,,,,False,0.0,excluded,only 0.0 years of history in the source data (need 10) — the earlier version this would compare against either doesn't exist yet or its supersedes chain doesn't reach back that far in this dataset
5b4e24955457a3275cc6d675,Schedule FE Farm Service - Energy (Westside Zone),Turlock Irrigation District,5b4e24955457a3275cc6d675,Schedule FE Farm Service - Energy (Westside Zone),,,,,,,,,False,,excluded,current version has no startdate
5b4e2ad15457a32c3ec6d674,Schedule FT Farm Service - Time-Of-Use (Westside Zone),Turlock Irrigation District,5b4e2ad15457a32c3ec6d674,Schedule FT Farm Service - Time-Of-Use (Westside Zone),2015-01-01 08:00:00+00:00,2015-01-01 08:00:00+00:00,,,,,,,False,0.0,excluded,only 0.0 years of history in the source data (need 10) — the earlier version this would compare against either doesn't exist yet or its supersedes chain doesn't reach back that far in this dataset
5b4e406f5457a32c3ec6d676,Schedule MD Municipal Uses - Demand Metered 35 kW and Over (Westside Zone),Turlock Irrigation District,5b4e406f5457a32c3ec6d676,Schedule MD Municipal Uses - Demand Metered 35 kW and Over (Westside Zone),2015-01-01 08:00:00+00:00,2015-01-01 08:00:00+00:00,,,,,,,False,0.0,excluded,only 0.0 years of history in the source data (need 10) — the earlier version this would compare against either doesn't exist yet or its supersedes chain doesn't reach back that far in this dataset
5b4e4c695457a34913c6d674,Schedule MC Municipal Uses - Connected Load Under 35 kW (Westside Zone),Turlock Irrigation District,5b4e4c695457a34913c6d674,Schedule MC Municipal Uses - Connected Load Under 35 kW (Westside Zone),2015-01-01 08:00:00+00:00,2015-01-01 08:00:00+00:00,,,,,,,False,0.0,excluded,only 0.0 years of history in the source data (need 10) — the earlier version this would compare against either doesn't exist yet or its supersedes chain doesn't reach back that far in this dataset
5b4e6d815457a3776ec6d676,Schedule NM Flat Rate Service-0 - 200 watts(Winter)(Westside Zone),Turlock Irrigation District,5b4e6d815457a3776ec6d676,Schedule NM Flat Rate Service-0 - 200 watts(Winter)(Westside Zone),2015-01-01 08:00:00+00:00,2015-01-01 08:00:00+00:00,,,,,,,False,0.0,excluded,only 0.0 years of history in the source data (need 10) — the earlier version this would compare against either doesn't exist yet or its supersedes chain doesn't reach back that far in this dataset
5b4e6fab5457a3314ec6d676,Schedule NM Flat Rate Service-201 - 300 watts(Winter) (Westside Zone),Turlock Irrigation District,5b4e6fab5457a3314ec6d676,Schedule NM Flat Rate Service-201 - 300 watts(Winter) (Westside Zone),2015-01-01 08:00:00+00:00,2015-01-01 08:00:00+00:00,,,,,,,False,0.0,excluded,only 0.0 years of history in the source data (need 10) — the earlier version this would compare against either doesn't exist yet or its supersedes chain doesn't reach back that far in this dataset
5b4f6a765457a3d602c6d674,Schedule NM Flat Rate Service-301 - 500 watts(Winter) (Westside Zone),Turlock Irrigation District,5b4f6a765457a3d602c6d674,Schedule NM Flat Rate Service-301 - 500 watts(Winter) (Westside Zone),2018-01-01 08:00:00+00:00,2018-01-01 08:00:00+00:00,,,,,,,False,0.0,excluded,only 0.0 years of history in the source data (need 10) — the earlier version this would compare against either doesn't exist yet or its supersedes chain doesn't reach back that far in this dataset
5b4f6f0b5457a3776ec6d677,Schedule NM Flat Rate Service-501 - 800 watts(Winter) (Westside Zone),Turlock Irrigation District,5b4f6f0b5457a3776ec6d677,Schedule NM Flat Rate Service-501 - 800 watts(Winter) (Westside Zone),2015-01-01 08:00:00+00:00,2015-01-01 08:00:00+00:00,,,,,,,False,0.0,excluded,only 0.0 years of history in the source data (need 10) — the earlier version this would compare against either doesn't exist yet or its supersedes chain doesn't reach back that far in this dataset
5b4f710b5457a3d602c6d675,Schedule NM Flat Rate Service-801 - 1200 watts(Winter) (Westside Zone),Turlock Irrigation District,5b4f710b5457a3d602c6d675,Schedule NM Flat Rate Service-801 - 1200 watts(Winter) (Westside Zone),2015-01-01 08:00:00+00:00,2015-01-01 08:00:00+00:00,,,,,,,False,0.0,excluded,only 0.0 years of history in the source data (need 10) — the earlier version this would compare against either doesn't exist yet or its supersedes chain doesn't reach back that far in this dataset
5b4f7c225457a35a27c6d675,Schedule NM Flat Rate Service-0 - 200 watts(Summer) (Westside Zone),Turlock Irrigation District,5b4f7c225457a35a27c6d675,Schedule NM Flat Rate Service-0 - 200 watts(Summer) (Westside Zone),2015-01-01 08:00:00+00:00,2015-01-01 08:00:00+00:00,,,,,,,False,0.0,excluded,only 0.0 years of history in the source data (need 10) — the earlier version this would compare against either doesn't exist yet or its supersedes chain doesn't reach back that far in this dataset
5b4f952c5457a3a21fc6d674,Schedule NM Flat Rate Service-501 - 800 watts(Summer) (Westside Zone),Turlock Irrigation District,5b4f952c5457a3a21fc6d674,Schedule NM Flat Rate Service-501 - 800 watts(Summer) (Westside Zone),2015-01-01 08:00:00+00:00,2015-01-01 08:00:00+00:00,,,,,,,False,0.0,excluded,only 0.0 years of history in the source data (need 10) — the earlier version this would compare against either doesn't exist yet or its supersedes chain doesn't reach back that far in this dataset
5b4f97805457a3e322c6d676,Schedule NM Flat Rate Service-801 - 1200 watts(Summer),Turlock Irrigation District,5b4f97805457a3e322c6d676,Schedule NM Flat Rate Service-801 - 1200 watts(Summer),2015-01-01 08:00:00+00:00,2015-01-01 08:00:00+00:00,,,,,,,False,0.0,excluded,only 0.0 years of history in the source data (need 10) — the earlier version this would compare against either doesn't exist yet or its supersedes chain doesn't reach back that far in this dataset
5b4fb4a65457a3d602c6d676,Schedule CG Self Generation-Under 35 kW Commerical Service,Turlock Irrigation District,5b4fb4a65457a3d602c6d676,Schedule CG Self Generation-Under 35 kW Commerical Service,2015-01-01 08:00:00+00:00,2015-01-01 08:00:00+00:00,,,,,,,False,0.0,excluded,only 0.0 years of history in the source data (need 10) — the earlier version this would compare against either doesn't exist yet or its supersedes chain doesn't reach back that far in this dataset
5b4fc0af5457a38e72c6d679,Schedule FG Self Generation- Farm Service,Turlock Irrigation District,5b4fc0af5457a38e72c6d679,Schedule FG Self Generation- Farm Service,2015-01-01 08:00:00+00:00,2015-01-01 08:00:00+00:00,,,,,,,False,0.0,excluded,only 0.0 years of history in the source data (need 10) — the earlier version this would compare against either doesn't exist yet or its supersedes chain doesn't reach back that far in this dataset
5b50c4545457a36c2fc6d674,Schedule IG Self Generation- Small Industrial Service 35 to 499 kW,Turlock Irrigation District,5b50c4545457a36c2fc6d674,Schedule IG Self Generation- Small Industrial Service 35 to 499 kW,2015-01-01 08:00:00+00:00,2015-01-01 08:00:00+00:00,,,,,,,False,0.0,excluded,only 0.0 years of history in the source data (need 10) — the earlier version this would compare against either doesn't exist yet or its supersedes chain doesn't reach back that far in this dataset
5b50cd735457a35143c6d674,Scedule HG Self Generation- Large Industry Service 500-6999 kW,Turlock Irrigation District,5b50cd735457a35143c6d674,Scedule HG Self Generation- Large Industry Service 500-6999 kW,2015-01-01 08:00:00+00:00,2015-01-01 08:00:00+00:00,,,,,,,False,0.0,excluded,only 0.0 years of history in the source data (need 10) — the earlier version this would compare against either doesn't exist yet or its supersedes chain doesn't reach back that far in this dataset
5b50df475457a32a05c6d674,"Schedule BG Self Generation- Bulk Power Industry 7,000kW and Over",Turlock Irrigation District,5b50df475457a32a05c6d674,"Schedule BG Self Generation- Bulk Power Industry 7,000kW and Over",2015-01-01 08:00:00+00:00,2015-01-01 08:00:00+00:00,,,,,,,False,0.0,excluded,only 0.0 years of history in the source data (need 10) — the earlier version this would compare against either doesn't exist yet or its supersedes chain doesn't reach back that far in this dataset
5b50e2485457a3ee03c6d675,Schedule MG Self Generation- Municipal Users,Turlock Irrigation District,5b50e2485457a3ee03c6d675,Schedule MG Self Generation- Municipal Users,2015-01-01 08:00:00+00:00,2015-01-01 08:00:00+00:00,,,,,,,False,0.0,excluded,only 0.0 years of history in the source data (need 10) — the earlier version this would compare against either doesn't exist yet or its supersedes chain doesn't reach back that far in this dataset
5b593df35457a3a33426b8f8,"Time-Of-Use - General Service - Large: TOU-8, Option A (Under 2 kV)",Southern California Edison Co,5c8026b35457a3193c4b0dbb,"Time-Of-Use - General Service - Large: TOU-8, Option A (Under 2 kV)",2019-03-01 07:00:00+00:00,2017-01-01 07:00:00+00:00,,,,,,,False,2.1601642710472277,excluded,only 2.2 years of history in the source data (need 10) — the earlier version this would compare against either doesn't exist yet or its supersedes chain doesn't reach back that far in this dataset
5b59413d5457a3f33726b8f8,"Time-Of-Use - General Service - Large: TOU-8, Option R (under 2kV)",Southern California Edison Co,674f6d1f52205216e80c25e8,"Time-Of-Use - General Service - Large: TOU-8, Option R (under 2kV)",2024-10-01 06:00:00+00:00,2017-01-01 07:00:00+00:00,,,,,,,False,7.745379876796714,excluded,only 7.7 years of history in the source data (need 10) — the earlier version this would compare against either doesn't exist yet or its supersedes chain doesn't reach back that far in this dataset
5b5943bc5457a3463a26b8f8,"Time-Of-Use - General Service - Large: TOU-8, Option CPP (Under 2 kV)",Southern California Edison Co,5b5946fb5457a39e3b26b8f8,"Time-Of-Use - General Service - Large: TOU-8, Option CPP (Under 2 kV)",2018-06-01 06:00:00+00:00,2017-01-01 08:00:00+00:00,,,,,,,False,1.4099931553730323,excluded,only 1.4 years of history in the source data (need 10) — the earlier version this would compare against either doesn't exist yet or its supersedes chain doesn't reach back that far in this dataset
5b5a345e5457a3056826b8f8,"Time of Use, General Service, Demand Metered, Option R: GS-2 TOU R - Three phase (Under 2kV)",Southern California Edison Co,67535613a7d2ac0ef60003c0,"Time of Use, General Service, Demand Metered, Option R: GS-2 TOU R - Three phase (Under 2kV)",2024-10-01 06:00:00+00:00,1999-01-01 08:00:00+00:00,5b5a345e5457a3056826b8f8,"Time of Use, General Service, Demand Metered, Option R: GS-2 TOU R - Three phase (Under 2kV)",1999-01-01 08:00:00+00:00,False,25.746748802190282,0.019132518694338074,False,25.746748802190282,included,ok
5b5b62fa5457a3a45d26b8f8,"Time of Use, General Service, Demand Metered, Option A: GS-2 TOU A, Three Phase (Under 2 kV)",Southern California Edison Co,5cdb9ca35457a3b62b40c5d3,"Time of Use, General Service, Demand Metered, Option A: GS-2 TOU A, Three Phase (Under 2 kV)",2019-04-12 07:00:00+00:00,1999-01-01 08:00:00+00:00,5b5b62fa5457a3a45d26b8f8,"Time of Use, General Service, Demand Metered, Option A: GS-2 TOU A, Three Phase (Under 2 kV)",1999-01-01 08:00:00+00:00,False,20.27378507871321,0.001354711294002442,False,20.27378507871321,included,ok
5b5b846a5457a3aa6926b8f8,"Time of Use, General Service, Demand Metered, Option B: GS-2 TOU B, Three Phase (Under 2 kV)",Southern California Edison Co,675350b394d97f080e04dbe0,"Time of Use, General Service, Demand Metered, Option B: GS-2 TOU B, Three Phase (Under 2 kV)",2024-10-01 06:00:00+00:00,1999-01-01 08:00:00+00:00,5b5b846a5457a3aa6926b8f8,"Time of Use, General Service, Demand Metered, Option B: GS-2 TOU B, Three Phase (Under 2 kV)",1999-01-01 08:00:00+00:00,False,25.746748802190282,0.019654688485395866,False,25.746748802190282,included,ok
5b5d76115457a34c1026b8f8,AL-TOU2 Secondary (Above 500kW),San Diego Gas & Electric Co,677317285661c61bc50fcf91,AL-TOU2 Secondary (Above 500kW),2024-10-01 06:00:00+00:00,2018-07-01 06:00:00+00:00,,,,,,,False,6.253251197809719,excluded,only 6.3 years of history in the source data (need 10) — the earlier version this would compare against either doesn't exist yet or its supersedes chain doesn't reach back that far in this dataset
5b5e1f275457a3413826b8f8,TOU-A Secondary (0-5kW),San Diego Gas & Electric Co,6a4583a8ca2c8b0bc00e6b6d,TOU-A Secondary (0-5kW),2026-06-01 07:00:00+00:00,2017-01-01 08:00:00+00:00,,,,,,,False,9.409993155373032,excluded,only 9.4 years of history in the source data (need 10) — the earlier version this would compare against either doesn't exist yet or its supersedes chain doesn't reach back that far in this dataset
5b5ef3155457a39879409a7b,"Time-of-use - General Service - Demand Metered: TOU-GS-3, Option CPP (Under 2kV)",Southern California Edison Co,5b5efe935457a39e79409a7c,"Time-of-use - General Service - Demand Metered: TOU-GS-3, Option CPP (Under 2kV)",2018-06-01 06:00:00+00:00,2017-01-01 08:00:00+00:00,,,,,,,False,1.4099931553730323,excluded,only 1.4 years of history in the source data (need 10) — the earlier version this would compare against either doesn't exist yet or its supersedes chain doesn't reach back that far in this dataset
5b5f1f965457a39579409a7c,"Time-of-use - General Service - Demand Metered: TOU-GS-3, Option A (Under 2kV)",Southern California Edison Co,5c8049ce5457a3d63c4b0dbc,"Time-of-use - General Service - Demand Metered: TOU-GS-3, Option A (Under 2kV)",2019-03-01 07:00:00+00:00,2017-01-01 08:00:00+00:00,,,,,,,False,2.1574264202600957,excluded,only 2.2 years of history in the source data (need 10) — the earlier version this would compare against either doesn't exist yet or its supersedes chain doesn't reach back that far in this dataset
5b5f24005457a39779409a7b,"Time-of-use - General Service - Demand Metered: TOU-GS-3, Option B (Under 2kV)",Southern California Edison Co,675078f6cb87bf5ac20350be,"Time-of-use - General Service - Demand Metered: TOU-GS-3, Option B (Under 2kV)",2024-10-01 06:00:00+00:00,2017-01-01 08:00:00+00:00,,,,,,,False,7.745379876796714,excluded,only 7.7 years of history in the source data (need 10) — the earlier version this would compare against either doesn't exist yet or its supersedes chain doesn't reach back that far in this dataset
5b5f27b45457a34051409a7c,"Time-of-use - General Service - Demand Metered: TOU-GS-3, Option R (Under 2kV)",Southern California Edison Co,675099aeeac17d3225091399,"Time-of-use - General Service - Demand Metered: TOU-GS-3, Option R (Under 2kV)",2024-10-01 06:00:00+00:00,2017-01-01 08:00:00+00:00,,,,,,,False,7.745379876796714,excluded,only 7.7 years of history in the source data (need 10) — the earlier version this would compare against either doesn't exist yet or its supersedes chain doesn't reach back that far in this dataset
5b5f2c815457a39779409a7d,Time-of-use - General Service - Super Off Peak - Demand Metered: TOU-GS-3-SOP (under 2 kv),Southern California Edison Co,5b5f357a5457a34251409a7b,Time-of-use - General Service - Super Off Peak - Demand Metered: TOU-GS-3-SOP (under 2 kv),2018-06-01 06:00:00+00:00,2017-01-01 08:00:00+00:00,,,,,,,False,1.4099931553730323,excluded,only 1.4 years of history in the source data (need 10) — the earlier version this would compare against either doesn't exist yet or its supersedes chain doesn't reach back that far in this dataset
5b5f384f5457a39779409a7e,Time-of-use - General Service - Demand Metered - NonTOU - GS-3 - (under 2 kv),Southern California Edison Co,5b5f384f5457a39779409a7e,Time-of-use - General Service - Demand Metered - NonTOU - GS-3 - (under 2 kv),2017-01-01 08:00:00+00:00,2017-01-01 08:00:00+00:00,,,,,,,False,0.0,excluded,only 0.0 years of history in the source data (need 10) — the earlier version this would compare against either doesn't exist yet or its supersedes chain doesn't reach back that far in this dataset
5b5f3ca85457a37b63409a7b,"TOU General Service, Option C: GS-1 TOU C, 3-Phase (Under 2 kV)",Southern California Edison Co,5b5f5e155457a3ce65409a7b,"TOU General Service, Option C: GS-1 TOU C, 3-Phase (Under 2 kV)",2018-06-01 06:00:00+00:00,2017-01-01 08:00:00+00:00,,,,,,,False,1.4099931553730323,excluded,only 1.4 years of history in the source data (need 10) — the earlier version this would compare against either doesn't exist yet or its supersedes chain doesn't reach back that far in this dataset
5b5f64835457a35667409a7c,"TOU General Service, Option C: GS-1 TOU B, 3-Phase (Under 2 kV)",Southern California Edison Co,5b5f69015457a3ef78409a7c,"TOU General Service, Option C: GS-1 TOU B, 3-Phase (Under 2 kV)",2018-06-01 06:00:00+00:00,2017-01-01 08:00:00+00:00,,,,,,,False,1.4099931553730323,excluded,only 1.4 years of history in the source data (need 10) — the earlier version this would compare against either doesn't exist yet or its supersedes chain doesn't reach back that far in this dataset
5b5f69855457a32f7a409a7c,"TOU General Service, Option C: GS-1 TOU A, 3-Phase (Under 2 kV)",Southern California Edison Co,5b5f6ad95457a37c63409a7b,"TOU General Service, Option C: GS-1 TOU A, 3-Phase (Under 2 kV)",2018-06-01 06:00:00+00:00,2017-01-01 08:00:00+00:00,,,,,,,False,1.4099931553730323,excluded,only 1.4 years of history in the source data (need 10) — the earlier version this would compare against either doesn't exist yet or its supersedes chain doesn't reach back that far in this dataset
5b5ffd555457a37a6c409a7b,AL-TOU2 Primary (Above 500kW),San Diego Gas & Electric Co,6773173c5661c61bc50fcf93,AL-TOU2 Primary (Above 500kW),2024-10-01 06:00:00+00:00,2018-07-01 06:00:00+00:00,,,,,,,False,6.253251197809719,excluded,only 6.3 years of history in the source data (need 10) — the earlier version this would compare against either doesn't exist yet or its supersedes chain doesn't reach back that far in this dataset
5b600dcc5457a3b057409a7c,TOU-A-2 Secondary (Above 50 kW),San Diego Gas & Electric Co,6a4589fe5eb2306b2706702d,TOU-A-2 Secondary (Above 50 kW),2026-06-01 07:00:00+00:00,2018-06-30 07:00:00+00:00,,,,,,,False,7.920602327173169,excluded,only 7.9 years of history in the source data (need 10) — the earlier version this would compare against either doesn't exist yet or its supersedes chain doesn't reach back that far in this dataset
5b600fd25457a37a6c409a7c,TOU-A-2 Primary (Above 50kW),San Diego Gas & Electric Co,6a458bfa6b6256d5ce019adb,TOU-A-2 Primary (Above 50kW),2026-06-01 07:00:00+00:00,2018-07-01 06:00:00+00:00,,,,,,,False,7.917864476386037,excluded,only 7.9 years of history in the source data (need 10) — the earlier version this would compare against either doesn't exist yet or its supersedes chain doesn't reach back that far in this dataset
5b6010cd5457a37a6c409a7d,TOU-A-3 Secondary (Above 50kW),San Diego Gas & Electric Co,6a458e99ab8f09871f06ef7d,TOU-A-3 Secondary (Above 50kW),2026-06-01 07:00:00+00:00,2018-07-01 06:00:00+00:00,,,,,,,False,7.917864476386037,excluded,only 7.9 years of history in the source data (need 10) — the earlier version this would compare against either doesn't exist yet or its supersedes chain doesn't reach back that far in this dataset
5b60120c5457a37a59409a7b,TOU-A-3 Primary (Above 50kW),San Diego Gas & Electric Co,6a4590848cec9bee0e03c3cb,TOU-A-3 Primary (Above 50kW),2026-06-01 07:00:00+00:00,2018-07-01 06:00:00+00:00,,,,,,,False,7.917864476386037,excluded,only 7.9 years of history in the source data (need 10) — the earlier version this would compare against either doesn't exist yet or its supersedes chain doesn't reach back that far in this dataset
5b74a8a45457a3154daf0af0,TOU-M,San Diego Gas & Electric Co,6a45911b30fd9de05b09f2ff,TOU-M,2026-06-01 07:00:00+00:00,2018-07-01 06:00:00+00:00,,,,,,,False,7.917864476386037,excluded,only 7.9 years of history in the source data (need 10) — the earlier version this would compare against either doesn't exist yet or its supersedes chain doesn't reach back that far in this dataset
5b770d305457a3452daf0aea,TOU-A Secondary (Above 50kW),San Diego Gas & Electric Co,6a4585c2666a6ad1d40b4d10,TOU-A Secondary (Above 50kW),2026-06-01 07:00:00+00:00,2017-01-01 08:00:00+00:00,,,,,,,False,9.409993155373032,excluded,only 9.4 years of history in the source data (need 10) — the earlier version this would compare against either doesn't exist yet or its supersedes chain doesn't reach back that far in this dataset
5b77488a5457a3452daf0af0,TOU-A Secondary (5-20kW),San Diego Gas & Electric Co,6a4584dbab8f09871f06ef7b,TOU-A Secondary (5-20kW),2026-06-01 07:00:00+00:00,2017-01-01 08:00:00+00:00,,,,,,,False,9.409993155373032,excluded,only 9.4 years of history in the source data (need 10) — the earlier version this would compare against either doesn't exist yet or its supersedes chain doesn't reach back that far in this dataset
5b7749205457a3452daf0af1,TOU-A Secondary (20-50kW),San Diego Gas & Electric Co,6a458543666a6ad1d40b4d0f,TOU-A Secondary (20-50kW),2026-06-01 07:00:00+00:00,2017-01-01 08:00:00+00:00,,,,,,,False,9.409993155373032,excluded,only 9.4 years of history in the source data (need 10) — the earlier version this would compare against either doesn't exist yet or its supersedes chain doesn't reach back that far in this dataset
5b78b8735457a30b47af0aea,TOU-A-2 Secondary (20-50kW),San Diego Gas & Electric Co,6a45897ce42ed4afbd0ab580,TOU-A-2 Secondary (20-50kW),2026-06-01 07:00:00+00:00,2018-07-01 06:00:00+00:00,,,,,,,False,7.917864476386037,excluded,only 7.9 years of history in the source data (need 10) — the earlier version this would compare against either doesn't exist yet or its supersedes chain doesn't reach back that far in this dataset
5b78b87a5457a30947af0aea,TOU-A-2 Secondary (5-20kW),San Diego Gas & Electric Co,6a4588cde42ed4afbd0ab57f,TOU-A-2 Secondary (5-20kW),2026-06-01 07:00:00+00:00,2018-07-01 06:00:00+00:00,,,,,,,False,7.917864476386037,excluded,only 7.9 years of history in the source data (need 10) — the earlier version this would compare against either doesn't exist yet or its supersedes chain doesn't reach back that far in this dataset
5b78b8825457a34237af0aea,TOU-A-2 Secondary (0-5kW),San Diego Gas & Electric Co,6a4587cc30fd9de05b09f2fe,TOU-A-2 Secondary (0-5kW),2026-06-01 07:00:00+00:00,2018-07-01 06:00:00+00:00,,,,,,,False,7.917864476386037,excluded,only 7.9 years of history in the source data (need 10) — the earlier version this would compare against either doesn't exist yet or its supersedes chain doesn't reach back that far in this dataset
5b78ba645457a3b064af0aee,TOU-A-3 Secondary (20-50kW),San Diego Gas & Electric Co,6a458e1fe42ed4afbd0ab582,TOU-A-3 Secondary (20-50kW),2026-06-01 07:00:00+00:00,2018-07-01 06:00:00+00:00,,,,,,,False,7.917864476386037,excluded,only 7.9 years of history in the source data (need 10) — the earlier version this would compare against either doesn't exist yet or its supersedes chain doesn't reach back that far in this dataset
5b78ba715457a3bf45af0aea,TOU-A-3 Secondary (5-20kW),San Diego Gas & Electric Co,6a458dbae42ed4afbd0ab581,TOU-A-3 Secondary (5-20kW),2026-06-01 07:00:00+00:00,2018-07-01 06:00:00+00:00,,,,,,,False,7.917864476386037,excluded,only 7.9 years of history in the source data (need 10) — the earlier version this would compare against either doesn't exist yet or its supersedes chain doesn't reach back that far in this dataset
5b78ba765457a30b43af0aea,TOU-A-3 Secondary (0-5kW),San Diego Gas & Electric Co,6a458cdfab8f09871f06ef7c,TOU-A-3 Secondary (0-5kW),2026-06-01 07:00:00+00:00,2018-07-01 06:00:00+00:00,,,,,,,False,7.917864476386037,excluded,only 7.9 years of history in the source data (need 10) — the earlier version this would compare against either doesn't exist yet or its supersedes chain doesn't reach back that far in this dataset
5b78bbaa5457a3e662af0aea,TOU-A-3 Primary (20-50kW),San Diego Gas & Electric Co,6a45900e6b6256d5ce019adc,TOU-A-3 Primary (20-50kW),2026-06-01 07:00:00+00:00,2018-07-01 06:00:00+00:00,,,,,,,False,7.917864476386037,excluded,only 7.9 years of history in the source data (need 10) — the earlier version this would compare against either doesn't exist yet or its supersedes chain doesn't reach back that far in this dataset
5b78bbb55457a35c4baf0aea,TOU-A-3 Primary (5-20kW),San Diego Gas & Electric Co,6a458f9cab8f09871f06ef7f,TOU-A-3 Primary (5-20kW),2026-06-01 07:00:00+00:00,2018-07-01 06:00:00+00:00,,,,,,,False,7.917864476386037,excluded,only 7.9 years of history in the source data (need 10) — the earlier version this would compare against either doesn't exist yet or its supersedes chain doesn't reach back that far in this dataset
5b78bbc05457a34237af0aeb,TOU-A-3 Primary (0-5kW),San Diego Gas & Electric Co,6a458f20ab8f09871f06ef7e,TOU-A-3 Primary (0-5kW),2026-06-01 07:00:00+00:00,2018-07-01 06:00:00+00:00,,,,,,,False,7.917864476386037,excluded,only 7.9 years of history in the source data (need 10) — the earlier version this would compare against either doesn't exist yet or its supersedes chain doesn't reach back that far in this dataset
5b78bdbf5457a34237af0aec,TOU-A-2 Primary (20-50kW),San Diego Gas & Electric Co,6a458b84666a6ad1d40b4d11,TOU-A-2 Primary (20-50kW),2026-06-01 07:00:00+00:00,2018-07-01 06:00:00+00:00,,,,,,,False,7.917864476386037,excluded,only 7.9 years of history in the source data (need 10) — the earlier version this would compare against either doesn't exist yet or its supersedes chain doesn't reach back that far in this dataset
5b78bdc85457a3a110af0aeb,TOU-A-2 Primary (5-20kW),San Diego Gas & Electric Co,6a458b0b2beb70db25048d2e,TOU-A-2 Primary (5-20kW),2026-06-01 07:00:00+00:00,2018-07-01 06:00:00+00:00,,,,,,,False,7.917864476386037,excluded,only 7.9 years of history in the source data (need 10) — the earlier version this would compare against either doesn't exist yet or its supersedes chain doesn't reach back that far in this dataset
5b78bdd05457a3b064af0aef,TOU-A-2 Primary (0-5kW),San Diego Gas & Electric Co,6a458a88629cde34040ebc0c,TOU-A-2 Primary (0-5kW),2026-06-01 07:00:00+00:00,2018-07-01 06:00:00+00:00,,,,,,,False,7.917864476386037,excluded,only 7.9 years of history in the source data (need 10) — the earlier version this would compare against either doesn't exist yet or its supersedes chain doesn't reach back that far in this dataset
5b78c2fa5457a30947af0aeb,TOU-A Primary (Above 50 kW),San Diego Gas & Electric Co,6a45875b2beb70db25048d2d,TOU-A Primary (Above 50 kW),2026-06-01 07:00:00+00:00,2016-12-31 08:00:00+00:00,,,,,,,False,9.412731006160165,excluded,only 9.4 years of history in the source data (need 10) — the earlier version this would compare against either doesn't exist yet or its supersedes chain doesn't reach back that far in this dataset
5b78c2ff5457a34237af0aed,TOU-A Primary (20-50kW),San Diego Gas & Electric Co,6a4586fd30fd9de05b09f2fd,TOU-A Primary (20-50kW),2026-06-01 07:00:00+00:00,2016-12-31 08:00:00+00:00,,,,,,,False,9.412731006160165,excluded,only 9.4 years of history in the source data (need 10) — the earlier version this would compare against either doesn't exist yet or its supersedes chain doesn't reach back that far in this dataset
5b78c3045457a3a110af0aec,TOU-A Primary (0-5kW),San Diego Gas & Electric Co,6a458629c47c56adba05d30e,TOU-A Primary (0-5kW),2026-06-01 07:00:00+00:00,2016-12-31 08:00:00+00:00,,,,,,,False,9.412731006160165,excluded,only 9.4 years of history in the source data (need 10) — the earlier version this would compare against either doesn't exist yet or its supersedes chain doesn't reach back that far in this dataset
5b78c3555457a3bf45af0aec,TOU-A Primary (5-20kW),San Diego Gas & Electric Co,6a45868c0c9afbc8360a72be,TOU-A Primary (5-20kW),2026-06-01 07:00:00+00:00,2016-12-31 08:00:00+00:00,,,,,,,False,9.412731006160165,excluded,only 9.4 years of history in the source data (need 10) — the earlier version this would compare against either doesn't exist yet or its supersedes chain doesn't reach back that far in this dataset
5b78cbfc5457a35c4baf0aee,DG-R Secondary (0-500kW),San Diego Gas & Electric Co,677425c4739c802b3b0a6f48,DG-R Secondary (0-500kW),2024-10-01 06:00:00+00:00,2016-01-01 08:00:00+00:00,,,,,,,False,8.747433264887064,excluded,only 8.7 years of history in the source data (need 10) — the earlier version this would compare against either doesn't exist yet or its supersedes chain doesn't reach back that far in this dataset
5b78ce955457a3a110af0aed,AL-TOU2 Secondary (0-500kW),San Diego Gas & Electric Co,677317215661c61bc50fcf90,AL-TOU2 Secondary (0-500kW),2024-10-01 06:00:00+00:00,2018-07-01 06:00:00+00:00,,,,,,,False,6.253251197809719,excluded,only 6.3 years of history in the source data (need 10) — the earlier version this would compare against either doesn't exist yet or its supersedes chain doesn't reach back that far in this dataset
5b78cf005457a3b064af0af1,AL-TOU2 Primary (0-500kW),San Diego Gas & Electric Co,677317345661c61bc50fcf92,AL-TOU2 Primary (0-500kW),2024-10-01 06:00:00+00:00,2018-07-01 06:00:00+00:00,,,,,,,False,6.253251197809719,excluded,only 6.3 years of history in the source data (need 10) — the earlier version this would compare against either doesn't exist yet or its supersedes chain doesn't reach back that far in this dataset
5b78d8835457a3c328af0aec,AL-TOU Secondary (0-500kW),San Diego Gas & Electric Co,6772f01a8322c2ebdc04e77d,AL-TOU Secondary (0-500kW),2024-10-01 06:00:00+00:00,2016-01-01 08:00:00+00:00,,,,,,,False,8.747433264887064,excluded,only 8.7 years of history in the source data (need 10) — the earlier version this would compare against either doesn't exist yet or its supersedes chain doesn't reach back that far in this dataset
5b78de095457a39640af0aeb,AL-TOU Primary (0-500kW),San Diego Gas & Electric Co,6772f02eb5f9d561220ececc,AL-TOU Primary (0-500kW),2024-10-01 06:00:00+00:00,2016-01-01 08:00:00+00:00,,,,,,,False,8.747433264887064,excluded,only 8.7 years of history in the source data (need 10) — the earlier version this would compare against either doesn't exist yet or its supersedes chain doesn't reach back that far in this dataset
5b85d81a5457a34d068b4567,"Time-Of-Use - General Service - Large: TOU-8, Option A (2 kV - 50kV)",Southern California Edison Co,5b85d81a5457a34d068b4567,"Time-Of-Use - General Service - Large: TOU-8, Option A (2 kV - 50kV)",2017-01-01 07:00:00+00:00,2017-01-01 07:00:00+00:00,,,,,,,False,0.0,excluded,only 0.0 years of history in the source data (need 10) — the earlier version this would compare against either doesn't exist yet or its supersedes chain doesn't reach back that far in this dataset
5bb7d6975457a3414868a129,DG-R Primary (Above 500kW),San Diego Gas & Electric Co,6774258c175c034c2b05d7cd,DG-R Primary (Above 500kW),2024-10-01 06:00:00+00:00,2018-07-01 06:00:00+00:00,,,,,,,False,6.253251197809719,excluded,only 6.3 years of history in the source data (need 10) — the earlier version this would compare against either doesn't exist yet or its supersedes chain doesn't reach back that far in this dataset
5bc7b6c75457a3a2783b43ec,"TOU-GS-1, Option A",Southern California Edison Co,5bc7b6c75457a3a2783b43ec,"TOU-GS-1, Option A",2018-10-01 06:00:00+00:00,2018-10-01 06:00:00+00:00,,,,,,,False,0.0,excluded,only 0.0 years of history in the source data (need 10) — the earlier version this would compare against either doesn't exist yet or its supersedes chain doesn't reach back that far in this dataset
5bc7b9175457a3ee6b3b43ee,"TOU-GS-1, Option B",Southern California Edison Co,5bc7b9175457a3ee6b3b43ee,"TOU-GS-1, Option B",2018-10-01 06:00:00+00:00,2018-10-01 06:00:00+00:00,,,,,,,False,0.0,excluded,only 0.0 years of history in the source data (need 10) — the earlier version this would compare against either doesn't exist yet or its supersedes chain doesn't reach back that far in this dataset
5bc7ba425457a3b5483b43ed,"TOU-GS-2, Option A",Southern California Edison Co,5bc7ba425457a3b5483b43ed,"TOU-GS-2, Option A",2018-10-01 06:00:00+00:00,2018-10-01 06:00:00+00:00,,,,,,,False,0.0,excluded,only 0.0 years of history in the source data (need 10) — the earlier version this would compare against either doesn't exist yet or its supersedes chain doesn't reach back that far in this dataset
5bc7bc025457a32d493b43ed,"TOU-GS-2, Option B",Southern California Edison Co,5bc7bc025457a32d493b43ed,"TOU-GS-2, Option B",2018-10-01 06:00:00+00:00,2018-10-01 06:00:00+00:00,,,,,,,False,0.0,excluded,only 0.0 years of history in the source data (need 10) — the earlier version this would compare against either doesn't exist yet or its supersedes chain doesn't reach back that far in this dataset
5bc7bd295457a3b5483b43ee,"TOU-GS-1, Option C",Southern California Edison Co,5bc7bd295457a3b5483b43ee,"TOU-GS-1, Option C",2018-10-01 06:00:00+00:00,2018-10-01 06:00:00+00:00,,,,,,,False,0.0,excluded,only 0.0 years of history in the source data (need 10) — the earlier version this would compare against either doesn't exist yet or its supersedes chain doesn't reach back that far in this dataset
5bc7be2a5457a3a2783b43ed,"TOU-GS-2, Option R",Southern California Edison Co,5bc7be2a5457a3a2783b43ed,"TOU-GS-2, Option R",2018-10-01 06:00:00+00:00,2018-10-01 06:00:00+00:00,,,,,,,False,0.0,excluded,only 0.0 years of history in the source data (need 10) — the earlier version this would compare against either doesn't exist yet or its supersedes chain doesn't reach back that far in this dataset
5bc7bf095457a3b5483b43ef,"TOU-GS-3, Option A",Southern California Edison Co,5bc7bf095457a3b5483b43ef,"TOU-GS-3, Option A",2018-10-01 06:00:00+00:00,2018-10-01 06:00:00+00:00,,,,,,,False,0.0,excluded,only 0.0 years of history in the source data (need 10) — the earlier version this would compare against either doesn't exist yet or its supersedes chain doesn't reach back that far in this dataset
5bc7c01e5457a3ee6b3b43ef,"TOU-GS-3, Option B",Southern California Edison Co,5bc7c01e5457a3ee6b3b43ef,"TOU-GS-3, Option B",2018-10-01 06:00:00+00:00,2018-10-01 06:00:00+00:00,,,,,,,False,0.0,excluded,only 0.0 years of history in the source data (need 10) — the earlier version this would compare against either doesn't exist yet or its supersedes chain doesn't reach back that far in this dataset
5bc7c0fe5457a3c9273b43ec,"TOU-GS-3, Option R",Southern California Edison Co,5bc7c0fe5457a3c9273b43ec,"TOU-GS-3, Option R",2018-10-01 06:00:00+00:00,2018-10-01 06:00:00+00:00,,,,,,,False,0.0,excluded,only 0.0 years of history in the source data (need 10) — the earlier version this would compare against either doesn't exist yet or its supersedes chain doesn't reach back that far in this dataset
5bc7c2105457a32d493b43ee,"TOU-8, Option A (BELOW 2 KV)",Southern California Edison Co,5bc7c2105457a32d493b43ee,"TOU-8, Option A (BELOW 2 KV)",2018-10-01 06:00:00+00:00,2018-10-01 06:00:00+00:00,,,,,,,False,0.0,excluded,only 0.0 years of history in the source data (need 10) — the earlier version this would compare against either doesn't exist yet or its supersedes chain doesn't reach back that far in this dataset
5bc7c3045457a3ee6b3b43f0,"TOU-8, Option B (BELOW 2 KV)",Southern California Edison Co,5bc7c3045457a3ee6b3b43f0,"TOU-8, Option B (BELOW 2 KV)",2018-10-01 06:00:00+00:00,2018-10-01 06:00:00+00:00,,,,,,,False,0.0,excluded,only 0.0 years of history in the source data (need 10) — the earlier version this would compare against either doesn't exist yet or its supersedes chain doesn't reach back that far in this dataset
5bc7c4515457a333213b43ec,"TOU-8, Option R (BELOW 2 KV)",Southern California Edison Co,5bc7c4515457a333213b43ec,"TOU-8, Option R (BELOW 2 KV)",2018-10-01 06:00:00+00:00,2018-10-01 06:00:00+00:00,,,,,,,False,0.0,excluded,only 0.0 years of history in the source data (need 10) — the earlier version this would compare against either doesn't exist yet or its supersedes chain doesn't reach back that far in this dataset
5bce20b15457a3b8293037ab,Primary Service (4.8 kV) CG-2(C),Los Angeles Department of Water & Power,67c1f7024737dd843e060fe9,Primary Service (4.8 kV) CG-2(C),2025-01-01 08:00:00+00:00,2018-07-01 07:00:00+00:00,,,,,,,False,6.505133470225872,excluded,only 6.5 years of history in the source data (need 10) — the earlier version this would compare against either doesn't exist yet or its supersedes chain doesn't reach back that far in this dataset
5bce30915457a31e1e3037ac,Customer Generation Primary Service (4.8kV) CG-2D,Los Angeles Department of Water & Power,69eba11066336168ef040621,Customer Generation Primary Service (4.8kV) CG-2D,2026-04-01 07:00:00+00:00,2018-07-01 07:00:00+00:00,,,,,,,False,7.750855578370979,excluded,only 7.8 years of history in the source data (need 10) — the earlier version this would compare against either doesn't exist yet or its supersedes chain doesn't reach back that far in this dataset
5c8028985457a3d93c4b0dbc,"Time-Of-Use - General Service - Large: TOU-8, Option D (Under 2 kV)",Southern California Edison Co,5c8028985457a3d93c4b0dbc,"Time-Of-Use - General Service - Large: TOU-8, Option D (Under 2 kV)",2015-03-01 08:00:00+00:00,2015-03-01 08:00:00+00:00,,,,,,,False,0.0,excluded,only 0.0 years of history in the source data (need 10) — the earlier version this would compare against either doesn't exist yet or its supersedes chain doesn't reach back that far in this dataset
5c802c755457a3773e4b0dbc,"Time-Of-Use - General Service - Large: TOU-8, Option E (Under 2 kV)",Southern California Edison Co,5c802c755457a3773e4b0dbc,"Time-Of-Use - General Service - Large: TOU-8, Option E (Under 2 kV)",2015-03-01 08:00:00+00:00,2015-03-01 08:00:00+00:00,,,,,,,False,0.0,excluded,only 0.0 years of history in the source data (need 10) — the earlier version this would compare against either doesn't exist yet or its supersedes chain doesn't reach back that far in this dataset
5c804c6f5457a3fc4c4b0dbb,"Time-of-use - General Service - Demand Metered: TOU-GS-3, Option E (Under 2kV)",Southern California Edison Co,674f8a71ccc90ff8a0010aba,"Time-of-use - General Service - Demand Metered: TOU-GS-3, Option E (Under 2kV)",2024-10-01 06:00:00+00:00,2019-03-01 07:00:00+00:00,,,,,,,False,5.585215605749487,excluded,only 5.6 years of history in the source data (need 10) — the earlier version this would compare against either doesn't exist yet or its supersedes chain doesn't reach back that far in this dataset
5c9080fb5457a3102a07bc77,"Time of Use, General Service, Demand Metered, Option E: GS-2 TOU E, Three Phase (Under 2 kV)",Southern California Edison Co,5c9080fb5457a3102a07bc77,"Time of Use, General Service, Demand Metered, Option E: GS-2 TOU E, Three Phase (Under 2 kV)",2015-02-28 08:00:00+00:00,2015-02-28 08:00:00+00:00,,,,,,,False,0.0,excluded,only 0.0 years of history in the source data (need 10) — the earlier version this would compare against either doesn't exist yet or its supersedes chain doesn't reach back that far in this dataset
5c9114ea5457a37e5307bc77,"Time of Use, General Service, Demand Metered, Option D: GS-2 TOU D, Three Phase (Under 2 kV)",Southern California Edison Co,5c9114ea5457a37e5307bc77,"Time of Use, General Service, Demand Metered, Option D: GS-2 TOU D, Three Phase (Under 2 kV)",2015-02-28 08:00:00+00:00,2015-02-28 08:00:00+00:00,,,,,,,False,0.0,excluded,only 0.0 years of history in the source data (need 10) — the earlier version this would compare against either doesn't exist yet or its supersedes chain doesn't reach back that far in this dataset
5cb74e175457a31e119b6ec4,DG-R Primary (0-500 KW),San Diego Gas & Electric Co,5cb74e175457a31e119b6ec4,DG-R Primary (0-500 KW),2019-12-01 08:00:00+00:00,2019-12-01 08:00:00+00:00,,,,,,,False,0.0,excluded,only 0.0 years of history in the source data (need 10) — the earlier version this would compare against either doesn't exist yet or its supersedes chain doesn't reach back that far in this dataset
5cdb9d385457a3616340c5d2,"Time of Use, General Service, Demand Metered, Option E: GS-2 TOU E, Three Phase (Under 2 kV)",Southern California Edison Co,6750dae05c28a4b185021c2d,"Time of Use, General Service, Demand Metered, Option E: GS-2 TOU E, Three Phase (Under 2 kV)",2024-10-01 06:00:00+00:00,2019-04-12 07:00:00+00:00,,,,,,,False,5.470225872689938,excluded,only 5.5 years of history in the source data (need 10) — the earlier version this would compare against either doesn't exist yet or its supersedes chain doesn't reach back that far in this dataset
5cdb9e605457a3b72b40c5d3,"Time of Use, General Service, Demand Metered, Option D: GS-2 TOU D, Three Phase (Under 2 kV)",Southern California Edison Co,6750c2865c28a4b185021c2c,"Time of Use, General Service, Demand Metered, Option D: GS-2 TOU D, Three Phase (Under 2 kV)",2024-10-01 06:00:00+00:00,2019-04-12 07:00:00+00:00,,,,,,,False,5.470225872689938,excluded,only 5.5 years of history in the source data (need 10) — the earlier version this would compare against either doesn't exist yet or its supersedes chain doesn't reach back that far in this dataset
5cdbb2615457a3b72b40c5d4,"Time-Of-Use - General Service - Large: TOU-8, Option E (Under 2 kV)",Southern California Edison Co,674f800fcb87bf5ac20350b2,"Time-Of-Use - General Service - Large: TOU-8, Option E (Under 2 kV)",2024-10-01 06:00:00+00:00,2019-04-12 07:00:00+00:00,,,,,,,False,5.470225872689938,excluded,only 5.5 years of history in the source data (need 10) — the earlier version this would compare against either doesn't exist yet or its supersedes chain doesn't reach back that far in this dataset
5cdbb4e05457a3616340c5d4,"Time-Of-Use - General Service - Large: TOU-8, Option D (Under 2 kV)",Southern California Edison Co,674e0b87201c6bd096007a5a,"Time-Of-Use - General Service - Large: TOU-8, Option D (Under 2 kV)",2024-10-01 06:00:00+00:00,2019-04-12 07:00:00+00:00,,,,,,,False,5.470225872689938,excluded,only 5.5 years of history in the source data (need 10) — the earlier version this would compare against either doesn't exist yet or its supersedes chain doesn't reach back that far in this dataset
5cf856895457a3c32426c07f,TC-1 Traffic Control Service,Pacific Gas & Electric Co,69de8c53c3f455511f0635a0,TC-1 Traffic Control Service,2026-03-27 07:00:00+00:00,2017-01-01 08:00:00+00:00,,,,,,,False,9.229295003422314,excluded,only 9.2 years of history in the source data (need 10) — the earlier version this would compare against either doesn't exist yet or its supersedes chain doesn't reach back that far in this dataset
5d9bc5355457a3d965598dce,"Time of Use, General Service, Option A: GS-1 TOU Option A, Three Phase (Under 2 kV)",Southern California Edison Co,5d9c0c595457a31d17598dcd,"Time of Use, General Service, Option A: GS-1 TOU Option A, Three Phase (Under 2 kV)",2019-06-01 07:00:00+00:00,2018-10-01 07:00:00+00:00,,,,,,,False,0.6652977412731006,excluded,only 0.7 years of history in the source data (need 10) — the earlier version this would compare against either doesn't exist yet or its supersedes chain doesn't reach back that far in this dataset
5d9cdd9d5457a37118598dcf,"Time-of-use - General Service - Demand Metered: TOU-GS-3, Option D (Under 2kV)",Southern California Edison Co,674f726eee1ae368ed02c31a,"Time-of-use - General Service - Demand Metered: TOU-GS-3, Option D (Under 2kV)",2024-10-01 06:00:00+00:00,2019-04-12 06:00:00+00:00,,,,,,,False,5.47296372347707,excluded,only 5.5 years of history in the source data (need 10) — the earlier version this would compare against either doesn't exist yet or its supersedes chain doesn't reach back that far in this dataset
5dbb53085457a30e46dc72bb,"ME GS-1 TOU B, Three Phase (Under 2 kV)",Southern California Edison Co,5e0fd9175457a39e24fa5c5d,"ME GS-1 TOU B, Three Phase (Under 2 kV)",2020-01-01 07:00:00+00:00,2017-01-01 07:00:00+00:00,,,,,,,False,2.9979466119096507,excluded,only 3.0 years of history in the source data (need 10) — the earlier version this would compare against either doesn't exist yet or its supersedes chain doesn't reach back that far in this dataset
5df016d95457a3ab783fb277,ME- GS-1 TOU A,Southern California Edison Co,5e0fd85a5457a3c949fa5c5d,ME- GS-1 TOU A,2020-01-01 07:00:00+00:00,2017-01-01 07:00:00+00:00,,,,,,,False,2.9979466119096507,excluded,only 3.0 years of history in the source data (need 10) — the earlier version this would compare against either doesn't exist yet or its supersedes chain doesn't reach back that far in this dataset
5df047f45457a332513fb27a,ME- GS-1 TOU C,Southern California Edison Co,5e0fd7b65457a3074afa5c5d,ME- GS-1 TOU C,2020-01-01 07:00:00+00:00,2017-01-01 07:00:00+00:00,,,,,,,False,2.9979466119096507,excluded,only 3.0 years of history in the source data (need 10) — the earlier version this would compare against either doesn't exist yet or its supersedes chain doesn't reach back that far in this dataset
5df081605457a38f2a3fb279,ME- GS-1 TOU E,Southern California Edison Co,5e0fd6855457a39d56fa5c5d,ME- GS-1 TOU E,2020-01-01 07:00:00+00:00,2019-03-01 07:00:00+00:00,,,,,,,False,0.837782340862423,excluded,only 0.8 years of history in the source data (need 10) — the earlier version this would compare against either doesn't exist yet or its supersedes chain doesn't reach back that far in this dataset
5e16798b5457a3223473e3b1,B-1 Small General Service TOU  (Single-Phase),Pacific Gas & Electric Co,69de996308c252b4010e1d42,B-1 Small General Service TOU  (Single-Phase),2026-03-27 07:00:00+00:00,2017-01-01 07:00:00+00:00,,,,,,,False,9.232032854209445,excluded,only 9.2 years of history in the source data (need 10) — the earlier version this would compare against either doesn't exist yet or its supersedes chain doesn't reach back that far in this dataset
5e167e1e5457a3362e73e3af,B-1 Small General Service TOU (Poly-Phase),Pacific Gas & Electric Co,69de9968e547dde41109ee01,B-1 Small General Service TOU (Poly-Phase),2026-03-27 07:00:00+00:00,2017-01-01 07:00:00+00:00,,,,,,,False,9.232032854209445,excluded,only 9.2 years of history in the source data (need 10) — the earlier version this would compare against either doesn't exist yet or its supersedes chain doesn't reach back that far in this dataset
5e167ff95457a3f87673e3b1,B-10 Medium General Demand Service (Secondary Voltage),Pacific Gas & Electric Co,69de936a02f684104e01267f,B-10 Medium General Demand Service (Secondary Voltage),2026-03-27 07:00:00+00:00,2017-01-01 07:00:00+00:00,,,,,,,False,9.232032854209445,excluded,only 9.2 years of history in the source data (need 10) — the earlier version this would compare against either doesn't exist yet or its supersedes chain doesn't reach back that far in this dataset
5e16847a5457a3d35f73e3b1,B-6 Small General Service TOU Poly Phase,Pacific Gas & Electric Co,69de92e6f3508cead300dc5d,B-6 Small General Service TOU Poly Phase,2026-03-27 07:00:00+00:00,2017-01-01 07:00:00+00:00,,,,,,,False,9.232032854209445,excluded,only 9.2 years of history in the source data (need 10) — the earlier version this would compare against either doesn't exist yet or its supersedes chain doesn't reach back that far in this dataset
5e17b0445457a3587f73e3b1,B-19 Medium General Demand TOU (Secondary) Mandatory,Pacific Gas & Electric Co,69de8cd7f6f3fc67370d4e1d,B-19 Medium General Demand TOU (Secondary) Mandatory,2026-03-27 07:00:00+00:00,2017-01-01 07:00:00+00:00,,,,,,,False,9.232032854209445,excluded,only 9.2 years of history in the source data (need 10) — the earlier version this would compare against either doesn't exist yet or its supersedes chain doesn't reach back that far in this dataset
5e17b34c5457a3597573e3af,B-19 Medium General Demand TOU Option R (Secondary) Mandatory,Pacific Gas & Electric Co,69de9159d203013bd602f35e,B-19 Medium General Demand TOU Option R (Secondary) Mandatory,2026-03-27 07:00:00+00:00,2017-01-01 07:00:00+00:00,,,,,,,False,9.232032854209445,excluded,only 9.2 years of history in the source data (need 10) — the earlier version this would compare against either doesn't exist yet or its supersedes chain doesn't reach back that far in this dataset
5e17b5855457a3362e73e3b0,B-20 Maximum demand of (1000 KW or more) (Secondary),Pacific Gas & Electric Co,69de9470f3508cead300dc5e,B-20 Maximum demand of (1000 KW or more) (Secondary),2026-03-27 07:00:00+00:00,2017-01-01 07:00:00+00:00,,,,,,,False,9.232032854209445,excluded,only 9.2 years of history in the source data (need 10) — the earlier version this would compare against either doesn't exist yet or its supersedes chain doesn't reach back that far in this dataset
5e17bc255457a3597573e3b0,B-20 Maximum demand of 1000KW or more Option R (Secondary),Pacific Gas & Electric Co,69de95de81bf8b311c0576b0,B-20 Maximum demand of 1000KW or more Option R (Secondary),2026-03-27 07:00:00+00:00,2017-01-01 07:00:00+00:00,,,,,,,False,9.232032854209445,excluded,only 9.2 years of history in the source data (need 10) — the earlier version this would compare against either doesn't exist yet or its supersedes chain doesn't reach back that far in this dataset
60ba262b5457a302057ef411,General Service Time-of-use Electric Vehicle Charging: TOU-EV-4 Single Phase (Under 2kV) - Closed Rate,Southern California Edison Co,60ba262b5457a302057ef411,General Service Time-of-use Electric Vehicle Charging: TOU-EV-4 Single Phase (Under 2kV) - Closed Rate,2019-03-01 08:00:00+00:00,2019-03-01 08:00:00+00:00,,,,,,,False,0.0,excluded,only 0.0 years of history in the source data (need 10) — the earlier version this would compare against either doesn't exist yet or its supersedes chain doesn't reach back that far in this dataset
60ba27bd5457a39e117ef40f,General Service Time-of-use Electric Vehicle Charging: TOU-EV-4  (2kV-50kV) - Closed Rate,Southern California Edison Co,60ba27bd5457a39e117ef40f,General Service Time-of-use Electric Vehicle Charging: TOU-EV-4  (2kV-50kV) - Closed Rate,2019-03-01 08:00:00+00:00,2019-03-01 08:00:00+00:00,,,,,,,False,0.0,excluded,only 0.0 years of history in the source data (need 10) — the earlier version this would compare against either doesn't exist yet or its supersedes chain doesn't reach back that far in this dataset
60ba28465457a34f077ef410,General Service Time-of-use Electric Vehicle Charging: TOU-EV-4 (50kV-220kV) - Closed Rate,Southern California Edison Co,60ba28465457a34f077ef410,General Service Time-of-use Electric Vehicle Charging: TOU-EV-4 (50kV-220kV) - Closed Rate,2019-03-01 08:00:00+00:00,2019-03-01 08:00:00+00:00,,,,,,,False,0.0,excluded,only 0.0 years of history in the source data (need 10) — the earlier version this would compare against either doesn't exist yet or its supersedes chain doesn't reach back that far in this dataset
60ba28d25457a3194f7ef411,General Service Time-of-use Electric Vehicle Charging: TOU-EV-4 (220kV and above) - Closed Rate,Southern California Edison Co,60ba28d25457a3194f7ef411,General Service Time-of-use Electric Vehicle Charging: TOU-EV-4 (220kV and above) - Closed Rate,2019-03-01 08:00:00+00:00,2019-03-01 08:00:00+00:00,,,,,,,False,0.0,excluded,only 0.0 years of history in the source data (need 10) — the earlier version this would compare against either doesn't exist yet or its supersedes chain doesn't reach back that far in this dataset
60ba7e835457a39d117ef40e,General Service Time-of-use Electric Vehicle Charging: TOU-EV-6 (below 2kV) - Closed Rate,Southern California Edison Co,60ba7e835457a39d117ef40e,General Service Time-of-use Electric Vehicle Charging: TOU-EV-6 (below 2kV) - Closed Rate,2019-03-01 08:00:00+00:00,2019-03-01 08:00:00+00:00,,,,,,,False,0.0,excluded,only 0.0 years of history in the source data (need 10) — the earlier version this would compare against either doesn't exist yet or its supersedes chain doesn't reach back that far in this dataset
60ba80fc5457a39d117ef40f,General Service Time-of-use Electric Vehicle Charging: TOU-EV-6  (2kV-50kV) - Closed Rate,Southern California Edison Co,60ba80fc5457a39d117ef40f,General Service Time-of-use Electric Vehicle Charging: TOU-EV-6  (2kV-50kV) - Closed Rate,2019-03-01 08:00:00+00:00,2019-03-01 08:00:00+00:00,,,,,,,False,0.0,excluded,only 0.0 years of history in the source data (need 10) — the earlier version this would compare against either doesn't exist yet or its supersedes chain doesn't reach back that far in this dataset
60ba81e75457a3194f7ef412,General Service Time-of-use Electric Vehicle Charging: TOU-EV-6  (50kV plus) Closed Rate,Southern California Edison Co,60ba81e75457a3194f7ef412,General Service Time-of-use Electric Vehicle Charging: TOU-EV-6  (50kV plus) Closed Rate,2019-03-01 08:00:00+00:00,2019-03-01 08:00:00+00:00,,,,,,,False,0.0,excluded,only 0.0 years of history in the source data (need 10) — the earlier version this would compare against either doesn't exist yet or its supersedes chain doesn't reach back that far in this dataset
60ba83385457a39c117ef410,General Service Time-of-use Electric Vehicle Charging: TOU-EV-7 Option E Single Phase  (below 2kV),Southern California Edison Co,675749cf736d71dbcf099ef4,General Service Time-of-use Electric Vehicle Charging: TOU-EV-7 Option E Single Phase  (below 2kV),2024-10-01 06:00:00+00:00,2019-03-01 08:00:00+00:00,,,,,,,False,5.585215605749487,excluded,only 5.6 years of history in the source data (need 10) — the earlier version this would compare against either doesn't exist yet or its supersedes chain doesn't reach back that far in this dataset
60ba852a5457a39c117ef411,General Service Time-of-use Electric Vehicle Charging: TOU-EV-7 Option E Three Phase  (below 2kV),Southern California Edison Co,67574cc9c51426c5b80fdade,General Service Time-of-use Electric Vehicle Charging: TOU-EV-7 Option E Three Phase  (below 2kV),2024-10-01 06:00:00+00:00,2019-03-01 08:00:00+00:00,,,,,,,False,5.585215605749487,excluded,only 5.6 years of history in the source data (need 10) — the earlier version this would compare against either doesn't exist yet or its supersedes chain doesn't reach back that far in this dataset
60ba85725457a39e117ef410,General Service Time-of-use Electric Vehicle Charging: TOU-EV-7 Option E Single Phase  (2kV-50kV),Southern California Edison Co,675749f4c33fc66a3504cc91,General Service Time-of-use Electric Vehicle Charging: TOU-EV-7 Option E Single Phase  (2kV-50kV),2024-10-01 06:00:00+00:00,2019-03-01 08:00:00+00:00,,,,,,,False,5.585215605749487,excluded,only 5.6 years of history in the source data (need 10) — the earlier version this would compare against either doesn't exist yet or its supersedes chain doesn't reach back that far in this dataset
60ba85dd5457a39d117ef410,General Service Time-of-use Electric Vehicle Charging: TOU-EV-7 Option E Three Phase  (2kV-50kV),Southern California Edison Co,67574cce259975f54b0eccbc,General Service Time-of-use Electric Vehicle Charging: TOU-EV-7 Option E Three Phase  (2kV-50kV),2024-10-01 06:00:00+00:00,2019-03-01 08:00:00+00:00,,,,,,,False,5.585215605749487,excluded,only 5.6 years of history in the source data (need 10) — the earlier version this would compare against either doesn't exist yet or its supersedes chain doesn't reach back that far in this dataset
60ba86005457a3a0277ef40e,General Service Time-of-use Electric Vehicle Charging: TOU-EV-7 Option E Single Phase  (50kV-220kV),Southern California Edison Co,67574a01c33fc66a3504cc92,General Service Time-of-use Electric Vehicle Charging: TOU-EV-7 Option E Single Phase  (50kV-220kV),2024-10-01 06:00:00+00:00,2019-03-01 08:00:00+00:00,,,,,,,False,5.585215605749487,excluded,only 5.6 years of history in the source data (need 10) — the earlier version this would compare against either doesn't exist yet or its supersedes chain doesn't reach back that far in this dataset
60ba866b5457a3a0277ef40f,General Service Time-of-use Electric Vehicle Charging: TOU-EV-7 Option E Three Phase  (50kV-220kV),Southern California Edison Co,67574cd2259975f54b0eccbd,General Service Time-of-use Electric Vehicle Charging: TOU-EV-7 Option E Three Phase  (50kV-220kV),2024-10-01 06:00:00+00:00,2019-03-01 08:00:00+00:00,,,,,,,False,5.585215605749487,excluded,only 5.6 years of history in the source data (need 10) — the earlier version this would compare against either doesn't exist yet or its supersedes chain doesn't reach back that far in this dataset
60ba86c05457a3194f7ef413,General Service Time-of-use Electric Vehicle Charging: TOU-EV-7 Option E Single Phase  (220kV plus),Southern California Edison Co,675749e9ea28e776f407275e,General Service Time-of-use Electric Vehicle Charging: TOU-EV-7 Option E Single Phase  (220kV plus),2024-10-01 06:00:00+00:00,2019-03-01 08:00:00+00:00,,,,,,,False,5.585215605749487,excluded,only 5.6 years of history in the source data (need 10) — the earlier version this would compare against either doesn't exist yet or its supersedes chain doesn't reach back that far in this dataset
60ba86fb5457a3a0277ef410,General Service Time-of-use Electric Vehicle Charging: TOU-EV-7 Option E Three Phase  (220kV plus),Southern California Edison Co,67574cd7259975f54b0eccbe,General Service Time-of-use Electric Vehicle Charging: TOU-EV-7 Option E Three Phase  (220kV plus),2024-10-01 06:00:00+00:00,2019-03-01 08:00:00+00:00,,,,,,,False,5.585215605749487,excluded,only 5.6 years of history in the source data (need 10) — the earlier version this would compare against either doesn't exist yet or its supersedes chain doesn't reach back that far in this dataset
60ba87465457a3682c7ef40e,General Service Time-of-use Electric Vehicle Charging: TOU-EV-8 (below 2kV),Southern California Edison Co,67574eaffe4f0b50f5027990,General Service Time-of-use Electric Vehicle Charging: TOU-EV-8 (below 2kV),2024-10-01 06:00:00+00:00,2019-03-01 08:00:00+00:00,,,,,,,False,5.585215605749487,excluded,only 5.6 years of history in the source data (need 10) — the earlier version this would compare against either doesn't exist yet or its supersedes chain doesn't reach back that far in this dataset
60ba89515457a39e117ef411,General Service Time-of-use Electric Vehicle Charging: TOU-EV-8 (2kV-50kV),Southern California Edison Co,67574ebcf750fb7a31058c70,General Service Time-of-use Electric Vehicle Charging: TOU-EV-8 (2kV-50kV),2024-10-01 06:00:00+00:00,2019-03-01 08:00:00+00:00,,,,,,,False,5.585215605749487,excluded,only 5.6 years of history in the source data (need 10) — the earlier version this would compare against either doesn't exist yet or its supersedes chain doesn't reach back that far in this dataset
60ba89b65457a3194f7ef414,General Service Time-of-use Electric Vehicle Charging: TOU-EV-8 (50kV-220kV),Southern California Edison Co,67574ec7736d71dbcf099ef5,General Service Time-of-use Electric Vehicle Charging: TOU-EV-8 (50kV-220kV),2024-10-01 06:00:00+00:00,2019-03-01 08:00:00+00:00,,,,,,,False,5.585215605749487,excluded,only 5.6 years of history in the source data (need 10) — the earlier version this would compare against either doesn't exist yet or its supersedes chain doesn't reach back that far in this dataset
60ba8a305457a39e117ef412,General Service Time-of-use Electric Vehicle Charging: TOU-EV-8 (220kV plus),Southern California Edison Co,67574ed2fe4f0b50f5027991,General Service Time-of-use Electric Vehicle Charging: TOU-EV-8 (220kV plus),2023-10-01 06:00:00+00:00,2019-03-01 08:00:00+00:00,,,,,,,False,4.583162217659138,excluded,only 4.6 years of history in the source data (need 10) — the earlier version this would compare against either doesn't exist yet or its supersedes chain doesn't reach back that far in this dataset
60ba8f8f5457a3194f7ef415,General Service Time-of-use Electric Vehicle Charging: TOU-EV-9 (below 2kV),Southern California Edison Co,6757525f259975f54b0eccbf,General Service Time-of-use Electric Vehicle Charging: TOU-EV-9 (below 2kV),2024-10-01 06:00:00+00:00,2019-03-01 08:00:00+00:00,,,,,,,False,5.585215605749487,excluded,only 5.6 years of history in the source data (need 10) — the earlier version this would compare against either doesn't exist yet or its supersedes chain doesn't reach back that far in this dataset
60ba90505457a3ab197ef410,General Service Time-of-use Electric Vehicle Charging: TOU-EV-9 (2kV-50kV),Southern California Edison Co,67575264259975f54b0eccc0,General Service Time-of-use Electric Vehicle Charging: TOU-EV-9 (2kV-50kV),2024-10-01 06:00:00+00:00,2019-03-01 08:00:00+00:00,,,,,,,False,5.585215605749487,excluded,only 5.6 years of history in the source data (need 10) — the earlier version this would compare against either doesn't exist yet or its supersedes chain doesn't reach back that far in this dataset
60ba91305457a39e117ef413,General Service Time-of-use Electric Vehicle Charging: TOU-EV-9 (50kV plus),Southern California Edison Co,67575269cb9c1c6121067aab,General Service Time-of-use Electric Vehicle Charging: TOU-EV-9 (50kV plus),2024-10-01 06:00:00+00:00,2019-03-01 08:00:00+00:00,,,,,,,False,5.585215605749487,excluded,only 5.6 years of history in the source data (need 10) — the earlier version this would compare against either doesn't exist yet or its supersedes chain doesn't reach back that far in this dataset
61433ea05457a3073329d2ae,B-1ST Small General Service TOU (Poly-Phase),Pacific Gas & Electric Co,69de996ffb69aab18f03bf1c,B-1ST Small General Service TOU (Poly-Phase),2026-03-27 07:00:00+00:00,2020-01-01 08:00:00+00:00,,,,,,,False,6.231348391512663,excluded,only 6.2 years of history in the source data (need 10) — the earlier version this would compare against either doesn't exist yet or its supersedes chain doesn't reach back that far in this dataset
614340c35457a30c3029d2ad,B-1ST Small General Service TOU (Single Phase),Pacific Gas & Electric Co,69de9975a4f73dacbd0ff0ee,B-1ST Small General Service TOU (Single Phase),2026-03-27 07:00:00+00:00,2021-08-01 07:00:00+00:00,,,,,,,False,4.65160848733744,excluded,only 4.7 years of history in the source data (need 10) — the earlier version this would compare against either doesn't exist yet or its supersedes chain doesn't reach back that far in this dataset
627a9e97e27dac4ea71ed688,A-1-Small General Service-Non-Time of Use Rate (Poly-Phase),Pacific Gas & Electric Co,69de87ed5522f8f29a014b5d,A-1-Small General Service-Non-Time of Use Rate (Poly-Phase),2026-03-27 07:00:00+00:00,2022-05-01 07:00:00+00:00,,,,,,,False,3.9041752224503763,excluded,only 3.9 years of history in the source data (need 10) — the earlier version this would compare against either doesn't exist yet or its supersedes chain doesn't reach back that far in this dataset
627ef3cd0c6d500212387ba5,B-10 Medium General Demand Service (Primary Voltage),Pacific Gas & Electric Co,69de936e57e73279b70d783f,B-10 Medium General Demand Service (Primary Voltage),2026-03-27 07:00:00+00:00,2022-05-01 07:00:00+00:00,,,,,,,False,3.9041752224503763,excluded,only 3.9 years of history in the source data (need 10) — the earlier version this would compare against either doesn't exist yet or its supersedes chain doesn't reach back that far in this dataset
627ef427ee46494a42164f25,B-10 Medium General Demand Service (Transmission Voltage),Pacific Gas & Electric Co,69de9373c6b8d5269401c6ef,B-10 Medium General Demand Service (Transmission Voltage),2026-03-27 07:00:00+00:00,2022-05-01 07:00:00+00:00,,,,,,,False,3.9041752224503763,excluded,only 3.9 years of history in the source data (need 10) — the earlier version this would compare against either doesn't exist yet or its supersedes chain doesn't reach back that far in this dataset
627ef5708550fe7357608a66,B-19 Medium General Demand TOU (Secondary) Voluntary,Pacific Gas & Electric Co,69de8cdb02f684104e01267d,B-19 Medium General Demand TOU (Secondary) Voluntary,2026-03-27 07:00:00+00:00,2022-05-01 07:00:00+00:00,,,,,,,False,3.9041752224503763,excluded,only 3.9 years of history in the source data (need 10) — the earlier version this would compare against either doesn't exist yet or its supersedes chain doesn't reach back that far in this dataset
627ef59c0c6d500212387ba7,B-19 Medium General Demand TOU (Primary) Mandatory,Pacific Gas & Electric Co,69de8ce0fcf14d499f019a5e,B-19 Medium General Demand TOU (Primary) Mandatory,2026-03-27 07:00:00+00:00,2022-05-01 07:00:00+00:00,,,,,,,False,3.9041752224503763,excluded,only 3.9 years of history in the source data (need 10) — the earlier version this would compare against either doesn't exist yet or its supersedes chain doesn't reach back that far in this dataset
627ef6147c93b26bbd74f176,B-19 Medium General Demand TOU (Primary) Voluntary,Pacific Gas & Electric Co,69de8ce6a6e15ebd62035b3e,B-19 Medium General Demand TOU (Primary) Voluntary,2026-03-27 07:00:00+00:00,2022-05-01 07:00:00+00:00,,,,,,,False,3.9041752224503763,excluded,only 3.9 years of history in the source data (need 10) — the earlier version this would compare against either doesn't exist yet or its supersedes chain doesn't reach back that far in this dataset
627ef646ee46494a42164f26,B-19 Medium General Demand TOU (Transmission) Mandatory,Pacific Gas & Electric Co,69de8ceb02f684104e01267e,B-19 Medium General Demand TOU (Transmission) Mandatory,2026-03-27 07:00:00+00:00,2022-05-01 07:00:00+00:00,,,,,,,False,3.9041752224503763,excluded,only 3.9 years of history in the source data (need 10) — the earlier version this would compare against either doesn't exist yet or its supersedes chain doesn't reach back that far in this dataset
627ef6a82ec42d36d34579d5,B-19 Medium General Demand TOU (Transmission) Voluntary,Pacific Gas & Electric Co,69de8cf1e547dde41109ee00,B-19 Medium General Demand TOU (Transmission) Voluntary,2026-03-27 07:00:00+00:00,2022-05-01 07:00:00+00:00,,,,,,,False,3.9041752224503763,excluded,only 3.9 years of history in the source data (need 10) — the earlier version this would compare against either doesn't exist yet or its supersedes chain doesn't reach back that far in this dataset
627ef90843ce7c6f7a486fe5,B-20 Maximum demand of (1000 KW or more) (Primary),Pacific Gas & Electric Co,69de94756c6b1b3352045e3d,B-20 Maximum demand of (1000 KW or more) (Primary),2026-03-27 07:00:00+00:00,2022-05-01 07:00:00+00:00,,,,,,,False,3.9041752224503763,excluded,only 3.9 years of history in the source data (need 10) — the earlier version this would compare against either doesn't exist yet or its supersedes chain doesn't reach back that far in this dataset
627ef98e0c6d500212387ba8,B-20 Maximum demand of (1000 KW or more) (Transmission),Pacific Gas & Electric Co,69de947a81bf8b311c0576af,B-20 Maximum demand of (1000 KW or more) (Transmission),2026-03-27 07:00:00+00:00,2022-05-01 07:00:00+00:00,,,,,,,False,3.9041752224503763,excluded,only 3.9 years of history in the source data (need 10) — the earlier version this would compare against either doesn't exist yet or its supersedes chain doesn't reach back that far in this dataset
627efa9f43ce7c6f7a486fe7,B-6 Small General Service TOU Single Phase,Pacific Gas & Electric Co,69de92e0f6c376e88e0e4b2c,B-6 Small General Service TOU Single Phase,2026-03-27 07:00:00+00:00,2022-05-01 07:00:00+00:00,,,,,,,False,3.9041752224503763,excluded,only 3.9 years of history in the source data (need 10) — the earlier version this would compare against either doesn't exist yet or its supersedes chain doesn't reach back that far in this dataset
65216cb0f499b22e3c064bcf,"Time of Use, General Service, Demand Metered, Option E: GS-2 TOU E, Single Phase (Under 2 kV)",Southern California Edison Co,6750d756eac17d32250913a0,"Time of Use, General Service, Demand Metered, Option E: GS-2 TOU E, Single Phase (Under 2 kV)",2024-10-01 06:00:00+00:00,2023-10-01 07:00:00+00:00,,,,,,,False,0.999315537303217,excluded,only 1.0 years of history in the source data (need 10) — the earlier version this would compare against either doesn't exist yet or its supersedes chain doesn't reach back that far in this dataset
65216dc0a7418785f8083554,"Time of Use, General Service, Demand Metered, Option E: GS-2 TOU E, Three Phase (2kV - 50kV)",Southern California Edison Co,6750dae65c28a4b185021c2e,"Time of Use, General Service, Demand Metered, Option E: GS-2 TOU E, Three Phase (2kV - 50kV)",2024-10-01 06:00:00+00:00,2023-10-01 07:00:00+00:00,,,,,,,False,0.999315537303217,excluded,only 1.0 years of history in the source data (need 10) — the earlier version this would compare against either doesn't exist yet or its supersedes chain doesn't reach back that far in this dataset
65216e4f976ab32a0c0fd134,"Time of Use, General Service, Demand Metered, Option E: GS-2 TOU E, Single Phase (2kV - 50kV)",Southern California Edison Co,6750d75ceac17d32250913a1,"Time of Use, General Service, Demand Metered, Option E: GS-2 TOU E, Single Phase (2kV - 50kV)",2024-10-01 06:00:00+00:00,2023-10-01 07:00:00+00:00,,,,,,,False,0.999315537303217,excluded,only 1.0 years of history in the source data (need 10) — the earlier version this would compare against either doesn't exist yet or its supersedes chain doesn't reach back that far in this dataset
65216f27a7418785f8083555,"Time of Use, General Service, Demand Metered, Option E: GS-2 TOU E, Three Phase (50kV - 220kV)",Southern California Edison Co,6750daed5c28a4b185021c2f,"Time of Use, General Service, Demand Metered, Option E: GS-2 TOU E, Three Phase (50kV - 220kV)",2024-10-01 06:00:00+00:00,2023-10-01 07:00:00+00:00,,,,,,,False,0.999315537303217,excluded,only 1.0 years of history in the source data (need 10) — the earlier version this would compare against either doesn't exist yet or its supersedes chain doesn't reach back that far in this dataset
652177462acf20abcb0d3f8f,"Time of Use, General Service, Demand Metered, Option E: GS-2 TOU E, Single Phase (50kV - 220kV)",Southern California Edison Co,6750d761eac17d32250913a2,"Time of Use, General Service, Demand Metered, Option E: GS-2 TOU E, Single Phase (50kV - 220kV)",2024-10-01 06:00:00+00:00,2023-10-01 07:00:00+00:00,,,,,,,False,0.999315537303217,excluded,only 1.0 years of history in the source data (need 10) — the earlier version this would compare against either doesn't exist yet or its supersedes chain doesn't reach back that far in this dataset
652336465b49d073190b24ec,"Time of Use, General Service, Demand Metered, Option E: GS-2 TOU E, Single Phase (At 220kV)",Southern California Edison Co,6750d767eac17d32250913a3,"Time of Use, General Service, Demand Metered, Option E: GS-2 TOU E, Single Phase (At 220kV)",2024-10-01 06:00:00+00:00,2023-10-01 07:00:00+00:00,,,,,,,False,0.999315537303217,excluded,only 1.0 years of history in the source data (need 10) — the earlier version this would compare against either doesn't exist yet or its supersedes chain doesn't reach back that far in this dataset
652336a5e78b0124280a51ca,"Time of Use, General Service, Demand Metered, Option E: GS-2 TOU E, Three Phase (At 220kV)",Southern California Edison Co,6750daf3d14cc47b5e0a06c7,"Time of Use, General Service, Demand Metered, Option E: GS-2 TOU E, Three Phase (At 220kV)",2024-10-01 06:00:00+00:00,2023-10-01 07:00:00+00:00,,,,,,,False,0.999315537303217,excluded,only 1.0 years of history in the source data (need 10) — the earlier version this would compare against either doesn't exist yet or its supersedes chain doesn't reach back that far in this dataset
652340c6e78b0124280a51cb,"Time of Use, General Service, Demand Metered, Option D: GS-2 TOU D, Single Phase (Under 2 kV)",Southern California Edison Co,6750aa0dd14cc47b5e0a06c3,"Time of Use, General Service, Demand Metered, Option D: GS-2 TOU D, Single Phase (Under 2 kV)",2024-10-01 06:00:00+00:00,2023-10-01 07:00:00+00:00,,,,,,,False,0.999315537303217,excluded,only 1.0 years of history in the source data (need 10) — the earlier version this would compare against either doesn't exist yet or its supersedes chain doesn't reach back that far in this dataset
6523422635ea96594202737a,"Time of Use, General Service, Demand Metered, Option D: GS-2 TOU D, Three Phase (2kV - 50kV)",Southern California Edison Co,6750c28ceac17d322509139c,"Time of Use, General Service, Demand Metered, Option D: GS-2 TOU D, Three Phase (2kV - 50kV)",2024-10-01 06:00:00+00:00,2023-10-01 07:00:00+00:00,,,,,,,False,0.999315537303217,excluded,only 1.0 years of history in the source data (need 10) — the earlier version this would compare against either doesn't exist yet or its supersedes chain doesn't reach back that far in this dataset
6523461c4b70fe465d04d41a,"Time of Use, General Service, Demand Metered, Option D: GS-2 TOU D, Single Phase (2kV - 50kV)",Southern California Edison Co,6750aa14d14cc47b5e0a06c4,"Time of Use, General Service, Demand Metered, Option D: GS-2 TOU D, Single Phase (2kV - 50kV)",2024-10-01 06:00:00+00:00,2023-10-01 07:00:00+00:00,,,,,,,False,0.999315537303217,excluded,only 1.0 years of history in the source data (need 10) — the earlier version this would compare against either doesn't exist yet or its supersedes chain doesn't reach back that far in this dataset
65234793368a230fb30dd5fa,"Time of Use, General Service, Demand Metered, Option D: GS-2 TOU D, Three Phase (50kV - 220kV)",Southern California Edison Co,6750c291eac17d322509139d,"Time of Use, General Service, Demand Metered, Option D: GS-2 TOU D, Three Phase (50kV - 220kV)",2024-10-01 06:00:00+00:00,2023-10-01 07:00:00+00:00,,,,,,,False,0.999315537303217,excluded,only 1.0 years of history in the source data (need 10) — the earlier version this would compare against either doesn't exist yet or its supersedes chain doesn't reach back that far in this dataset
65234810e78b0124280a51ce,"Time of Use, General Service, Demand Metered, Option D: GS-2 TOU D, Single Phase (50kV - 220kV)",Southern California Edison Co,6750aa190d922391870e1fc5,"Time of Use, General Service, Demand Metered, Option D: GS-2 TOU D, Single Phase (50kV - 220kV)",2024-10-01 06:00:00+00:00,2023-10-01 07:00:00+00:00,,,,,,,False,0.999315537303217,excluded,only 1.0 years of history in the source data (need 10) — the earlier version this would compare against either doesn't exist yet or its supersedes chain doesn't reach back that far in this dataset
652349497e3ca47f670ea03d,"Time of Use, General Service, Demand Metered, Option D: GS-2 TOU D, Three Phase (At 220kV)",Southern California Edison Co,6750c297eac17d322509139e,"Time of Use, General Service, Demand Metered, Option D: GS-2 TOU D, Three Phase (At 220kV)",2024-10-01 06:00:00+00:00,2023-10-01 07:00:00+00:00,,,,,,,False,0.999315537303217,excluded,only 1.0 years of history in the source data (need 10) — the earlier version this would compare against either doesn't exist yet or its supersedes chain doesn't reach back that far in this dataset
6523498fe78b0124280a51cf,"Time of Use, General Service, Demand Metered, Option D: GS-2 TOU D, Single Phase (At 220kV)",Southern California Edison Co,6750aa1f0d922391870e1fc6,"Time of Use, General Service, Demand Metered, Option D: GS-2 TOU D, Single Phase (At 220kV)",2024-10-01 06:00:00+00:00,2023-10-01 07:00:00+00:00,,,,,,,False,0.999315537303217,excluded,only 1.0 years of history in the source data (need 10) — the earlier version this would compare against either doesn't exist yet or its supersedes chain doesn't reach back that far in this dataset
652437c74a37bbdf8701e161,"Time-of-use - General Service - Demand Metered: TOU-GS-3, Option E (2kV - 50 kV)",Southern California Edison Co,674f8a77b32d2bb19d0970bc,"Time-of-use - General Service - Demand Metered: TOU-GS-3, Option E (2kV - 50 kV)",2024-10-01 06:00:00+00:00,2023-10-01 07:00:00+00:00,,,,,,,False,0.999315537303217,excluded,only 1.0 years of history in the source data (need 10) — the earlier version this would compare against either doesn't exist yet or its supersedes chain doesn't reach back that far in this dataset
6524388b35ea965942027381,"Time-of-use - General Service - Demand Metered: TOU-GS-3, Option E (50kV - 220kV)",Southern California Edison Co,674f8a7dccc90ff8a0010abb,"Time-of-use - General Service - Demand Metered: TOU-GS-3, Option E (50kV - 220kV)",2024-10-01 06:00:00+00:00,2023-10-01 07:00:00+00:00,,,,,,,False,0.999315537303217,excluded,only 1.0 years of history in the source data (need 10) — the earlier version this would compare against either doesn't exist yet or its supersedes chain doesn't reach back that far in this dataset
6524394e35ea965942027382,"Time-of-use - General Service - Demand Metered: TOU-GS-3, Option E (At 220kV)",Southern California Edison Co,674f8a83214bbf97c605cabf,"Time-of-use - General Service - Demand Metered: TOU-GS-3, Option E (At 220kV)",2024-10-01 06:00:00+00:00,2023-10-01 07:00:00+00:00,,,,,,,False,0.999315537303217,excluded,only 1.0 years of history in the source data (need 10) — the earlier version this would compare against either doesn't exist yet or its supersedes chain doesn't reach back that far in this dataset
65244b235b49d073190b24f1,"Time-of-use - General Service - Demand Metered: TOU-GS-3, Option D (2kV - 50kV)",Southern California Edison Co,674f7274ee1ae368ed02c31b,"Time-of-use - General Service - Demand Metered: TOU-GS-3, Option D (2kV - 50kV)",2024-10-01 06:00:00+00:00,2023-10-01 07:00:00+00:00,,,,,,,False,0.999315537303217,excluded,only 1.0 years of history in the source data (need 10) — the earlier version this would compare against either doesn't exist yet or its supersedes chain doesn't reach back that far in this dataset
65244bad3b1af57a05062521,"Time-of-use - General Service - Demand Metered: TOU-GS-3, Option D (50kV - 220kV)",Southern California Edison Co,674f727ab32d2bb19d0970ba,"Time-of-use - General Service - Demand Metered: TOU-GS-3, Option D (50kV - 220kV)",2024-10-01 06:00:00+00:00,2023-10-01 07:00:00+00:00,,,,,,,False,0.999315537303217,excluded,only 1.0 years of history in the source data (need 10) — the earlier version this would compare against either doesn't exist yet or its supersedes chain doesn't reach back that far in this dataset
65244de07e3ca47f670ea03e,"Time-of-use - General Service - Demand Metered: TOU-GS-3, Option D (At 220kV)",Southern California Edison Co,674f7280b32d2bb19d0970bb,"Time-of-use - General Service - Demand Metered: TOU-GS-3, Option D (At 220kV)",2024-10-01 06:00:00+00:00,2023-10-01 07:00:00+00:00,,,,,,,False,0.999315537303217,excluded,only 1.0 years of history in the source data (need 10) — the earlier version this would compare against either doesn't exist yet or its supersedes chain doesn't reach back that far in this dataset
65246700db8e2d490805b420,"Time-Of-Use - General Service - Large: TOU-8, Option D (2 kV - 50 kV)",Southern California Edison Co,674e0b8e201c6bd096007a5b,"Time-Of-Use - General Service - Large: TOU-8, Option D (2 kV - 50 kV)",2024-10-01 06:00:00+00:00,2023-10-01 07:00:00+00:00,,,,,,,False,0.999315537303217,excluded,only 1.0 years of history in the source data (need 10) — the earlier version this would compare against either doesn't exist yet or its supersedes chain doesn't reach back that far in this dataset
6524689a4a37bbdf8701e162,"Time-Of-Use - General Service - Large: TOU-8, Option D (50 kV - 220 kV)",Southern California Edison Co,674e0b94201c6bd096007a5c,"Time-Of-Use - General Service - Large: TOU-8, Option D (50 kV - 220 kV)",2024-10-01 06:00:00+00:00,2023-10-01 07:00:00+00:00,,,,,,,False,0.999315537303217,excluded,only 1.0 years of history in the source data (need 10) — the earlier version this would compare against either doesn't exist yet or its supersedes chain doesn't reach back that far in this dataset
65246a84e78b0124280a51d4,"Time-Of-Use - General Service - Large: TOU-8, Option D (At 220 kV)",Southern California Edison Co,674e0ba5cb5e5735470da4ce,"Time-Of-Use - General Service - Large: TOU-8, Option D (At 220 kV)",2024-10-01 06:00:00+00:00,2023-10-01 07:00:00+00:00,,,,,,,False,0.999315537303217,excluded,only 1.0 years of history in the source data (need 10) — the earlier version this would compare against either doesn't exist yet or its supersedes chain doesn't reach back that far in this dataset
6524778935ea965942027383,"Time-Of-Use - General Service - Large: TOU-8, Option E (2 kV - 50 kV)",Southern California Edison Co,674f8015214bbf97c605cabe,"Time-Of-Use - General Service - Large: TOU-8, Option E (2 kV - 50 kV)",2024-10-01 06:00:00+00:00,2023-10-01 07:00:00+00:00,,,,,,,False,0.999315537303217,excluded,only 1.0 years of history in the source data (need 10) — the earlier version this would compare against either doesn't exist yet or its supersedes chain doesn't reach back that far in this dataset
65247a145b49d073190b24f2,"Time-Of-Use - General Service - Large: TOU-8, Option E (50 kV - 220 kV)",Southern California Edison Co,674f801e0d922391870e1fc4,"Time-Of-Use - General Service - Large: TOU-8, Option E (50 kV - 220 kV)",2024-10-01 06:00:00+00:00,2023-10-01 07:00:00+00:00,,,,,,,False,0.999315537303217,excluded,only 1.0 years of history in the source data (need 10) — the earlier version this would compare against either doesn't exist yet or its supersedes chain doesn't reach back that far in this dataset
65247d01142fb09cfc017553,"Time-Of-Use - General Service - Large: TOU-8, Option E (At 220 kV)",Southern California Edison Co,674f80278eb34159210ca429,"Time-Of-Use - General Service - Large: TOU-8, Option E (At 220 kV)",2024-10-01 06:00:00+00:00,2023-10-01 07:00:00+00:00,,,,,,,False,0.999315537303217,excluded,only 1.0 years of history in the source data (need 10) — the earlier version this would compare against either doesn't exist yet or its supersedes chain doesn't reach back that far in this dataset
65248aec4a37bbdf8701e164,"Time-Of-Use - General Service - Large: TOU-8, Option B (At 220kV)",Southern California Edison Co,674f36ccd1b9875c3d07cd2c,"Time-Of-Use - General Service - Large: TOU-8, Option B (At 220kV)",2024-10-01 06:00:00+00:00,2023-10-01 07:00:00+00:00,,,,,,,False,0.999315537303217,excluded,only 1.0 years of history in the source data (need 10) — the earlier version this would compare against either doesn't exist yet or its supersedes chain doesn't reach back that far in this dataset
652493c64a37bbdf8701e165,"Time-Of-Use - General Service - Large: TOU-8, Option R (At 220kV)",Southern California Edison Co,674f6d3180c9462cbe02055c,"Time-Of-Use - General Service - Large: TOU-8, Option R (At 220kV)",2024-10-01 06:00:00+00:00,2023-10-01 07:00:00+00:00,,,,,,,False,0.999315537303217,excluded,only 1.0 years of history in the source data (need 10) — the earlier version this would compare against either doesn't exist yet or its supersedes chain doesn't reach back that far in this dataset
652ee687b2e5059d2c0aa14d,"TOU General Service, Non Demand, Option E: GS-1 TOU E, Single Phase (Under 2 kV)",Southern California Edison Co,66cf3c7a0a8ca1f3a30f7cea,"TOU General Service, Non Demand, Option E: GS-1 TOU E, Single Phase (Under 2 kV)",2024-06-01 07:00:00+00:00,2023-10-01 07:00:00+00:00,,,,,,,False,0.6680355920602327,excluded,only 0.7 years of history in the source data (need 10) — the earlier version this would compare against either doesn't exist yet or its supersedes chain doesn't reach back that far in this dataset
652ee871a11be1be82060dae,"TOU General Service, Non Demand, Option E: GS-1 TOU E, Three Phase (Under 2 kV)",Southern California Edison Co,66cf3c83902a5d331c0d6cba,"TOU General Service, Non Demand, Option E: GS-1 TOU E, Three Phase (Under 2 kV)",2024-06-01 07:00:00+00:00,2023-10-01 07:00:00+00:00,,,,,,,False,0.6680355920602327,excluded,only 0.7 years of history in the source data (need 10) — the earlier version this would compare against either doesn't exist yet or its supersedes chain doesn't reach back that far in this dataset
652ee9174154d1b3ba095a6f,"TOU General Service, Non Demand, Option E: GS-1 TOU E, Single Phase (2 kV-50kV)",Southern California Edison Co,66cf4caf23e74d95560c24fc,"TOU General Service, Non Demand, Option E: GS-1 TOU E, Single Phase (2 kV-50kV)",2024-06-01 07:00:00+00:00,2023-10-01 07:00:00+00:00,,,,,,,False,0.6680355920602327,excluded,only 0.7 years of history in the source data (need 10) — the earlier version this would compare against either doesn't exist yet or its supersedes chain doesn't reach back that far in this dataset
652ee99ca11be1be82060daf,"TOU General Service, Non Demand, Option E: GS-1 TOU E, Three Phase (2 kV-50kV)",Southern California Edison Co,66cf4cb623e74d95560c24fd,"TOU General Service, Non Demand, Option E: GS-1 TOU E, Three Phase (2 kV-50kV)",2024-06-01 07:00:00+00:00,2023-10-01 07:00:00+00:00,,,,,,,False,0.6680355920602327,excluded,only 0.7 years of history in the source data (need 10) — the earlier version this would compare against either doesn't exist yet or its supersedes chain doesn't reach back that far in this dataset
652f1ea5cb43e728cc0155ce,"TOU General Service, Non Demand, Option E: GS-1 TOU E, Single Phase (50kV-220kV)",Southern California Edison Co,66cf4f689d76c421fa068f3b,"TOU General Service, Non Demand, Option E: GS-1 TOU E, Single Phase (50kV-220kV)",2024-06-01 07:00:00+00:00,2023-10-01 07:00:00+00:00,,,,,,,False,0.6680355920602327,excluded,only 0.7 years of history in the source data (need 10) — the earlier version this would compare against either doesn't exist yet or its supersedes chain doesn't reach back that far in this dataset
652f1f108e4fb93294052fcf,"TOU General Service, Non Demand, Option E: GS-1 TOU E, Three Phase (50kV-220kV)",Southern California Edison Co,66cf4f819d76c421fa068f3c,"TOU General Service, Non Demand, Option E: GS-1 TOU E, Three Phase (50kV-220kV)",2024-06-01 07:00:00+00:00,2023-10-01 07:00:00+00:00,,,,,,,False,0.6680355920602327,excluded,only 0.7 years of history in the source data (need 10) — the earlier version this would compare against either doesn't exist yet or its supersedes chain doesn't reach back that far in this dataset
652f1f36b2e5059d2c0aa150,"TOU General Service, Non Demand, Option E: GS-1 TOU E, Single Phase (At 220kV)",Southern California Edison Co,66cf4f8d9d76c421fa068f3d,"TOU General Service, Non Demand, Option E: GS-1 TOU E, Single Phase (At 220kV)",2024-06-01 07:00:00+00:00,2023-10-01 07:00:00+00:00,,,,,,,False,0.6680355920602327,excluded,only 0.7 years of history in the source data (need 10) — the earlier version this would compare against either doesn't exist yet or its supersedes chain doesn't reach back that far in this dataset
652f1f7d6a33f57d380f800e,"TOU General Service, Non Demand, Option E: GS-1 TOU E, Three Phase (At 220kV)",Southern California Edison Co,66cf4f97902a5d331c0d6cbd,"TOU General Service, Non Demand, Option E: GS-1 TOU E, Three Phase (At 220kV)",2024-06-01 07:00:00+00:00,2023-10-01 07:00:00+00:00,,,,,,,False,0.6680355920602327,excluded,only 0.7 years of history in the source data (need 10) — the earlier version this would compare against either doesn't exist yet or its supersedes chain doesn't reach back that far in this dataset
652f25f2a11be1be82060db2,"Time of Use, General Service, Demand Metered, Option D: GS-1 TOU D, Single Phase (Under 2 kV)",Southern California Edison Co,66cf54f6aed3b06f650595ea,"Time of Use, General Service, Demand Metered, Option D: GS-1 TOU D, Single Phase (Under 2 kV)",2024-06-01 07:00:00+00:00,2023-10-01 07:00:00+00:00,,,,,,,False,0.6680355920602327,excluded,only 0.7 years of history in the source data (need 10) — the earlier version this would compare against either doesn't exist yet or its supersedes chain doesn't reach back that far in this dataset
652f274fcb43e728cc0155cf,"Time of Use, General Service, Demand Metered, Option D: GS-1 TOU D, Three Phase (Under 2 kV)",Southern California Edison Co,66cf5500aed3b06f650595eb,"Time of Use, General Service, Demand Metered, Option D: GS-1 TOU D, Three Phase (Under 2 kV)",2024-06-01 07:00:00+00:00,2023-10-01 07:00:00+00:00,,,,,,,False,0.6680355920602327,excluded,only 0.7 years of history in the source data (need 10) — the earlier version this would compare against either doesn't exist yet or its supersedes chain doesn't reach back that far in this dataset
652f27f14154d1b3ba095a72,"Time of Use, General Service, Demand Metered, Option D: GS-1 TOU D, Single Phase (2 kV - 50kV)",Southern California Edison Co,66cf96cef6172d040c0ea5ca,"Time of Use, General Service, Demand Metered, Option D: GS-1 TOU D, Single Phase (2 kV - 50kV)",2024-06-01 07:00:00+00:00,2023-10-01 07:00:00+00:00,,,,,,,False,0.6680355920602327,excluded,only 0.7 years of history in the source data (need 10) — the earlier version this would compare against either doesn't exist yet or its supersedes chain doesn't reach back that far in this dataset
652f2865fee6dee2fe074701,"Time of Use, General Service, Demand Metered, Option D: GS-1 TOU D, Three Phase (2 kV - 50kV)",Southern California Edison Co,66cf96d9f6172d040c0ea5cb,"Time of Use, General Service, Demand Metered, Option D: GS-1 TOU D, Three Phase (2 kV - 50kV)",2024-06-01 07:00:00+00:00,2023-10-01 07:00:00+00:00,,,,,,,False,0.6680355920602327,excluded,only 0.7 years of history in the source data (need 10) — the earlier version this would compare against either doesn't exist yet or its supersedes chain doesn't reach back that far in this dataset
652f2a4a8e4fb93294052fd0,"Time of Use, General Service, Demand Metered, Option D: GS-1 TOU D, Single Phase (50kV-220kV)",Southern California Edison Co,66cf96e697248816a00db3ea,"Time of Use, General Service, Demand Metered, Option D: GS-1 TOU D, Single Phase (50kV-220kV)",2024-06-01 07:00:00+00:00,2023-10-01 07:00:00+00:00,,,,,,,False,0.6680355920602327,excluded,only 0.7 years of history in the source data (need 10) — the earlier version this would compare against either doesn't exist yet or its supersedes chain doesn't reach back that far in this dataset
652f2abc6a33f57d380f800f,"Time of Use, General Service, Demand Metered, Option D: GS-1 TOU D, Three Phase (50kV-220kV)",Southern California Edison Co,66cf96f697248816a00db3eb,"Time of Use, General Service, Demand Metered, Option D: GS-1 TOU D, Three Phase (50kV-220kV)",2024-06-01 07:00:00+00:00,2023-10-01 07:00:00+00:00,,,,,,,False,0.6680355920602327,excluded,only 0.7 years of history in the source data (need 10) — the earlier version this would compare against either doesn't exist yet or its supersedes chain doesn't reach back that far in this dataset
652f2afc6a33f57d380f8010,"Time of Use, General Service, Demand Metered, Option D: GS-1 TOU D, Single Phase (At 220kV)",Southern California Edison Co,66cf970097248816a00db3ec,"Time of Use, General Service, Demand Metered, Option D: GS-1 TOU D, Single Phase (At 220kV)",2024-06-01 07:00:00+00:00,2023-10-01 07:00:00+00:00,,,,,,,False,0.6680355920602327,excluded,only 0.7 years of history in the source data (need 10) — the earlier version this would compare against either doesn't exist yet or its supersedes chain doesn't reach back that far in this dataset
652f2b5e297b3d7e30057930,"Time of Use, General Service, Demand Metered, Option D: GS-1 TOU D, Three Phase (At 220kV)",Southern California Edison Co,66cf970bae22ed2cec0ecbea,"Time of Use, General Service, Demand Metered, Option D: GS-1 TOU D, Three Phase (At 220kV)",2024-06-01 07:00:00+00:00,2023-10-01 07:00:00+00:00,,,,,,,False,0.6680355920602327,excluded,only 0.7 years of history in the source data (need 10) — the earlier version this would compare against either doesn't exist yet or its supersedes chain doesn't reach back that far in this dataset
66d0f54053fce9ed17096f62,"TOU General Service, Non Demand, Option E-CPP: GS-1 TOU E, Single Phase (2 kV-50kV)",Southern California Edison Co,66d0f54053fce9ed17096f62,"TOU General Service, Non Demand, Option E-CPP: GS-1 TOU E, Single Phase (2 kV-50kV)",2024-06-01 07:00:00+00:00,2024-06-01 07:00:00+00:00,,,,,,,False,0.0,excluded,only 0.0 years of history in the source data (need 10) — the earlier version this would compare against either doesn't exist yet or its supersedes chain doesn't reach back that far in this dataset
66d0f55af72ca05a7c0a590d,"TOU General Service, Non Demand, Option E-CPP: GS-1 TOU E, Three Phase (2 kV-50kV)",Southern California Edison Co,66d0f55af72ca05a7c0a590d,"TOU General Service, Non Demand, Option E-CPP: GS-1 TOU E, Three Phase (2 kV-50kV)",2024-06-01 07:00:00+00:00,2024-06-01 07:00:00+00:00,,,,,,,False,0.0,excluded,only 0.0 years of history in the source data (need 10) — the earlier version this would compare against either doesn't exist yet or its supersedes chain doesn't reach back that far in this dataset
66d0f5a93b65a005370fc46f,"TOU General Service, Non Demand, Option E-CPP: GS-1 TOU E, Single Phase (50kV-220kV)",Southern California Edison Co,66d0f5a93b65a005370fc46f,"TOU General Service, Non Demand, Option E-CPP: GS-1 TOU E, Single Phase (50kV-220kV)",2024-06-01 07:00:00+00:00,2024-06-01 07:00:00+00:00,,,,,,,False,0.0,excluded,only 0.0 years of history in the source data (need 10) — the earlier version this would compare against either doesn't exist yet or its supersedes chain doesn't reach back that far in this dataset
66d0f5bbb1dea9bdd80eda9d,"TOU General Service, Non Demand, Option E-CPP: GS-1 TOU E, Three Phase (50kV-220kV)",Southern California Edison Co,66d0f5bbb1dea9bdd80eda9d,"TOU General Service, Non Demand, Option E-CPP: GS-1 TOU E, Three Phase (50kV-220kV)",2024-06-01 07:00:00+00:00,2024-06-01 07:00:00+00:00,,,,,,,False,0.0,excluded,only 0.0 years of history in the source data (need 10) — the earlier version this would compare against either doesn't exist yet or its supersedes chain doesn't reach back that far in this dataset
66d0f5e5f6172d040c0ea5d7,"TOU General Service, Non Demand, Option E-CPP: GS-1 TOU E, Three Phase (At 220kV)",Southern California Edison Co,66d0f5e5f6172d040c0ea5d7,"TOU General Service, Non Demand, Option E-CPP: GS-1 TOU E, Three Phase (At 220kV)",2024-06-01 07:00:00+00:00,2024-06-01 07:00:00+00:00,,,,,,,False,0.0,excluded,only 0.0 years of history in the source data (need 10) — the earlier version this would compare against either doesn't exist yet or its supersedes chain doesn't reach back that far in this dataset
674f6c988201c4c14c014860,"Time-Of-Use - General Service - Large: TOU-8, Option B-CPP (50kV - 220kV)",Southern California Edison Co,674f6c988201c4c14c014860,"Time-Of-Use - General Service - Large: TOU-8, Option B-CPP (50kV - 220kV)",,,,,,,,,False,,excluded,current version has no startdate
67509914ccc90ff8a0010abe,"Time-of-use - General Service - Demand Metered: TOU-GS-3, Option B-CPP (2kV-50kV)",Southern California Edison Co,67509914ccc90ff8a0010abe,"Time-of-use - General Service - Demand Metered: TOU-GS-3, Option B-CPP (2kV-50kV)",,,,,,,,,False,,excluded,current version has no startdate
6750d1db5c5c0755a50c09fc,"Time of Use, General Service, Demand Metered, Option D-CPP: GS-2 TOU D, Single Phase (At 220kV)",Southern California Edison Co,6750d1db5c5c0755a50c09fc,"Time of Use, General Service, Demand Metered, Option D-CPP: GS-2 TOU D, Single Phase (At 220kV)",2024-10-01 06:00:00+00:00,2024-10-01 06:00:00+00:00,,,,,,,False,0.0,excluded,only 0.0 years of history in the source data (need 10) — the earlier version this would compare against either doesn't exist yet or its supersedes chain doesn't reach back that far in this dataset
6750d3985c5c0755a50c09fd,"Time of Use, General Service, Demand Metered, Option D-CPP: GS-2 TOU D, Three Phase (50kV - 220kV)",Southern California Edison Co,6750d3985c5c0755a50c09fd,"Time of Use, General Service, Demand Metered, Option D-CPP: GS-2 TOU D, Three Phase (50kV - 220kV)",2024-10-01 06:00:00+00:00,2024-10-01 06:00:00+00:00,,,,,,,False,0.0,excluded,only 0.0 years of history in the source data (need 10) — the earlier version this would compare against either doesn't exist yet or its supersedes chain doesn't reach back that far in this dataset
6750d57dd14cc47b5e0a06c5,"Time of Use, General Service, Demand Metered, Option D-CPP: GS-2 TOU D, Three Phase (Under 2 kV)",Southern California Edison Co,6750d57dd14cc47b5e0a06c5,"Time of Use, General Service, Demand Metered, Option D-CPP: GS-2 TOU D, Three Phase (Under 2 kV)",2024-10-01 06:00:00+00:00,2024-10-01 06:00:00+00:00,,,,,,,False,0.0,excluded,only 0.0 years of history in the source data (need 10) — the earlier version this would compare against either doesn't exist yet or its supersedes chain doesn't reach back that far in this dataset
6758cc20351b8aafcb0edecf,B-20 Maximum demand of 1000KW or more Option R (Primary),Pacific Gas & Electric Co,69de95e32aa9e9994f0ed2bf,B-20 Maximum demand of 1000KW or more Option R (Primary),2026-03-27 07:00:00+00:00,2024-10-01 06:00:00+00:00,,,,,,,False,1.483915126625599,excluded,only 1.5 years of history in the source data (need 10) — the earlier version this would compare against either doesn't exist yet or its supersedes chain doesn't reach back that far in this dataset
6758cc5505f81a871b0078bb,B-20 Maximum demand of 1000KW or more Option R (Transmission)),Pacific Gas & Electric Co,69de95e8c3f455511f0635a1,B-20 Maximum demand of 1000KW or more Option R (Transmission)),2026-03-27 07:00:00+00:00,2024-10-01 06:00:00+00:00,,,,,,,False,1.483915126625599,excluded,only 1.5 years of history in the source data (need 10) — the earlier version this would compare against either doesn't exist yet or its supersedes chain doesn't reach back that far in this dataset
6772f38b5661c61bc50fcf8e,AL-TOU Transmission (Above 500 KW),San Diego Gas & Electric Co,6772f38b5661c61bc50fcf8e,AL-TOU Transmission (Above 500 KW),2024-10-01 06:00:00+00:00,2024-10-01 06:00:00+00:00,,,,,,,False,0.0,excluded,only 0.0 years of history in the source data (need 10) — the earlier version this would compare against either doesn't exist yet or its supersedes chain doesn't reach back that far in this dataset
67731329b5f9d561220ececf,AL-TOU Secondary Substation (Above 12 MW),San Diego Gas & Electric Co,67731329b5f9d561220ececf,AL-TOU Secondary Substation (Above 12 MW),2024-10-01 06:00:00+00:00,2024-10-01 06:00:00+00:00,,,,,,,False,0.0,excluded,only 0.0 years of history in the source data (need 10) — the earlier version this would compare against either doesn't exist yet or its supersedes chain doesn't reach back that far in this dataset
67731518926bc4d61805abdb,AL-TOU Primary Substation (Above 12MW),San Diego Gas & Electric Co,67731518926bc4d61805abdb,AL-TOU Primary Substation (Above 12MW),2024-10-01 06:00:00+00:00,2024-10-01 06:00:00+00:00,,,,,,,False,0.0,excluded,only 0.0 years of history in the source data (need 10) — the earlier version this would compare against either doesn't exist yet or its supersedes chain doesn't reach back that far in this dataset
69de7fd257e73279b70d783d,E-19 Medium General Demand TOU (Primary),Pacific Gas & Electric Co,69de7fd257e73279b70d783d,E-19 Medium General Demand TOU (Primary),2024-10-01 07:00:00+00:00,2024-10-01 07:00:00+00:00,,,,,,,False,0.0,excluded,only 0.0 years of history in the source data (need 10) — the earlier version this would compare against either doesn't exist yet or its supersedes chain doesn't reach back that far in this dataset
69de91d7a6e15ebd62035b3f,B-19 Medium General Demand TOU Option R (Secondary) Voluntary,Pacific Gas & Electric Co,69de91d7a6e15ebd62035b3f,B-19 Medium General Demand TOU Option R (Secondary) Voluntary,2026-03-27 07:00:00+00:00,2026-03-27 07:00:00+00:00,,,,,,,False,0.0,excluded,only 0.0 years of history in the source data (need 10) — the earlier version this would compare against either doesn't exist yet or its supersedes chain doesn't reach back that far in this dataset
69de91effef8e27e5706661d,B-19 Medium General Demand TOU Option R (Primary) Mandatory,Pacific Gas & Electric Co,69de91effef8e27e5706661d,B-19 Medium General Demand TOU Option R (Primary) Mandatory,2026-03-27 07:00:00+00:00,2026-03-27 07:00:00+00:00,,,,,,,False,0.0,excluded,only 0.0 years of history in the source data (need 10) — the earlier version this would compare against either doesn't exist yet or its supersedes chain doesn't reach back that far in this dataset
69de9241edea9919e60bad90,B-19 Medium General Demand TOU Option R (Primary) Voluntary,Pacific Gas & Electric Co,69de9241edea9919e60bad90,B-19 Medium General Demand TOU Option R (Primary) Voluntary,2026-03-27 07:00:00+00:00,2026-03-27 07:00:00+00:00,,,,,,,False,0.0,excluded,only 0.0 years of history in the source data (need 10) — the earlier version this would compare against either doesn't exist yet or its supersedes chain doesn't reach back that far in this dataset
69de92556d1ebb0263094f0e,B-19 Medium General Demand TOU Option R (Transmission) Mandatory,Pacific Gas & Electric Co,69de92556d1ebb0263094f0e,B-19 Medium General Demand TOU Option R (Transmission) Mandatory,2026-03-27 07:00:00+00:00,2026-03-27 07:00:00+00:00,,,,,,,False,0.0,excluded,only 0.0 years of history in the source data (need 10) — the earlier version this would compare against either doesn't exist yet or its supersedes chain doesn't reach back that far in this dataset
69de929a406310365e0f080f,B-19 Medium General Demand TOU Option R (Transmission) Voluntary,Pacific Gas & Electric Co,69de929a406310365e0f080f,B-19 Medium General Demand TOU Option R (Transmission) Voluntary,2026-03-27 07:00:00+00:00,2026-03-27 07:00:00+00:00,,,,,,,False,0.0,excluded,only 0.0 years of history in the source data (need 10) — the earlier version this would compare against either doesn't exist yet or its supersedes chain doesn't reach back that far in this dataset
69eb9eca66336168ef040620,Primary Service A-2 (A),Los Angeles Department of Water & Power,69eb9eca66336168ef040620,Primary Service A-2 (A),2026-04-01 07:00:00+00:00,2026-04-01 07:00:00+00:00,,,,,,,False,0.0,excluded,only 0.0 years of history in the source data (need 10) — the earlier version this would compare against either doesn't exist yet or its supersedes chain doesn't reach back that far in this dataset
69eb9faff508b2c18d0af791,Subtransmission Service A-3 (B),Los Angeles Department of Water & Power,69eb9faff508b2c18d0af791,Subtransmission Service A-3 (B),2026-04-01 07:00:00+00:00,2026-04-01 07:00:00+00:00,,,,,,,False,0.0,excluded,only 0.0 years of history in the source data (need 10) — the earlier version this would compare against either doesn't exist yet or its supersedes chain doesn't reach back that far in this dataset
69eba16c1f9c67b6af0a216f,Customer Generation Primary Service (4.8kV) CG-2C,Los Angeles Department of Water & Power,69eba16c1f9c67b6af0a216f,Customer Generation Primary Service (4.8kV) CG-2C,2026-04-01 07:00:00+00:00,2026-04-01 07:00:00+00:00,,,,,,,False,0.0,excluded,only 0.0 years of history in the source data (need 10) — the earlier version this would compare against either doesn't exist yet or its supersedes chain doesn't reach back that far in this dataset
